timestamp,open,high,low,close,volume,datetime
1609455600000,1.5133,1.5212,1.4906,1.5073,89317.3,2020-12-31 23:00:00
1609459200000,1.5088,1.5442,1.499,1.5442,56894.22,2021-01-01 00:00:00
1609462800000,1.5442,1.61,1.5322,1.5734,256745.01,2021-01-01 01:00:00
1609466400000,1.5744,1.5908,1.5705,1.5872,53278.27,2021-01-01 02:00:00
1609470000000,1.5872,1.6057,1.5822,1.6029,36968.0,2021-01-01 03:00:00
1609473600000,1.6029,1.6082,1.589,1.6022,46602.17,2021-01-01 04:00:00
1609477200000,1.6028,1.6184,1.5824,1.6028,126437.05,2021-01-01 05:00:00
1609480800000,1.6028,1.632,1.6028,1.6261,173511.78,2021-01-01 06:00:00
1609484400000,1.6279,1.641,1.6129,1.6196,128387.39,2021-01-01 07:00:00
1609488000000,1.6183,1.6191,1.5701,1.605,69466.55,2021-01-01 08:00:00
1609491600000,1.6071,1.6197,1.5737,1.5783,72983.37,2021-01-01 09:00:00
1609495200000,1.5778,1.649,1.5759,1.633,179587.53,2021-01-01 10:00:00
1609498800000,1.632,1.637,1.6062,1.6272,136686.82,2021-01-01 11:00:00
1609502400000,1.6275,1.6449,1.5873,1.5996,258836.1,2021-01-01 12:00:00
1609506000000,1.5981,1.6133,1.5808,1.6027,115773.85,2021-01-01 13:00:00
1609509600000,1.6013,1.6467,1.5927,1.642,120772.56,2021-01-01 14:00:00
1609513200000,1.6424,1.6579,1.624,1.6463,156363.42,2021-01-01 15:00:00
1609516800000,1.6478,1.6749,1.6238,1.6562,145366.46,2021-01-01 16:00:00
1609520400000,1.6562,1.7335,1.6155,1.6757,309085.65,2021-01-01 17:00:00
1609524000000,1.6779,1.8327,1.6594,1.7569,730252.34,2021-01-01 18:00:00
1609527600000,1.7537,1.8121,1.7142,1.7256,373373.75,2021-01-01 19:00:00
1609531200000,1.726,1.8161,1.7142,1.7686,288512.15,2021-01-01 20:00:00
1609534800000,1.768,1.7785,1.7236,1.7648,222659.23,2021-01-01 21:00:00
1609538400000,1.7648,1.8111,1.7619,1.8038,115000.37,2021-01-01 22:00:00
1609542000000,1.807,1.86,1.7857,1.8421,248447.41,2021-01-01 23:00:00
1609545600000,1.8421,1.8495,1.7244,1.7783,421349.99,2021-01-02 00:00:00
1609549200000,1.7783,1.8589,1.7367,1.8478,317796.13,2021-01-02 01:00:00
1609552800000,1.8479,1.9019,1.8102,1.8158,349657.04,2021-01-02 02:00:00
1609556400000,1.8158,1.9071,1.8078,1.8614,221658.2,2021-01-02 03:00:00
1609560000000,1.8632,1.8633,1.8189,1.8356,109344.14,2021-01-02 04:00:00
1609563600000,1.8314,1.8412,1.786,1.7928,161835.74,2021-01-02 05:00:00
1609567200000,1.7911,1.815,1.7631,1.7661,171755.54,2021-01-02 06:00:00
1609570800000,1.7676,1.7875,1.7453,1.7523,175846.55,2021-01-02 07:00:00
1609574400000,1.7526,1.7859,1.7455,1.7591,196198.3,2021-01-02 08:00:00
1609578000000,1.7623,1.7954,1.7214,1.7215,192869.87,2021-01-02 09:00:00
1609581600000,1.7215,1.7725,1.7158,1.7435,117203.03,2021-01-02 10:00:00
1609585200000,1.7483,1.778,1.7441,1.7655,97707.34,2021-01-02 11:00:00
1609588800000,1.7638,1.8147,1.7116,1.8053,306678.48,2021-01-02 12:00:00
1609592400000,1.8051,1.8553,1.7796,1.7955,320485.03,2021-01-02 13:00:00
1609596000000,1.7979,1.8016,1.7443,1.776,130162.15,2021-01-02 14:00:00
1609599600000,1.7765,1.8004,1.7516,1.7793,88193.4,2021-01-02 15:00:00
1609603200000,1.7799,1.8166,1.75,1.8011,140612.81,2021-01-02 16:00:00
1609606800000,1.8041,1.9212,1.803,1.9206,277601.34,2021-01-02 17:00:00
1609610400000,1.9206,2.0,1.872,1.8907,613344.15,2021-01-02 18:00:00
1609614000000,1.8959,1.9292,1.8665,1.9176,120533.42,2021-01-02 19:00:00
1609617600000,1.9188,1.9205,1.7595,1.7732,353467.56,2021-01-02 20:00:00
1609621200000,1.7732,1.8328,1.7508,1.8215,151401.93,2021-01-02 21:00:00
1609624800000,1.8208,1.8208,1.78,1.8048,103685.64,2021-01-02 22:00:00
1609628400000,1.8027,1.8211,1.765,1.7999,114431.84,2021-01-02 23:00:00
1609632000000,1.7998,1.8299,1.7973,1.8088,75115.66,2021-01-03 00:00:00
1609635600000,1.8049,1.8489,1.8009,1.8053,49832.71,2021-01-03 01:00:00
1609639200000,1.8075,1.9339,1.8005,1.9223,198065.94,2021-01-03 02:00:00
1609642800000,1.9215,1.95,1.8803,1.9462,209867.59,2021-01-03 03:00:00
1609646400000,1.9467,1.98,1.9143,1.9674,259611.34,2021-01-03 04:00:00
1609650000000,1.9656,1.9819,1.9349,1.9636,189076.16,2021-01-03 05:00:00
1609653600000,1.9618,2.1,1.9609,2.0818,401888.39,2021-01-03 06:00:00
1609657200000,2.0821,2.1,2.0426,2.0709,190686.91,2021-01-03 07:00:00
1609660800000,2.0662,2.277,2.0642,2.2303,831623.58,2021-01-03 08:00:00
1609664400000,2.2307,2.3,2.1358,2.1556,760306.9,2021-01-03 09:00:00
1609668000000,2.1566,2.26,2.1374,2.22,253010.93,2021-01-03 10:00:00
1609671600000,2.22,2.38,2.2114,2.2657,626315.87,2021-01-03 11:00:00
1609675200000,2.2657,2.3384,2.2353,2.2465,309760.1,2021-01-03 12:00:00
1609678800000,2.2465,2.259,2.077,2.0952,731383.7,2021-01-03 13:00:00
1609682400000,2.0945,2.121,1.9989,2.062,693208.33,2021-01-03 14:00:00
1609686000000,2.062,2.1,1.9893,2.0742,297644.25,2021-01-03 15:00:00
1609689600000,2.074,2.1107,1.9623,1.9785,397616.0,2021-01-03 16:00:00
1609693200000,1.9745,2.006,1.8938,1.9699,518889.23,2021-01-03 17:00:00
1609696800000,1.9699,2.0019,1.9439,1.9951,163154.65,2021-01-03 18:00:00
1609700400000,1.9951,2.0,1.95,1.9638,133944.41,2021-01-03 19:00:00
1609704000000,1.9638,2.0106,1.9472,2.009,129706.4,2021-01-03 20:00:00
1609707600000,2.0053,2.0587,1.9983,2.0212,213434.51,2021-01-03 21:00:00
1609711200000,2.0221,2.0807,2.0019,2.0757,178703.9,2021-01-03 22:00:00
1609714800000,2.076,2.185,2.065,2.1779,505493.67,2021-01-03 23:00:00
1609718400000,2.1789,2.27,2.1,2.2241,530831.75,2021-01-04 00:00:00
1609722000000,2.2209,2.32,2.16,2.2977,365148.12,2021-01-04 01:00:00
1609725600000,2.3033,2.4,2.27,2.311,607252.24,2021-01-04 02:00:00
1609729200000,2.3108,2.3449,2.2626,2.3094,194342.32,2021-01-04 03:00:00
1609732800000,2.309,2.3497,2.2428,2.3427,164743.0,2021-01-04 04:00:00
1609736400000,2.3335,2.3425,2.27,2.2809,135472.88,2021-01-04 05:00:00
1609740000000,2.279,2.3758,2.2483,2.2537,179150.98,2021-01-04 06:00:00
1609743600000,2.2584,2.348,2.0827,2.1168,506212.93,2021-01-04 07:00:00
1609747200000,2.1153,2.2138,2.0,2.0665,580942.65,2021-01-04 08:00:00
1609750800000,2.0666,2.1242,1.9061,2.0197,494200.33,2021-01-04 09:00:00
1609754400000,2.0219,2.065,1.86,2.0341,456192.96,2021-01-04 10:00:00
1609758000000,2.0255,2.0582,1.9411,2.0429,222417.11,2021-01-04 11:00:00
1609761600000,2.0429,2.1998,2.0198,2.1214,318165.13,2021-01-04 12:00:00
1609765200000,2.1188,2.1777,2.06,2.1488,183938.39,2021-01-04 13:00:00
1609768800000,2.1523,2.2675,2.1165,2.2472,252178.25,2021-01-04 14:00:00
1609772400000,2.2473,2.3478,2.2103,2.2786,334886.76,2021-01-04 15:00:00
1609776000000,2.2757,2.2877,2.1179,2.1767,231338.65,2021-01-04 16:00:00
1609779600000,2.1848,2.3,2.1539,2.2008,185427.08,2021-01-04 17:00:00
1609783200000,2.202,2.3105,2.2019,2.232,252284.2,2021-01-04 18:00:00
1609786800000,2.2369,2.45,2.2314,2.4397,348968.15,2021-01-04 19:00:00
1609790400000,2.4397,2.4608,2.2801,2.2817,489452.47,2021-01-04 20:00:00
1609794000000,2.2817,2.3246,2.18,2.2302,311022.79,2021-01-04 21:00:00
1609797600000,2.2303,2.4494,2.225,2.4263,192249.43,2021-01-04 22:00:00
1609801200000,2.4293,2.4989,2.3864,2.4909,263996.23,2021-01-04 23:00:00
1609804800000,2.4911,2.5093,2.374,2.4221,300739.72,2021-01-05 00:00:00
1609808400000,2.4235,2.4718,2.3602,2.4718,208733.35,2021-01-05 01:00:00
1609812000000,2.4718,2.494,2.3121,2.3524,326088.8,2021-01-05 02:00:00
1609815600000,2.3552,2.3948,2.1673,2.1927,449300.34,2021-01-05 03:00:00
1609819200000,2.1927,2.257,2.15,2.2077,510000.0,2021-01-05 04:00:00
1609822800000,2.2079,2.2548,2.0817,2.1034,376139.22,2021-01-05 05:00:00
1609826400000,2.1,2.2301,2.0621,2.2132,321348.21,2021-01-05 06:00:00
1609830000000,2.2127,2.2406,2.1663,2.1864,211350.34,2021-01-05 07:00:00
1609833600000,2.1867,2.2678,2.1696,2.2673,126146.99,2021-01-05 08:00:00
1609837200000,2.2677,2.3245,2.2555,2.2922,162565.13,2021-01-05 09:00:00
1609840800000,2.2922,2.3349,2.2482,2.3002,147608.1,2021-01-05 10:00:00
1609844400000,2.3008,2.3977,2.2664,2.384,212824.27,2021-01-05 11:00:00
1609848000000,2.3882,2.4096,2.3233,2.3506,226440.28,2021-01-05 12:00:00
1609851600000,2.356,2.3912,2.2036,2.206,335170.42,2021-01-05 13:00:00
1609855200000,2.2109,2.2974,2.1502,2.27,397623.93,2021-01-05 14:00:00
1609858800000,2.27,2.2849,2.1888,2.1948,296375.97,2021-01-05 15:00:00
1609862400000,2.1948,2.2991,2.1714,2.2719,275189.1,2021-01-05 16:00:00
1609866000000,2.273,2.3124,2.2136,2.3013,252726.76,2021-01-05 17:00:00
1609869600000,2.3017,2.3473,2.2656,2.2831,156419.2,2021-01-05 18:00:00
1609873200000,2.2781,2.2954,2.2128,2.2341,185022.99,2021-01-05 19:00:00
1609876800000,2.2385,2.2591,2.1872,2.2311,279516.95,2021-01-05 20:00:00
1609880400000,2.2296,2.2407,2.19,2.197,227514.99,2021-01-05 21:00:00
1609884000000,2.1964,2.2398,2.1627,2.1928,314935.78,2021-01-05 22:00:00
1609887600000,2.1961,2.2051,2.1104,2.1636,402226.15,2021-01-05 23:00:00
1609891200000,2.1636,2.1761,2.0587,2.0676,353818.1,2021-01-06 00:00:00
1609894800000,2.0676,2.1452,2.0523,2.0801,274780.57,2021-01-06 01:00:00
1609898400000,2.0801,2.0933,2.0473,2.0712,263187.35,2021-01-06 02:00:00
1609902000000,2.0757,2.0808,1.9692,1.9893,527521.3,2021-01-06 03:00:00
1609905600000,1.9893,2.0681,1.9636,2.0296,418921.11,2021-01-06 04:00:00
1609909200000,2.0341,2.0601,1.9921,1.994,300827.08,2021-01-06 05:00:00
1609912800000,1.9941,2.0061,1.9345,1.9897,371396.43,2021-01-06 06:00:00
1609916400000,1.9897,2.0197,1.9766,2.0192,442410.61,2021-01-06 07:00:00
1609920000000,2.0165,2.0347,1.9734,2.0287,421169.52,2021-01-06 08:00:00
1609923600000,2.0262,2.0385,1.995,2.0344,354428.21,2021-01-06 09:00:00
1609927200000,2.0344,2.1182,2.0289,2.1181,380743.72,2021-01-06 10:00:00
1609930800000,2.118,2.1187,2.0689,2.08,260264.51,2021-01-06 11:00:00
1609934400000,2.0825,2.1799,2.0523,2.1378,471742.73,2021-01-06 12:00:00
1609938000000,2.1377,2.18,2.0966,2.1711,262065.88,2021-01-06 13:00:00
1609941600000,2.1703,2.189,2.1008,2.1086,237498.47,2021-01-06 14:00:00
1609945200000,2.1069,2.1325,2.0733,2.0813,197450.48,2021-01-06 15:00:00
1609948800000,2.0801,2.0999,2.031,2.0726,424160.68,2021-01-06 16:00:00
1609952400000,2.0721,2.1265,2.048,2.0548,343380.22,2021-01-06 17:00:00
1609956000000,2.0537,2.0623,1.989,2.0115,393137.08,2021-01-06 18:00:00
1609959600000,2.0115,2.048,1.9743,1.981,313184.57,2021-01-06 19:00:00
1609963200000,1.9754,2.051,1.95,1.9973,399747.6,2021-01-06 20:00:00
1609966800000,1.9995,2.04,1.9501,2.0022,291993.56,2021-01-06 21:00:00
1609970400000,2.0002,2.012,1.9388,1.9505,326130.09,2021-01-06 22:00:00
1609974000000,1.9512,1.992,1.9017,1.9414,421569.6,2021-01-06 23:00:00
1609977600000,1.9404,2.45,1.9214,2.3034,2341215.86,2021-01-07 00:00:00
1609981200000,2.3079,2.325,2.1318,2.1625,1061101.77,2021-01-07 01:00:00
1609984800000,2.1625,2.2426,2.1311,2.1597,226731.24,2021-01-07 02:00:00
1609988400000,2.1648,2.2459,2.1461,2.1755,277138.15,2021-01-07 03:00:00
1609992000000,2.1804,2.2785,2.1681,2.1798,313373.48,2021-01-07 04:00:00
1609995600000,2.1846,2.2555,2.1401,2.2554,194011.36,2021-01-07 05:00:00
1609999200000,2.2554,2.2554,2.1534,2.2115,155036.24,2021-01-07 06:00:00
1610002800000,2.2107,2.2446,2.1263,2.1264,198858.82,2021-01-07 07:00:00
1610006400000,2.126,2.1482,2.01,2.1448,783205.73,2021-01-07 08:00:00
1610010000000,2.1477,2.3896,2.1122,2.1753,984026.05,2021-01-07 09:00:00
1610013600000,2.1752,2.3249,2.005,2.1487,4282375.5,2021-01-07 10:00:00
1610017200000,2.146,2.2314,2.1291,2.2037,1874321.35,2021-01-07 11:00:00
1610020800000,2.2036,2.65,2.1883,2.5402,4039649.45,2021-01-07 12:00:00
1610024400000,2.5311,2.5668,2.2806,2.3284,2622893.44,2021-01-07 13:00:00
1610028000000,2.3284,2.5178,2.3025,2.4018,1693039.5,2021-01-07 14:00:00
1610031600000,2.4004,2.4029,2.3478,2.3834,1562296.25,2021-01-07 15:00:00
1610035200000,2.3831,2.4499,2.3547,2.4247,1260823.93,2021-01-07 16:00:00
1610038800000,2.4229,2.436,2.2749,2.3124,2134216.31,2021-01-07 17:00:00
1610042400000,2.3125,2.3269,2.1555,2.2477,1000636.72,2021-01-07 18:00:00
1610046000000,2.2476,2.385,2.2237,2.3626,1078692.78,2021-01-07 19:00:00
1610049600000,2.3629,2.4,2.3283,2.3909,677257.25,2021-01-07 20:00:00
1610053200000,2.3887,2.423,2.3801,2.4121,798736.41,2021-01-07 21:00:00
1610056800000,2.412,2.4199,2.3705,2.3871,563998.94,2021-01-07 22:00:00
1610060400000,2.3899,2.3911,2.329,2.3635,737369.71,2021-01-07 23:00:00
1610064000000,2.3655,2.4245,2.2691,2.2691,1087233.1,2021-01-08 00:00:00
1610067600000,2.2721,2.2888,2.22,2.2588,984320.88,2021-01-08 01:00:00
1610071200000,2.2574,2.2744,2.175,2.2447,942742.06,2021-01-08 02:00:00
1610074800000,2.2433,2.3075,2.2255,2.2619,924510.42,2021-01-08 03:00:00
1610078400000,2.2616,2.2839,2.2396,2.249,579242.33,2021-01-08 04:00:00
1610082000000,2.2491,2.2832,2.2321,2.2655,934538.14,2021-01-08 05:00:00
1610085600000,2.2642,2.2734,2.1925,2.2406,1295238.7,2021-01-08 06:00:00
1610089200000,2.2403,2.4295,2.238,2.4095,570132.32,2021-01-08 07:00:00
1610092800000,2.4054,2.4164,2.193,2.3796,486025.73,2021-01-08 08:00:00
1610096400000,2.3796,2.7398,2.3763,2.7279,2463318.16,2021-01-08 09:00:00
1610100000000,2.731,3.4,2.72,2.9263,4974113.88,2021-01-08 10:00:00
1610103600000,2.9263,3.3381,2.8886,3.1519,1904345.68,2021-01-08 11:00:00
1610107200000,3.1555,3.8,3.0916,3.6418,3481259.94,2021-01-08 12:00:00
1610110800000,3.6418,3.7679,3.4275,3.5802,2096562.11,2021-01-08 13:00:00
1610114400000,3.5776,3.6489,3.3638,3.4139,1263914.07,2021-01-08 14:00:00
1610118000000,3.4141,3.5078,3.2039,3.2992,1104809.95,2021-01-08 15:00:00
1610121600000,3.3027,3.5437,3.3027,3.4139,889778.86,2021-01-08 16:00:00
1610125200000,3.4184,3.4423,3.3118,3.4079,789953.49,2021-01-08 17:00:00
1610128800000,3.413,3.4485,3.2,3.2344,565586.69,2021-01-08 18:00:00
1610132400000,3.2369,3.3166,3.1826,3.2105,419480.14,2021-01-08 19:00:00
1610136000000,3.2034,3.2131,3.0,3.065,809265.78,2021-01-08 20:00:00
1610139600000,3.0648,3.1528,3.0015,3.1302,649502.5,2021-01-08 21:00:00
1610143200000,3.13,3.2217,3.1152,3.1841,423857.29,2021-01-08 22:00:00
1610146800000,3.1814,3.2496,3.1495,3.2214,226664.45,2021-01-08 23:00:00
1610150400000,3.212,3.2724,3.1036,3.1407,349193.96,2021-01-09 00:00:00
1610154000000,3.138,3.1531,3.0553,3.1405,372234.51,2021-01-09 01:00:00
1610157600000,3.1486,3.1607,3.0407,3.081,431310.75,2021-01-09 02:00:00
1610161200000,3.081,3.25,3.0704,3.1638,614623.09,2021-01-09 03:00:00
1610164800000,3.161,3.34,3.161,3.2612,775166.8,2021-01-09 04:00:00
1610168400000,3.2598,3.2626,3.0936,3.125,331667.5,2021-01-09 05:00:00
1610172000000,3.1284,3.1912,3.098,3.1393,232009.04,2021-01-09 06:00:00
1610175600000,3.1366,3.1366,3.0603,3.0834,283152.65,2021-01-09 07:00:00
1610179200000,3.084,3.2514,3.0725,3.1791,286254.27,2021-01-09 08:00:00
1610182800000,3.1729,3.344,3.1724,3.2921,485371.68,2021-01-09 09:00:00
1610186400000,3.2942,3.3017,3.12,3.1891,406036.13,2021-01-09 10:00:00
1610190000000,3.182,3.1857,3.1226,3.1358,160432.56,2021-01-09 11:00:00
1610193600000,3.1358,3.168,3.13,3.1577,95794.54,2021-01-09 12:00:00
1610197200000,3.1609,3.2401,3.1524,3.2,254430.38,2021-01-09 13:00:00
1610200800000,3.1968,3.2024,3.1266,3.1456,159233.16,2021-01-09 14:00:00
1610204400000,3.1441,3.1586,3.0729,3.1066,216064.35,2021-01-09 15:00:00
1610208000000,3.1011,3.1147,2.93,2.9855,362758.51,2021-01-09 16:00:00
1610211600000,2.9843,3.2828,2.9776,3.25,538681.05,2021-01-09 17:00:00
1610215200000,3.2463,3.4889,3.235,3.385,1347476.81,2021-01-09 18:00:00
1610218800000,3.385,3.6998,3.3745,3.6238,800136.17,2021-01-09 19:00:00
1610222400000,3.6317,3.6772,3.4832,3.5153,592104.1,2021-01-09 20:00:00
1610226000000,3.5179,3.54,3.4168,3.4801,309527.24,2021-01-09 21:00:00
1610229600000,3.4799,3.5267,3.43,3.4833,260778.63,2021-01-09 22:00:00
1610233200000,3.4805,3.496,3.3642,3.3829,216750.77,2021-01-09 23:00:00
1610236800000,3.3734,3.4304,3.3151,3.3932,398735.94,2021-01-10 00:00:00
1610240400000,3.396,3.4699,3.3584,3.4611,145656.3,2021-01-10 01:00:00
1610244000000,3.4617,3.6605,3.46,3.6436,338195.43,2021-01-10 02:00:00
1610247600000,3.644,3.6474,3.5132,3.5265,122831.24,2021-01-10 03:00:00
1610251200000,3.5265,3.5895,3.52,3.52,126446.85,2021-01-10 04:00:00
1610254800000,3.5283,3.5561,3.52,3.5538,97132.83,2021-01-10 05:00:00
1610258400000,3.5542,3.6299,3.5402,3.6299,96620.68,2021-01-10 06:00:00
1610262000000,3.6249,3.7517,3.6102,3.733,209832.4,2021-01-10 07:00:00
1610265600000,3.733,3.7353,3.5788,3.6035,133746.06,2021-01-10 08:00:00
1610269200000,3.6062,3.635,3.5548,3.5624,118659.18,2021-01-10 09:00:00
1610272800000,3.5544,3.56,3.3413,3.449,459122.07,2021-01-10 10:00:00
1610276400000,3.4516,3.4598,3.165,3.2501,722112.33,2021-01-10 11:00:00
1610280000000,3.2501,3.3768,3.2038,3.3227,398283.36,2021-01-10 12:00:00
1610283600000,3.3237,3.4276,3.3062,3.3436,223052.38,2021-01-10 13:00:00
1610287200000,3.3411,3.3566,3.2838,3.3166,181313.24,2021-01-10 14:00:00
1610290800000,3.3065,3.4293,3.2382,3.4137,277099.35,2021-01-10 15:00:00
1610294400000,3.4153,3.4581,3.3805,3.4336,230835.2,2021-01-10 16:00:00
1610298000000,3.4276,3.4496,3.2563,3.4397,369426.35,2021-01-10 17:00:00
1610301600000,3.4447,3.4599,3.3498,3.3662,193371.55,2021-01-10 18:00:00
1610305200000,3.3659,3.3912,3.2946,3.3251,111232.37,2021-01-10 19:00:00
1610308800000,3.326,3.3442,3.1556,3.31,489605.89,2021-01-10 20:00:00
1610312400000,3.3066,3.4698,3.3008,3.4684,173897.27,2021-01-10 21:00:00
1610316000000,3.4671,3.49,3.4198,3.4198,127703.12,2021-01-10 22:00:00
1610319600000,3.4285,3.5,3.4174,3.449,74902.12,2021-01-10 23:00:00
1610323200000,3.4455,3.5282,3.4036,3.4276,320442.13,2021-01-11 00:00:00
1610326800000,3.4243,3.4509,3.3383,3.3583,156768.1,2021-01-11 01:00:00
1610330400000,3.3581,3.4101,3.2601,3.3882,224957.69,2021-01-11 02:00:00
1610334000000,3.391,3.4305,3.0376,3.1376,643152.53,2021-01-11 03:00:00
1610337600000,3.1438,3.201,3.0333,3.1367,363526.0,2021-01-11 04:00:00
1610341200000,3.146,3.1801,3.0877,3.1326,247430.19,2021-01-11 05:00:00
1610344800000,3.1184,3.1203,2.94,2.9457,289806.67,2021-01-11 06:00:00
1610348400000,2.9513,3.0352,2.8362,2.9946,381573.25,2021-01-11 07:00:00
1610352000000,2.9991,3.1261,2.9738,3.0853,341221.98,2021-01-11 08:00:00
1610355600000,3.0916,3.1451,3.0592,3.1313,379946.16,2021-01-11 09:00:00
1610359200000,3.1311,3.1509,3.0363,3.0363,315028.54,2021-01-11 10:00:00
1610362800000,3.036,3.0558,2.8487,2.8589,581852.94,2021-01-11 11:00:00
1610366400000,2.8648,2.9896,2.7594,2.9432,573365.4,2021-01-11 12:00:00
1610370000000,2.9432,2.954,2.793,2.8005,845073.66,2021-01-11 13:00:00
1610373600000,2.7979,2.8696,2.667,2.8293,837325.44,2021-01-11 14:00:00
1610377200000,2.8293,2.8962,2.7509,2.7598,334522.62,2021-01-11 15:00:00
1610380800000,2.7584,2.789,2.5795,2.6723,347083.09,2021-01-11 16:00:00
1610384400000,2.668,2.8,2.6139,2.7919,320833.36,2021-01-11 17:00:00
1610388000000,2.7946,2.9069,2.7856,2.8545,272822.62,2021-01-11 18:00:00
1610391600000,2.8545,2.8748,2.7777,2.8578,220096.01,2021-01-11 19:00:00
1610395200000,2.8579,2.9522,2.8206,2.9487,150534.25,2021-01-11 20:00:00
1610398800000,2.9484,3.051,2.93,3.0102,365072.91,2021-01-11 21:00:00
1610402400000,3.0102,3.051,2.9665,3.0355,136584.59,2021-01-11 22:00:00
1610406000000,3.0354,3.1165,3.0354,3.1016,106672.94,2021-01-11 23:00:00
1610409600000,3.1016,3.1312,3.058,3.1076,193023.3,2021-01-12 00:00:00
1610413200000,3.1129,3.1631,3.1034,3.1206,97053.45,2021-01-12 01:00:00
1610416800000,3.132,3.21,3.1195,3.21,158459.43,2021-01-12 02:00:00
1610420400000,3.2097,3.2799,3.1958,3.2708,119394.48,2021-01-12 03:00:00
1610424000000,3.271,3.4133,3.2629,3.4042,335636.91,2021-01-12 04:00:00
1610427600000,3.4042,3.4996,3.3772,3.495,167709.04,2021-01-12 05:00:00
1610431200000,3.495,3.4999,3.39,3.3906,202899.11,2021-01-12 06:00:00
1610434800000,3.3906,3.4172,3.3529,3.3824,164765.64,2021-01-12 07:00:00
1610438400000,3.3824,3.4034,3.3381,3.3577,155193.01,2021-01-12 08:00:00
1610442000000,3.3577,3.4053,3.3305,3.3857,169203.68,2021-01-12 09:00:00
1610445600000,3.3858,3.4055,3.293,3.3563,279577.72,2021-01-12 10:00:00
1610449200000,3.3563,3.4695,3.3563,3.4185,208826.41,2021-01-12 11:00:00
1610452800000,3.4207,3.478,3.3687,3.3735,192610.57,2021-01-12 12:00:00
1610456400000,3.3736,3.3999,3.185,3.1866,267522.45,2021-01-12 13:00:00
1610460000000,3.194,3.2628,3.15,3.2309,244542.1,2021-01-12 14:00:00
1610463600000,3.231,3.3417,3.231,3.3039,158819.24,2021-01-12 15:00:00
1610467200000,3.3064,3.56,3.3064,3.4483,600994.64,2021-01-12 16:00:00
1610470800000,3.4513,3.4703,3.3618,3.4236,244402.95,2021-01-12 17:00:00
1610474400000,3.4237,3.88,3.415,3.7671,1404525.09,2021-01-12 18:00:00
1610478000000,3.7718,3.8,3.6431,3.6777,369479.58,2021-01-12 19:00:00
1610481600000,3.6754,3.6944,3.55,3.61,337092.35,2021-01-12 20:00:00
1610485200000,3.61,3.6856,3.5022,3.5712,318526.6,2021-01-12 21:00:00
1610488800000,3.5712,3.6168,3.47,3.4966,332162.81,2021-01-12 22:00:00
1610492400000,3.5034,3.638,3.4504,3.6354,353491.12,2021-01-12 23:00:00
1610496000000,3.6354,3.637,3.4425,3.4526,446280.65,2021-01-13 00:00:00
1610499600000,3.4527,3.5454,3.4474,3.5302,221965.24,2021-01-13 01:00:00
1610503200000,3.5302,3.5676,3.4857,3.5216,241958.66,2021-01-13 02:00:00
1610506800000,3.5244,3.5946,3.5048,3.5128,200922.6,2021-01-13 03:00:00
1610510400000,3.5136,3.5219,3.3501,3.351,313398.18,2021-01-13 04:00:00
1610514000000,3.351,3.3775,3.2633,3.3168,352959.06,2021-01-13 05:00:00
1610517600000,3.316,3.389,3.3126,3.3732,171099.96,2021-01-13 06:00:00
1610521200000,3.372,3.4933,3.354,3.4868,173118.97,2021-01-13 07:00:00
1610524800000,3.4888,3.4895,3.347,3.3597,182328.51,2021-01-13 08:00:00
1610528400000,3.3552,3.4054,3.311,3.3154,153042.88,2021-01-13 09:00:00
1610532000000,3.3141,3.3713,3.3118,3.3695,142116.62,2021-01-13 10:00:00
1610535600000,3.362,3.3924,3.265,3.3708,244440.24,2021-01-13 11:00:00
1610539200000,3.3656,3.4146,3.3264,3.3868,171758.5,2021-01-13 12:00:00
1610542800000,3.3868,3.47,3.3623,3.4322,121668.52,2021-01-13 13:00:00
1610546400000,3.4352,3.4391,3.3816,3.3816,99004.55,2021-01-13 14:00:00
1610550000000,3.3897,3.566,3.3645,3.5398,230462.14,2021-01-13 15:00:00
1610553600000,3.5407,3.5604,3.4722,3.4943,217626.49,2021-01-13 16:00:00
1610557200000,3.499,3.5096,3.4455,3.479,175949.11,2021-01-13 17:00:00
1610560800000,3.4813,3.5442,3.4742,3.4824,123008.27,2021-01-13 18:00:00
1610564400000,3.487,3.5051,3.4712,3.4831,112835.46,2021-01-13 19:00:00
1610568000000,3.4831,3.6309,3.4791,3.5184,377300.76,2021-01-13 20:00:00
1610571600000,3.5164,3.5184,3.392,3.4236,298359.07,2021-01-13 21:00:00
1610575200000,3.4236,3.5362,3.4131,3.4813,234938.78,2021-01-13 22:00:00
1610578800000,3.4812,3.5331,3.4741,3.5242,117112.58,2021-01-13 23:00:00
1610582400000,3.5243,3.5387,3.4266,3.4436,225065.73,2021-01-14 00:00:00
1610586000000,3.4436,3.444,3.4063,3.417,77160.05,2021-01-14 01:00:00
1610589600000,3.417,3.4397,3.3616,3.4012,113472.12,2021-01-14 02:00:00
1610593200000,3.4072,3.4185,3.3734,3.3844,51441.53,2021-01-14 03:00:00
1610596800000,3.3844,3.4,3.3561,3.385,69571.12,2021-01-14 04:00:00
1610600400000,3.3801,3.3864,3.3555,3.3599,64554.98,2021-01-14 05:00:00
1610604000000,3.3599,3.4366,3.3263,3.4366,190343.4,2021-01-14 06:00:00
1610607600000,3.4366,3.5,3.3737,3.404,442479.05,2021-01-14 07:00:00
1610611200000,3.4045,3.4398,3.4029,3.4184,150896.67,2021-01-14 08:00:00
1610614800000,3.4187,3.434,3.3574,3.3607,164431.82,2021-01-14 09:00:00
1610618400000,3.3662,3.4273,3.3605,3.4273,134975.08,2021-01-14 10:00:00
1610622000000,3.4216,3.475,3.4116,3.4219,248539.34,2021-01-14 11:00:00
1610625600000,3.4218,3.4588,3.3645,3.4201,270190.22,2021-01-14 12:00:00
1610629200000,3.4151,3.4845,3.4066,3.4734,236074.03,2021-01-14 13:00:00
1610632800000,3.4734,3.5099,3.4589,3.4773,304215.91,2021-01-14 14:00:00
1610636400000,3.4824,3.5955,3.4622,3.4899,518373.46,2021-01-14 15:00:00
1610640000000,3.4951,3.5072,3.2857,3.2861,465756.11,2021-01-14 16:00:00
1610643600000,3.2984,3.3551,3.1814,3.1895,893656.54,2021-01-14 17:00:00
1610647200000,3.1894,3.3289,3.1877,3.2956,764980.94,2021-01-14 18:00:00
1610650800000,3.2961,3.3138,3.2106,3.2886,295815.95,2021-01-14 19:00:00
1610654400000,3.2892,3.3242,3.284,3.2949,149113.1,2021-01-14 20:00:00
1610658000000,3.2948,3.2999,3.2,3.2173,373157.1,2021-01-14 21:00:00
1610661600000,3.2222,3.24,3.2001,3.2378,100610.52,2021-01-14 22:00:00
1610665200000,3.2317,3.3001,3.222,3.2921,117234.96,2021-01-14 23:00:00
1610668800000,3.2921,3.365,3.2766,3.356,214769.15,2021-01-15 00:00:00
1610672400000,3.3554,3.4341,3.3408,3.4038,259059.72,2021-01-15 01:00:00
1610676000000,3.4033,3.4489,3.3656,3.4309,192482.73,2021-01-15 02:00:00
1610679600000,3.4347,3.4359,3.3048,3.3278,132174.74,2021-01-15 03:00:00
1610683200000,3.3278,3.3378,3.3,3.3038,144754.56,2021-01-15 04:00:00
1610686800000,3.306,3.3665,3.25,3.254,191182.98,2021-01-15 05:00:00
1610690400000,3.2528,3.3,3.2443,3.3,109315.51,2021-01-15 06:00:00
1610694000000,3.3,3.3899,3.2773,3.3711,148762.17,2021-01-15 07:00:00
1610697600000,3.3711,3.4213,3.3415,3.3586,197195.0,2021-01-15 08:00:00
1610701200000,3.3586,3.3914,3.3303,3.342,205748.95,2021-01-15 09:00:00
1610704800000,3.342,3.3898,3.3233,3.3898,195142.66,2021-01-15 10:00:00
1610708400000,3.3896,3.3897,3.3511,3.3747,146869.33,2021-01-15 11:00:00
1610712000000,3.3715,3.3887,3.3029,3.335,197895.17,2021-01-15 12:00:00
1610715600000,3.3318,3.3765,3.3049,3.374,280247.07,2021-01-15 13:00:00
1610719200000,3.3742,3.4167,3.27,3.3003,246552.2,2021-01-15 14:00:00
1610722800000,3.2991,3.3074,3.09,3.1006,444160.68,2021-01-15 15:00:00
1610726400000,3.1004,3.1738,2.9618,3.171,529828.53,2021-01-15 16:00:00
1610730000000,3.171,3.1715,3.1123,3.1556,251349.42,2021-01-15 17:00:00
1610733600000,3.1556,3.1977,3.1301,3.1608,167030.97,2021-01-15 18:00:00
1610737200000,3.1608,3.1897,3.1512,3.1615,102495.39,2021-01-15 19:00:00
1610740800000,3.1615,3.1845,3.1284,3.1742,113743.33,2021-01-15 20:00:00
1610744400000,3.167,3.2037,3.166,3.1951,95631.78,2021-01-15 21:00:00
1610748000000,3.195,3.2699,3.1795,3.2554,122244.52,2021-01-15 22:00:00
1610751600000,3.2552,3.2708,3.245,3.2475,123906.27,2021-01-15 23:00:00
1610755200000,3.2479,3.323,3.2463,3.3076,170927.43,2021-01-16 00:00:00
1610758800000,3.3123,3.3761,3.2799,3.3738,327396.54,2021-01-16 01:00:00
1610762400000,3.3738,3.4133,3.3387,3.3922,283283.01,2021-01-16 02:00:00
1610766000000,3.3922,3.4622,3.3819,3.453,273463.96,2021-01-16 03:00:00
1610769600000,3.4507,3.4894,3.3744,3.4307,327101.97,2021-01-16 04:00:00
1610773200000,3.4307,3.4377,3.3728,3.3843,237086.14,2021-01-16 05:00:00
1610776800000,3.3841,3.5153,3.3738,3.4581,350883.35,2021-01-16 06:00:00
1610780400000,3.4618,3.492,3.448,3.4574,131531.28,2021-01-16 07:00:00
1610784000000,3.4611,3.4991,3.4488,3.4972,158033.52,2021-01-16 08:00:00
1610787600000,3.496,3.55,3.482,3.5465,162639.79,2021-01-16 09:00:00
1610791200000,3.5468,3.5554,3.4561,3.4739,222032.2,2021-01-16 10:00:00
1610794800000,3.4778,3.53,3.4,3.4122,469058.61,2021-01-16 11:00:00
1610798400000,3.4122,3.4291,3.392,3.4021,237371.2,2021-01-16 12:00:00
1610802000000,3.4049,3.4489,3.3961,3.4218,206612.39,2021-01-16 13:00:00
1610805600000,3.4216,3.4294,3.2979,3.311,725469.2,2021-01-16 14:00:00
1610809200000,3.311,3.4024,3.2769,3.4024,882314.11,2021-01-16 15:00:00
1610812800000,3.4024,3.43,3.3164,3.3843,417665.02,2021-01-16 16:00:00
1610816400000,3.3846,3.5799,3.3803,3.4891,568009.44,2021-01-16 17:00:00
1610820000000,3.4856,3.5591,3.4583,3.4585,274955.46,2021-01-16 18:00:00
1610823600000,3.4584,3.649,3.3783,3.5853,818514.34,2021-01-16 19:00:00
1610827200000,3.5837,3.7081,3.5196,3.6032,517356.48,2021-01-16 20:00:00
1610830800000,3.6031,3.6121,3.3457,3.4055,418153.54,2021-01-16 21:00:00
1610834400000,3.4055,3.4221,3.3,3.4153,234469.7,2021-01-16 22:00:00
1610838000000,3.4187,3.4659,3.4065,3.4247,148220.95,2021-01-16 23:00:00
1610841600000,3.4251,3.5454,3.3,3.5333,479845.88,2021-01-17 00:00:00
1610845200000,3.5334,3.5391,3.4637,3.5128,132855.13,2021-01-17 01:00:00
1610848800000,3.5097,3.5577,3.5001,3.5335,129234.5,2021-01-17 02:00:00
1610852400000,3.5382,3.7177,3.5028,3.7127,529203.2,2021-01-17 03:00:00
1610856000000,3.7127,3.8297,3.596,3.6078,687556.09,2021-01-17 04:00:00
1610859600000,3.6048,3.619,3.4659,3.5116,280734.67,2021-01-17 05:00:00
1610863200000,3.51,3.5466,3.4335,3.5215,324486.4,2021-01-17 06:00:00
1610866800000,3.5215,3.5546,3.3511,3.3926,277586.34,2021-01-17 07:00:00
1610870400000,3.388,3.3956,3.33,3.3672,237066.93,2021-01-17 08:00:00
1610874000000,3.3698,3.4434,3.3205,3.3415,191258.94,2021-01-17 09:00:00
1610877600000,3.337,3.505,3.3086,3.4973,264386.35,2021-01-17 10:00:00
1610881200000,3.4973,3.6085,3.492,3.6009,207623.23,2021-01-17 11:00:00
1610884800000,3.6009,3.6099,3.5278,3.5822,269691.26,2021-01-17 12:00:00
1610888400000,3.5753,3.6198,3.5224,3.5499,494608.73,2021-01-17 13:00:00
1610892000000,3.5535,3.5799,3.4572,3.4702,274419.04,2021-01-17 14:00:00
1610895600000,3.4693,3.5783,3.4685,3.5505,173748.84,2021-01-17 15:00:00
1610899200000,3.5567,3.6953,3.524,3.6953,278511.65,2021-01-17 16:00:00
1610902800000,3.6953,3.94,3.6534,3.933,838450.18,2021-01-17 17:00:00
1610906400000,3.933,3.9869,3.8111,3.8535,560797.66,2021-01-17 18:00:00
1610910000000,3.8557,3.9254,3.73,3.7862,447609.82,2021-01-17 19:00:00
1610913600000,3.7881,3.9114,3.7872,3.9111,280080.83,2021-01-17 20:00:00
1610917200000,3.9115,3.9876,3.7567,3.8552,354532.67,2021-01-17 21:00:00
1610920800000,3.8544,3.9696,3.8132,3.8938,520893.0,2021-01-17 22:00:00
1610924400000,3.8969,3.95,3.8058,3.8268,296718.47,2021-01-17 23:00:00
1610928000000,3.8243,3.8554,3.8028,3.8114,154697.37,2021-01-18 00:00:00
1610931600000,3.8115,3.8238,3.6167,3.738,663706.85,2021-01-18 01:00:00
1610935200000,3.7391,3.8997,3.7354,3.7888,373993.05,2021-01-18 02:00:00
1610938800000,3.784,3.887,3.6578,3.7607,342791.44,2021-01-18 03:00:00
1610942400000,3.7582,3.8024,3.7347,3.7415,239410.25,2021-01-18 04:00:00
1610946000000,3.7493,3.7873,3.7204,3.7866,184695.24,2021-01-18 05:00:00
1610949600000,3.7818,3.8493,3.766,3.8413,101166.81,2021-01-18 06:00:00
1610953200000,3.8473,4.0254,3.8473,4.0138,370820.37,2021-01-18 07:00:00
1610956800000,4.0084,4.17,3.9252,4.1199,709594.43,2021-01-18 08:00:00
1610960400000,4.12,4.1622,4.0317,4.0665,339110.99,2021-01-18 09:00:00
1610964000000,4.0655,4.1,4.0145,4.0145,163593.38,2021-01-18 10:00:00
1610967600000,4.0145,4.0249,3.86,3.9122,395618.46,2021-01-18 11:00:00
1610971200000,3.9128,3.9459,3.8517,3.8622,185399.86,2021-01-18 12:00:00
1610974800000,3.8622,4.0,3.8606,3.9103,406662.31,2021-01-18 13:00:00
1610978400000,3.9149,3.9763,3.8661,3.9298,163405.56,2021-01-18 14:00:00
1610982000000,3.9297,4.0288,3.9143,3.9574,284270.05,2021-01-18 15:00:00
1610985600000,3.9654,4.0359,3.9233,3.9288,207413.33,2021-01-18 16:00:00
1610989200000,3.9289,3.9517,3.8809,3.9064,144064.73,2021-01-18 17:00:00
1610992800000,3.9064,3.9336,3.8651,3.8831,89750.17,2021-01-18 18:00:00
1610996400000,3.8801,3.9096,3.865,3.9021,62355.0,2021-01-18 19:00:00
1611000000000,3.9045,3.9146,3.8059,3.8243,179782.2,2021-01-18 20:00:00
1611003600000,3.8243,3.8653,3.779,3.785,164970.39,2021-01-18 21:00:00
1611007200000,3.7812,3.8243,3.7677,3.8111,166217.2,2021-01-18 22:00:00
1611010800000,3.8156,3.8276,3.7487,3.7868,133435.33,2021-01-18 23:00:00
1611014400000,3.7873,3.8047,3.7508,3.79,79094.43,2021-01-19 00:00:00
1611018000000,3.7954,3.8491,3.7893,3.8273,167829.69,2021-01-19 01:00:00
1611021600000,3.8369,3.8992,3.801,3.8817,176862.15,2021-01-19 02:00:00
1611025200000,3.8827,4.0498,3.8662,3.961,306412.05,2021-01-19 03:00:00
1611028800000,3.9609,4.01,3.8878,3.903,193083.39,2021-01-19 04:00:00
1611032400000,3.9057,3.958,3.8663,3.8697,125127.74,2021-01-19 05:00:00
1611036000000,3.8697,3.9129,3.7739,3.8381,536137.29,2021-01-19 06:00:00
1611039600000,3.8349,3.8372,3.7731,3.8123,272384.25,2021-01-19 07:00:00
1611043200000,3.8123,3.9176,3.81,3.896,220448.27,2021-01-19 08:00:00
1611046800000,3.8973,3.94,3.8703,3.933,221369.09,2021-01-19 09:00:00
1611050400000,3.933,3.9493,3.9003,3.9047,142758.92,2021-01-19 10:00:00
1611054000000,3.912,3.9269,3.9,3.9,138890.01,2021-01-19 11:00:00
1611057600000,3.9,3.91,3.8307,3.8587,175587.13,2021-01-19 12:00:00
1611061200000,3.856,3.8778,3.8335,3.8433,86881.3,2021-01-19 13:00:00
1611064800000,3.841,3.8453,3.8,3.8,212711.42,2021-01-19 14:00:00
1611068400000,3.8,3.8367,3.8,3.8336,161691.56,2021-01-19 15:00:00
1611072000000,3.8336,3.8578,3.79,3.8132,311598.25,2021-01-19 16:00:00
1611075600000,3.8132,3.834,3.7978,3.8162,89499.57,2021-01-19 17:00:00
1611079200000,3.8139,3.8193,3.7061,3.708,293744.38,2021-01-19 18:00:00
1611082800000,3.7122,3.7444,3.6,3.6295,333691.97,2021-01-19 19:00:00
1611086400000,3.6316,3.6792,3.6059,3.6763,128427.5,2021-01-19 20:00:00
1611090000000,3.6763,3.72,3.6646,3.6978,122228.9,2021-01-19 21:00:00
1611093600000,3.6978,3.7186,3.6699,3.6741,50757.51,2021-01-19 22:00:00
1611097200000,3.6742,3.6994,3.6061,3.6287,221503.0,2021-01-19 23:00:00
1611100800000,3.6288,3.7222,3.61,3.7181,149436.96,2021-01-20 00:00:00
1611104400000,3.7151,3.7286,3.6813,3.704,99553.46,2021-01-20 01:00:00
1611108000000,3.695,3.695,3.6475,3.678,82298.76,2021-01-20 02:00:00
1611111600000,3.6784,3.6785,3.5273,3.5447,419644.69,2021-01-20 03:00:00
1611115200000,3.5447,3.6,3.5347,3.5927,183966.41,2021-01-20 04:00:00
1611118800000,3.5924,3.6183,3.5655,3.6042,66455.22,2021-01-20 05:00:00
1611122400000,3.5993,3.6186,3.5729,3.573,82762.92,2021-01-20 06:00:00
1611126000000,3.5737,3.6278,3.57,3.6119,55726.43,2021-01-20 07:00:00
1611129600000,3.6117,3.6269,3.5823,3.5934,112003.04,2021-01-20 08:00:00
1611133200000,3.5932,3.604,3.52,3.5249,191536.62,2021-01-20 09:00:00
1611136800000,3.5249,3.5333,3.44,3.44,442511.38,2021-01-20 10:00:00
1611140400000,3.44,3.444,3.3627,3.4125,462927.6,2021-01-20 11:00:00
1611144000000,3.4125,3.4125,3.36,3.402,214283.24,2021-01-20 12:00:00
1611147600000,3.4021,3.603,3.34,3.5818,710349.18,2021-01-20 13:00:00
1611151200000,3.5817,3.5967,3.5631,3.5756,212538.03,2021-01-20 14:00:00
1611154800000,3.5783,3.6275,3.5053,3.5158,207450.37,2021-01-20 15:00:00
1611158400000,3.5144,3.6379,3.4448,3.6191,318802.5,2021-01-20 16:00:00
1611162000000,3.6223,3.6352,3.5713,3.6192,66925.19,2021-01-20 17:00:00
1611165600000,3.6199,3.6271,3.5709,3.6011,67056.42,2021-01-20 18:00:00
1611169200000,3.6004,3.6839,3.5951,3.674,141510.32,2021-01-20 19:00:00
1611172800000,3.674,3.7225,3.642,3.7014,157020.41,2021-01-20 20:00:00
1611176400000,3.7014,3.7078,3.66,3.7044,111561.9,2021-01-20 21:00:00
1611180000000,3.7044,3.7117,3.6674,3.7042,85551.51,2021-01-20 22:00:00
1611183600000,3.7084,3.7413,3.68,3.7166,159767.72,2021-01-20 23:00:00
1611187200000,3.7199,3.7411,3.5766,3.6343,273208.98,2021-01-21 00:00:00
1611190800000,3.6342,3.6507,3.527,3.561,194533.35,2021-01-21 01:00:00
1611194400000,3.5647,3.5821,3.5041,3.5296,126751.29,2021-01-21 02:00:00
1611198000000,3.529,3.551,3.5056,3.53,80609.36,2021-01-21 03:00:00
1611201600000,3.5268,3.5675,3.5101,3.5294,102512.83,2021-01-21 04:00:00
1611205200000,3.5175,3.5675,3.51,3.5668,57636.88,2021-01-21 05:00:00
1611208800000,3.5656,3.5876,3.5435,3.5724,73193.8,2021-01-21 06:00:00
1611212400000,3.5719,3.5937,3.5408,3.551,66921.3,2021-01-21 07:00:00
1611216000000,3.5579,3.5579,3.4625,3.4671,183472.51,2021-01-21 08:00:00
1611219600000,3.4666,3.4858,3.365,3.4198,249640.35,2021-01-21 09:00:00
1611223200000,3.4198,3.4768,3.365,3.447,154964.1,2021-01-21 10:00:00
1611226800000,3.4426,3.5356,3.4133,3.4842,243041.3,2021-01-21 11:00:00
1611230400000,3.4841,3.5013,3.3907,3.4769,220413.86,2021-01-21 12:00:00
1611234000000,3.4761,3.5041,3.39,3.3936,184596.4,2021-01-21 13:00:00
1611237600000,3.394,3.4089,3.3,3.3149,304300.74,2021-01-21 14:00:00
1611241200000,3.3034,3.3523,3.3,3.3077,204562.6,2021-01-21 15:00:00
1611244800000,3.3052,3.3843,3.3,3.3,301671.05,2021-01-21 16:00:00
1611248400000,3.3,3.3107,3.2374,3.2917,255877.65,2021-01-21 17:00:00
1611252000000,3.2923,3.3059,3.2432,3.2875,87258.69,2021-01-21 18:00:00
1611255600000,3.2782,3.3492,3.2661,3.3156,84396.3,2021-01-21 19:00:00
1611259200000,3.3154,3.3231,3.25,3.2501,42496.37,2021-01-21 20:00:00
1611262800000,3.2501,3.2671,3.1413,3.1446,149609.55,2021-01-21 21:00:00
1611266400000,3.1446,3.1486,3.0,3.0347,523397.67,2021-01-21 22:00:00
1611270000000,3.0352,3.0827,2.9717,2.9899,220771.69,2021-01-21 23:00:00
1611273600000,2.9893,2.9942,2.7281,2.7281,547712.09,2021-01-22 00:00:00
1611277200000,2.7321,2.9295,2.5295,2.927,1052297.51,2021-01-22 01:00:00
1611280800000,2.9269,3.0895,2.8663,3.0708,402951.0,2021-01-22 02:00:00
1611284400000,3.0785,3.1939,3.0001,3.1587,276213.99,2021-01-22 03:00:00
1611288000000,3.1586,3.1885,3.0134,3.0363,754569.82,2021-01-22 04:00:00
1611291600000,3.0363,3.1281,3.0204,3.1,284213.51,2021-01-22 05:00:00
1611295200000,3.1,3.1474,3.0765,3.1211,403795.78,2021-01-22 06:00:00
1611298800000,3.1245,3.1701,3.0544,3.0813,133747.25,2021-01-22 07:00:00
1611302400000,3.0959,3.1431,3.0552,3.1423,95381.94,2021-01-22 08:00:00
1611306000000,3.139,3.1672,3.1328,3.1551,208907.44,2021-01-22 09:00:00
1611309600000,3.1551,3.2016,3.1455,3.2016,145479.03,2021-01-22 10:00:00
1611313200000,3.2011,3.2268,3.1868,3.2165,102736.32,2021-01-22 11:00:00
1611316800000,3.2164,3.2991,3.2061,3.2432,130623.82,2021-01-22 12:00:00
1611320400000,3.2433,3.3,3.23,3.2779,139394.51,2021-01-22 13:00:00
1611324000000,3.2827,3.3593,3.2655,3.3509,277791.21,2021-01-22 14:00:00
1611327600000,3.354,3.45,3.325,3.3916,363728.91,2021-01-22 15:00:00
1611331200000,3.3902,3.4664,3.3479,3.4593,237358.23,2021-01-22 16:00:00
1611334800000,3.4536,3.4981,3.4,3.4526,264994.87,2021-01-22 17:00:00
1611338400000,3.4548,3.4992,3.4349,3.4921,79947.09,2021-01-22 18:00:00
1611342000000,3.4915,3.4978,3.4147,3.4243,139171.11,2021-01-22 19:00:00
1611345600000,3.4302,3.4377,3.3983,3.4129,86589.55,2021-01-22 20:00:00
1611349200000,3.4054,3.435,3.3777,3.388,91639.22,2021-01-22 21:00:00
1611352800000,3.3899,3.4116,3.3205,3.3351,143847.09,2021-01-22 22:00:00
1611356400000,3.3345,3.3679,3.304,3.3352,118411.36,2021-01-22 23:00:00
1611360000000,3.3302,3.35,3.3056,3.3467,56158.73,2021-01-23 00:00:00
1611363600000,3.3505,3.4,3.311,3.3994,69937.03,2021-01-23 01:00:00
1611367200000,3.399,3.4116,3.3645,3.3646,71737.36,2021-01-23 02:00:00
1611370800000,3.3684,3.4233,3.357,3.4226,59949.5,2021-01-23 03:00:00
1611374400000,3.4187,3.4699,3.4098,3.4647,144036.46,2021-01-23 04:00:00
1611378000000,3.4647,3.4937,3.4349,3.4894,74635.46,2021-01-23 05:00:00
1611381600000,3.4894,3.5114,3.4614,3.4797,107583.46,2021-01-23 06:00:00
1611385200000,3.4782,3.5555,3.4782,3.5515,147281.04,2021-01-23 07:00:00
1611388800000,3.554,3.5593,3.5021,3.5447,131063.34,2021-01-23 08:00:00
1611392400000,3.5584,3.6,3.5474,3.5715,192498.1,2021-01-23 09:00:00
1611396000000,3.5652,3.5735,3.5156,3.5245,123061.29,2021-01-23 10:00:00
1611399600000,3.5263,3.55,3.4414,3.457,170806.01,2021-01-23 11:00:00
1611403200000,3.4514,3.55,3.4499,3.5124,135300.91,2021-01-23 12:00:00
1611406800000,3.5119,3.5309,3.4476,3.4997,116428.5,2021-01-23 13:00:00
1611410400000,3.5043,3.5202,3.451,3.47,88279.31,2021-01-23 14:00:00
1611414000000,3.47,3.5061,3.4569,3.4722,67303.64,2021-01-23 15:00:00
1611417600000,3.4806,3.5308,3.4577,3.4861,79949.22,2021-01-23 16:00:00
1611421200000,3.4913,3.5268,3.47,3.5188,61096.47,2021-01-23 17:00:00
1611424800000,3.5191,3.53,3.4841,3.5141,77088.44,2021-01-23 18:00:00
1611428400000,3.5094,3.5364,3.503,3.514,52488.0,2021-01-23 19:00:00
1611432000000,3.5183,3.5183,3.4637,3.4968,49568.79,2021-01-23 20:00:00
1611435600000,3.4968,3.55,3.4689,3.5155,99540.8,2021-01-23 21:00:00
1611439200000,3.5144,3.5263,3.4714,3.4926,45951.62,2021-01-23 22:00:00
1611442800000,3.4926,3.5148,3.47,3.5079,47711.22,2021-01-23 23:00:00
1611446400000,3.5018,3.5449,3.4781,3.5393,81045.63,2021-01-24 00:00:00
1611450000000,3.5398,3.5771,3.53,3.545,106060.1,2021-01-24 01:00:00
1611453600000,3.5514,3.5616,3.5234,3.5298,59999.76,2021-01-24 02:00:00
1611457200000,3.5323,3.5556,3.5237,3.5555,29665.15,2021-01-24 03:00:00
1611460800000,3.5555,3.5823,3.5472,3.5742,45826.31,2021-01-24 04:00:00
1611464400000,3.5791,3.7154,3.5706,3.6884,361994.75,2021-01-24 05:00:00
1611468000000,3.6885,3.725,3.6861,3.693,137697.82,2021-01-24 06:00:00
1611471600000,3.693,3.7292,3.6627,3.725,70402.28,2021-01-24 07:00:00
1611475200000,3.7276,3.749,3.7018,3.7334,83994.16,2021-01-24 08:00:00
1611478800000,3.7381,3.79,3.7288,3.7868,119083.58,2021-01-24 09:00:00
1611482400000,3.7868,3.79,3.7201,3.7784,83016.57,2021-01-24 10:00:00
1611486000000,3.7829,3.7842,3.741,3.7419,77858.93,2021-01-24 11:00:00
1611489600000,3.745,3.7559,3.62,3.6309,171828.59,2021-01-24 12:00:00
1611493200000,3.6318,3.6724,3.6112,3.6445,76049.52,2021-01-24 13:00:00
1611496800000,3.6446,3.6647,3.5731,3.5762,171327.38,2021-01-24 14:00:00
1611500400000,3.5791,3.6162,3.5674,3.5936,60592.8,2021-01-24 15:00:00
1611504000000,3.5987,3.6184,3.5531,3.5947,117695.86,2021-01-24 16:00:00
1611507600000,3.5933,3.6383,3.5775,3.6314,92028.54,2021-01-24 17:00:00
1611511200000,3.6316,3.641,3.603,3.6185,65374.64,2021-01-24 18:00:00
1611514800000,3.6184,3.6326,3.5205,3.55,164250.44,2021-01-24 19:00:00
1611518400000,3.5456,3.5798,3.5413,3.5677,50217.13,2021-01-24 20:00:00
1611522000000,3.555,3.62,3.555,3.6032,113296.91,2021-01-24 21:00:00
1611525600000,3.6055,3.6286,3.5821,3.618,78508.69,2021-01-24 22:00:00
1611529200000,3.6139,3.6394,3.6065,3.6278,39944.13,2021-01-24 23:00:00
1611532800000,3.6287,3.6984,3.6283,3.6537,136819.24,2021-01-25 00:00:00
1611536400000,3.6536,3.6645,3.6056,3.6304,164685.26,2021-01-25 01:00:00
1611540000000,3.6322,3.6335,3.5703,3.5721,118942.72,2021-01-25 02:00:00
1611543600000,3.5748,3.5936,3.54,3.5469,148050.83,2021-01-25 03:00:00
1611547200000,3.5483,3.5849,3.5483,3.5706,112024.92,2021-01-25 04:00:00
1611550800000,3.5704,3.6174,3.5501,3.5807,147968.88,2021-01-25 05:00:00
1611554400000,3.5807,3.5862,3.51,3.5153,157564.65,2021-01-25 06:00:00
1611558000000,3.5196,3.525,3.48,3.5177,230660.1,2021-01-25 07:00:00
1611561600000,3.517,3.5862,3.4398,3.5655,428347.38,2021-01-25 08:00:00
1611565200000,3.5669,3.5678,3.4415,3.4928,387000.19,2021-01-25 09:00:00
1611568800000,3.4903,3.598,3.4812,3.5412,301623.84,2021-01-25 10:00:00
1611572400000,3.5396,3.5857,3.532,3.5729,156425.93,2021-01-25 11:00:00
1611576000000,3.5747,3.6104,3.566,3.572,124134.67,2021-01-25 12:00:00
1611579600000,3.5692,3.5766,3.46,3.5082,247577.41,2021-01-25 13:00:00
1611583200000,3.5089,3.5206,3.4541,3.459,75108.92,2021-01-25 14:00:00
1611586800000,3.4616,3.7162,3.4535,3.7116,626329.15,2021-01-25 15:00:00
1611590400000,3.7116,3.7746,3.601,3.7646,484890.56,2021-01-25 16:00:00
1611594000000,3.7672,3.84,3.7267,3.8112,569347.71,2021-01-25 17:00:00
1611597600000,3.8141,3.9928,3.7715,3.9508,731418.4,2021-01-25 18:00:00
1611601200000,3.9509,3.9857,3.881,3.893,416401.19,2021-01-25 19:00:00
1611604800000,3.893,3.9197,3.7812,3.8675,341065.21,2021-01-25 20:00:00
1611608400000,3.8673,3.8876,3.7062,3.7459,336682.76,2021-01-25 21:00:00
1611612000000,3.7472,3.7549,3.653,3.7321,224853.37,2021-01-25 22:00:00
1611615600000,3.7265,3.7492,3.6917,3.7038,123619.04,2021-01-25 23:00:00
1611619200000,3.7036,3.9012,3.6871,3.8731,323147.49,2021-01-26 00:00:00
1611622800000,3.873,3.945,3.8116,3.9371,203634.38,2021-01-26 01:00:00
1611626400000,3.9371,3.961,3.8923,3.9057,203875.74,2021-01-26 02:00:00
1611630000000,3.9047,3.9159,3.7201,3.7328,258012.48,2021-01-26 03:00:00
1611633600000,3.7328,3.8207,3.7288,3.7936,111051.1,2021-01-26 04:00:00
1611637200000,3.7954,3.8452,3.764,3.8231,167163.35,2021-01-26 05:00:00
1611640800000,3.8306,3.8388,3.727,3.7589,119939.3,2021-01-26 06:00:00
1611644400000,3.7565,3.7691,3.7053,3.7513,94980.52,2021-01-26 07:00:00
1611648000000,3.7507,3.8863,3.7347,3.8545,222597.03,2021-01-26 08:00:00
1611651600000,3.855,3.92,3.7847,3.8187,392234.96,2021-01-26 09:00:00
1611655200000,3.8224,3.95,3.8224,3.9447,251248.06,2021-01-26 10:00:00
1611658800000,3.9397,4.05,3.8547,4.017,531550.63,2021-01-26 11:00:00
1611662400000,4.0165,4.0703,3.8001,3.8308,597527.33,2021-01-26 12:00:00
1611666000000,3.8234,3.8979,3.7759,3.8304,353762.16,2021-01-26 13:00:00
1611669600000,3.8292,3.8521,3.6478,3.7176,456367.89,2021-01-26 14:00:00
1611673200000,3.7154,3.8051,3.7098,3.7882,145192.89,2021-01-26 15:00:00
1611676800000,3.7883,3.8695,3.7403,3.8545,221488.92,2021-01-26 16:00:00
1611680400000,3.8593,4.034,3.84,3.951,637171.55,2021-01-26 17:00:00
1611684000000,3.9511,3.98,3.89,3.9363,268602.71,2021-01-26 18:00:00
1611687600000,3.9468,4.03,3.9352,4.0224,343884.63,2021-01-26 19:00:00
1611691200000,4.0234,4.097,3.98,3.9985,282171.39,2021-01-26 20:00:00
1611694800000,4.0037,4.0584,3.9792,4.0029,146890.18,2021-01-26 21:00:00
1611698400000,4.0072,4.0287,3.9827,4.0233,87772.84,2021-01-26 22:00:00
1611702000000,4.0233,4.0772,4.0075,4.041,198036.37,2021-01-26 23:00:00
1611705600000,4.0418,4.0422,3.9534,3.9915,150030.48,2021-01-27 00:00:00
1611709200000,3.9913,3.993,3.9089,3.9262,80612.87,2021-01-27 01:00:00
1611712800000,3.9302,3.9483,3.8952,3.9004,63391.39,2021-01-27 02:00:00
1611716400000,3.9013,3.9013,3.8379,3.8438,69765.25,2021-01-27 03:00:00
1611720000000,3.8489,3.8645,3.8058,3.8547,100764.95,2021-01-27 04:00:00
1611723600000,3.8557,3.8743,3.7101,3.7317,179410.04,2021-01-27 05:00:00
1611727200000,3.7357,3.7769,3.7267,3.7576,109167.4,2021-01-27 06:00:00
1611730800000,3.7583,3.8,3.754,3.7858,84500.07,2021-01-27 07:00:00
1611734400000,3.7791,3.781,3.673,3.6738,162060.29,2021-01-27 08:00:00
1611738000000,3.6751,3.6944,3.6415,3.6851,131722.97,2021-01-27 09:00:00
1611741600000,3.682,3.6946,3.6299,3.6657,128735.48,2021-01-27 10:00:00
1611745200000,3.6666,3.7249,3.6233,3.6313,80990.91,2021-01-27 11:00:00
1611748800000,3.6254,3.7457,3.6233,3.7165,92295.13,2021-01-27 12:00:00
1611752400000,3.7165,3.7439,3.6493,3.6545,97228.78,2021-01-27 13:00:00
1611756000000,3.6504,3.6781,3.5114,3.6246,313239.51,2021-01-27 14:00:00
1611759600000,3.6237,3.7346,3.5993,3.7253,137230.6,2021-01-27 15:00:00
1611763200000,3.7248,3.7602,3.7,3.719,101387.72,2021-01-27 16:00:00
1611766800000,3.7258,3.752,3.6717,3.7,41070.24,2021-01-27 17:00:00
1611770400000,3.7,3.7128,3.6384,3.6573,66824.59,2021-01-27 18:00:00
1611774000000,3.6569,3.7135,3.6559,3.7011,65098.81,2021-01-27 19:00:00
1611777600000,3.7021,3.7612,3.6846,3.7564,57363.91,2021-01-27 20:00:00
1611781200000,3.7625,3.7628,3.7103,3.7479,38851.93,2021-01-27 21:00:00
1611784800000,3.7462,3.7716,3.691,3.7218,38526.74,2021-01-27 22:00:00
1611788400000,3.7218,3.7392,3.66,3.675,101487.76,2021-01-27 23:00:00
1611792000000,3.664,3.6839,3.6,3.6527,104175.0,2021-01-28 00:00:00
1611795600000,3.6613,3.6649,3.6051,3.6555,37152.53,2021-01-28 01:00:00
1611799200000,3.6556,3.7239,3.6434,3.7144,30494.69,2021-01-28 02:00:00
1611802800000,3.7209,3.7387,3.7019,3.7319,15753.03,2021-01-28 03:00:00
1611806400000,3.7289,3.7769,3.7289,3.7591,48079.57,2021-01-28 04:00:00
1611810000000,3.7651,3.7782,3.7315,3.7744,107082.26,2021-01-28 05:00:00
1611813600000,3.7693,3.7969,3.7527,3.777,69601.89,2021-01-28 06:00:00
1611817200000,3.772,3.7799,3.7405,3.7604,33091.14,2021-01-28 07:00:00
1611820800000,3.7634,3.7949,3.7539,3.7628,25051.19,2021-01-28 08:00:00
1611824400000,3.7684,3.794,3.7358,3.794,58670.47,2021-01-28 09:00:00
1611828000000,3.794,3.8394,3.775,3.836,66680.84,2021-01-28 10:00:00
1611831600000,3.8367,3.8478,3.7796,3.8235,82226.52,2021-01-28 11:00:00
1611835200000,3.8235,3.839,3.7923,3.8198,158585.03,2021-01-28 12:00:00
1611838800000,3.8198,3.96,3.8018,3.9222,165803.88,2021-01-28 13:00:00
1611842400000,3.923,3.9253,3.8824,3.885,166430.31,2021-01-28 14:00:00
1611846000000,3.8887,3.8997,3.84,3.8884,158361.69,2021-01-28 15:00:00
1611849600000,3.8887,3.906,3.8433,3.904,203519.31,2021-01-28 16:00:00
1611853200000,3.9034,3.9205,3.8708,3.9009,79443.29,2021-01-28 17:00:00
1611856800000,3.9009,3.9092,3.87,3.8788,48981.15,2021-01-28 18:00:00
1611860400000,3.8788,3.9,3.8431,3.8542,40608.14,2021-01-28 19:00:00
1611864000000,3.851,3.877,3.79,3.8137,81300.52,2021-01-28 20:00:00
1611867600000,3.8189,3.8436,3.7949,3.8002,94998.81,2021-01-28 21:00:00
1611871200000,3.8001,3.823,3.7921,3.8174,47356.02,2021-01-28 22:00:00
1611874800000,3.8182,3.8658,3.8002,3.81,131977.73,2021-01-28 23:00:00
1611878400000,3.8092,3.8742,3.7966,3.8579,151017.47,2021-01-29 00:00:00
1611882000000,3.8615,3.8679,3.8266,3.8487,35612.98,2021-01-29 01:00:00
1611885600000,3.85,3.87,3.8363,3.84,33591.28,2021-01-29 02:00:00
1611889200000,3.8451,3.8577,3.7875,3.7875,74663.61,2021-01-29 03:00:00
1611892800000,3.7907,3.7935,3.7093,3.7493,101742.95,2021-01-29 04:00:00
1611896400000,3.7497,3.7516,3.6421,3.659,188113.35,2021-01-29 05:00:00
1611900000000,3.659,3.6804,3.6312,3.6558,83824.15,2021-01-29 06:00:00
1611903600000,3.656,3.6829,3.6277,3.6664,93877.71,2021-01-29 07:00:00
1611907200000,3.6662,3.7494,3.6502,3.7392,79877.66,2021-01-29 08:00:00
1611910800000,3.7392,3.7551,3.6,3.6633,443907.6,2021-01-29 09:00:00
1611914400000,3.6633,3.7131,3.6586,3.699,145348.81,2021-01-29 10:00:00
1611918000000,3.699,3.7434,3.699,3.728,151218.04,2021-01-29 11:00:00
1611921600000,3.7249,3.8462,3.7019,3.819,337717.86,2021-01-29 12:00:00
1611925200000,3.8177,3.8333,3.7723,3.778,72230.3,2021-01-29 13:00:00
1611928800000,3.7826,3.8305,3.7777,3.8143,97686.3,2021-01-29 14:00:00
1611932400000,3.8206,3.857,3.7986,3.813,74249.62,2021-01-29 15:00:00
1611936000000,3.8133,3.845,3.784,3.8114,95348.42,2021-01-29 16:00:00
1611939600000,3.8086,3.8229,3.7527,3.7664,79894.02,2021-01-29 17:00:00
1611943200000,3.7662,3.785,3.7304,3.7548,61588.1,2021-01-29 18:00:00
1611946800000,3.7595,3.7628,3.7036,3.7388,52507.69,2021-01-29 19:00:00
1611950400000,3.7375,3.7649,3.7212,3.7468,25394.84,2021-01-29 20:00:00
1611954000000,3.745,3.7663,3.7184,3.7582,41291.21,2021-01-29 21:00:00
1611957600000,3.7615,3.8153,3.7477,3.8133,53572.84,2021-01-29 22:00:00
1611961200000,3.8083,3.912,3.7752,3.8293,417892.05,2021-01-29 23:00:00
1611964800000,3.8301,3.9188,3.8136,3.8721,139679.06,2021-01-30 00:00:00
1611968400000,3.871,3.9039,3.8359,3.8416,34346.81,2021-01-30 01:00:00
1611972000000,3.8372,3.9088,3.8343,3.8564,90826.27,2021-01-30 02:00:00
1611975600000,3.8564,3.8714,3.8165,3.8286,45323.39,2021-01-30 03:00:00
1611979200000,3.8284,3.84,3.796,3.798,31252.59,2021-01-30 04:00:00
1611982800000,3.8029,3.82,3.7667,3.8112,43084.81,2021-01-30 05:00:00
1611986400000,3.8141,3.825,3.7834,3.8127,23739.06,2021-01-30 06:00:00
1611990000000,3.8172,3.8378,3.789,3.8328,22369.87,2021-01-30 07:00:00
1611993600000,3.8361,3.8379,3.8001,3.8356,59619.61,2021-01-30 08:00:00
1611997200000,3.8346,3.9,3.813,3.8469,116590.14,2021-01-30 09:00:00
1612000800000,3.8463,3.93,3.8431,3.8972,139266.81,2021-01-30 10:00:00
1612004400000,3.8996,3.917,3.8466,3.881,150364.23,2021-01-30 11:00:00
1612008000000,3.8873,3.94,3.8556,3.9354,94531.38,2021-01-30 12:00:00
1612011600000,3.94,3.95,3.8978,3.9253,98591.19,2021-01-30 13:00:00
1612015200000,3.9254,4.0,3.9132,3.9741,293522.74,2021-01-30 14:00:00
1612018800000,3.9736,4.0965,3.9679,4.0426,344965.82,2021-01-30 15:00:00
1612022400000,4.0426,4.1357,3.9447,4.0746,381571.81,2021-01-30 16:00:00
1612026000000,4.0795,4.2116,4.0195,4.0618,469059.03,2021-01-30 17:00:00
1612029600000,4.0622,4.1,4.0122,4.023,95371.47,2021-01-30 18:00:00
1612033200000,4.0237,4.0328,3.9592,4.02,82508.03,2021-01-30 19:00:00
1612036800000,4.0239,4.0754,4.02,4.055,63491.3,2021-01-30 20:00:00
1612040400000,4.0606,4.2691,4.0451,4.2493,471638.46,2021-01-30 21:00:00
1612044000000,4.2493,4.3179,4.1939,4.22,533320.36,2021-01-30 22:00:00
1612047600000,4.2282,4.2613,4.1954,4.228,119620.8,2021-01-30 23:00:00
1612051200000,4.228,4.2726,4.154,4.2498,224728.87,2021-01-31 00:00:00
1612054800000,4.2537,4.2834,4.2201,4.2502,61702.44,2021-01-31 01:00:00
1612058400000,4.2525,4.2525,4.18,4.2372,136600.8,2021-01-31 02:00:00
1612062000000,4.2416,4.3453,4.2235,4.324,176052.34,2021-01-31 03:00:00
1612065600000,4.324,4.4334,4.3209,4.4288,367800.84,2021-01-31 04:00:00
1612069200000,4.4289,4.4447,4.3508,4.431,196795.32,2021-01-31 05:00:00
1612072800000,4.4286,4.5419,4.4039,4.5143,319003.23,2021-01-31 06:00:00
1612076400000,4.515,4.55,4.4635,4.4867,219896.75,2021-01-31 07:00:00
1612080000000,4.4892,4.6989,4.4659,4.6926,387510.14,2021-01-31 08:00:00
1612083600000,4.6941,4.805,4.5625,4.5663,642001.2,2021-01-31 09:00:00
1612087200000,4.5686,4.6605,4.5512,4.6103,253724.78,2021-01-31 10:00:00
1612090800000,4.61,4.6413,4.5201,4.55,224004.48,2021-01-31 11:00:00
1612094400000,4.55,4.5771,4.5,4.5371,248050.72,2021-01-31 12:00:00
1612098000000,4.5349,4.5574,4.469,4.4848,172416.31,2021-01-31 13:00:00
1612101600000,4.4848,4.5,4.3493,4.3526,279656.58,2021-01-31 14:00:00
1612105200000,4.3526,4.38,4.1599,4.2266,513395.62,2021-01-31 15:00:00
1612108800000,4.2266,4.3952,4.1798,4.3572,270078.72,2021-01-31 16:00:00
1612112400000,4.3573,4.3943,4.2094,4.2245,132927.96,2021-01-31 17:00:00
1612116000000,4.2245,4.29,4.1924,4.2297,125023.03,2021-01-31 18:00:00
1612119600000,4.2297,4.2969,4.2281,4.2924,83388.07,2021-01-31 19:00:00
1612123200000,4.296,4.321,4.2565,4.307,73628.56,2021-01-31 20:00:00
1612126800000,4.3067,4.3264,4.2851,4.3047,50200.25,2021-01-31 21:00:00
1612130400000,4.3053,4.3543,4.2438,4.264,202971.02,2021-01-31 22:00:00
1612134000000,4.2627,4.3107,4.2465,4.2525,77312.45,2021-01-31 23:00:00
1612137600000,4.2568,4.2595,4.1075,4.1279,195727.25,2021-02-01 00:00:00
1612141200000,4.125,4.2353,4.1147,4.2351,69463.88,2021-02-01 01:00:00
1612144800000,4.234,4.2468,4.1888,4.2363,47291.99,2021-02-01 02:00:00
1612148400000,4.2414,4.2515,4.21,4.2186,65710.67,2021-02-01 03:00:00
1612152000000,4.2204,4.2293,4.2016,4.2051,38201.46,2021-02-01 04:00:00
1612155600000,4.2093,4.222,4.1676,4.2116,45997.78,2021-02-01 05:00:00
1612159200000,4.2078,4.2182,4.1327,4.1552,87056.37,2021-02-01 06:00:00
1612162800000,4.1558,4.1934,4.139,4.1719,55921.22,2021-02-01 07:00:00
1612166400000,4.1656,4.1791,4.13,4.1539,85330.67,2021-02-01 08:00:00
1612170000000,4.156,4.2327,4.1476,4.229,88951.81,2021-02-01 09:00:00
1612173600000,4.2317,4.3441,4.2156,4.342,114234.03,2021-02-01 10:00:00
1612177200000,4.3373,4.41,4.3137,4.3697,151547.38,2021-02-01 11:00:00
1612180800000,4.3734,4.3955,4.28,4.316,104415.91,2021-02-01 12:00:00
1612184400000,4.3182,4.3327,4.24,4.2691,100782.74,2021-02-01 13:00:00
1612188000000,4.2663,4.2675,4.1937,4.2323,78382.68,2021-02-01 14:00:00
1612191600000,4.2323,4.2486,4.2051,4.2058,73280.24,2021-02-01 15:00:00
1612195200000,4.2103,4.2912,4.2042,4.2842,42844.99,2021-02-01 16:00:00
1612198800000,4.2758,4.3657,4.2599,4.3602,55319.12,2021-02-01 17:00:00
1612202400000,4.3601,4.4691,4.3534,4.4413,190940.11,2021-02-01 18:00:00
1612206000000,4.4449,4.495,4.4074,4.495,72409.5,2021-02-01 19:00:00
1612209600000,4.4923,4.4964,4.4167,4.4292,66612.49,2021-02-01 20:00:00
1612213200000,4.4292,4.4385,4.4103,4.4289,52671.13,2021-02-01 21:00:00
1612216800000,4.4295,4.43,4.3958,4.3995,57408.28,2021-02-01 22:00:00
1612220400000,4.3999,4.617,4.3961,4.6148,156550.77,2021-02-01 23:00:00
1612224000000,4.6148,4.6265,4.4767,4.4908,162380.62,2021-02-02 00:00:00
1612227600000,4.4908,4.5289,4.465,4.5044,62962.73,2021-02-02 01:00:00
1612231200000,4.5055,4.88,4.4632,4.8674,557068.57,2021-02-02 02:00:00
1612234800000,4.8683,4.92,4.785,4.8068,386371.98,2021-02-02 03:00:00
1612238400000,4.8039,4.83,4.7437,4.8177,139315.04,2021-02-02 04:00:00
1612242000000,4.8207,4.9385,4.8174,4.9351,200339.39,2021-02-02 05:00:00
1612245600000,4.9352,5.03,4.879,4.8885,263054.42,2021-02-02 06:00:00
1612249200000,4.8857,4.9724,4.8833,4.956,106768.2,2021-02-02 07:00:00
1612252800000,4.9562,5.3585,4.9562,5.266,631088.61,2021-02-02 08:00:00
1612256400000,5.2659,5.28,4.9929,5.1882,527173.12,2021-02-02 09:00:00
1612260000000,5.179,5.3543,5.1116,5.3383,313018.67,2021-02-02 10:00:00
1612263600000,5.3383,5.3395,5.1551,5.22,178938.83,2021-02-02 11:00:00
1612267200000,5.22,5.25,5.1884,5.1995,159534.92,2021-02-02 12:00:00
1612270800000,5.1995,5.2095,5.1437,5.1489,131488.73,2021-02-02 13:00:00
1612274400000,5.1514,5.1773,5.0769,5.1175,113029.14,2021-02-02 14:00:00
1612278000000,5.1162,5.1865,5.024,5.0612,164456.77,2021-02-02 15:00:00
1612281600000,5.0523,5.1457,5.03,5.1086,151225.64,2021-02-02 16:00:00
1612285200000,5.1086,5.2666,5.0882,5.1916,170188.36,2021-02-02 17:00:00
1612288800000,5.1916,5.199,5.1336,5.1617,100200.95,2021-02-02 18:00:00
1612292400000,5.1617,5.2102,5.1288,5.1654,112874.38,2021-02-02 19:00:00
1612296000000,5.1654,5.3105,5.1109,5.3035,210500.9,2021-02-02 20:00:00
1612299600000,5.3092,5.311,5.2099,5.2242,136771.57,2021-02-02 21:00:00
1612303200000,5.224,5.4026,5.2102,5.2834,175880.91,2021-02-02 22:00:00
1612306800000,5.2811,5.3413,5.222,5.2331,124290.16,2021-02-02 23:00:00
1612310400000,5.243,5.3039,5.1933,5.2055,72878.11,2021-02-03 00:00:00
1612314000000,5.2048,5.2516,5.1382,5.1507,110945.25,2021-02-03 01:00:00
1612317600000,5.1533,5.2215,5.1192,5.1258,78846.66,2021-02-03 02:00:00
1612321200000,5.1258,5.1545,5.0929,5.1036,63011.47,2021-02-03 03:00:00
1612324800000,5.0972,5.1906,5.0513,5.1425,197835.31,2021-02-03 04:00:00
1612328400000,5.1494,5.2018,5.1223,5.1888,103533.62,2021-02-03 05:00:00
1612332000000,5.1888,5.21,5.155,5.1647,37745.17,2021-02-03 06:00:00
1612335600000,5.1596,5.2493,5.158,5.1877,93610.38,2021-02-03 07:00:00
1612339200000,5.1862,5.1865,5.1243,5.1348,76877.04,2021-02-03 08:00:00
1612342800000,5.1348,5.1899,5.1264,5.1574,53891.55,2021-02-03 09:00:00
1612346400000,5.1542,5.2032,5.14,5.1968,36917.68,2021-02-03 10:00:00
1612350000000,5.2016,5.2284,5.1903,5.2239,66215.63,2021-02-03 11:00:00
1612353600000,5.2233,5.2413,5.1955,5.2231,44403.65,2021-02-03 12:00:00
1612357200000,5.2284,5.3233,5.18,5.3129,221713.3,2021-02-03 13:00:00
1612360800000,5.3133,5.3893,5.28,5.3514,256599.2,2021-02-03 14:00:00
1612364400000,5.3508,5.63,5.336,5.6068,666530.38,2021-02-03 15:00:00
1612368000000,5.6051,5.6579,5.4754,5.4983,426581.08,2021-02-03 16:00:00
1612371600000,5.4991,5.5375,5.4572,5.5114,203045.39,2021-02-03 17:00:00
1612375200000,5.5112,5.5428,5.4739,5.4897,170362.03,2021-02-03 18:00:00
1612378800000,5.4887,5.5129,5.4284,5.4554,142492.16,2021-02-03 19:00:00
1612382400000,5.4554,5.6666,5.4437,5.5567,268640.49,2021-02-03 20:00:00
1612386000000,5.559,5.6449,5.5391,5.6011,146451.62,2021-02-03 21:00:00
1612389600000,5.6011,5.783,5.584,5.7554,277670.23,2021-02-03 22:00:00
1612393200000,5.7557,5.7693,5.66,5.7311,160661.32,2021-02-03 23:00:00
1612396800000,5.7339,5.8712,5.6612,5.827,296816.81,2021-02-04 00:00:00
1612400400000,5.831,5.85,5.8,5.8282,173111.01,2021-02-04 01:00:00
1612404000000,5.8314,6.0788,5.8283,6.0474,699972.06,2021-02-04 02:00:00
1612407600000,6.0474,6.0635,5.8607,5.911,561561.04,2021-02-04 03:00:00
1612411200000,5.9109,6.0338,5.8897,5.975,226795.03,2021-02-04 04:00:00
1612414800000,5.9704,6.0281,5.9381,5.9699,124548.13,2021-02-04 05:00:00
1612418400000,5.9699,5.974,5.8916,5.92,139338.74,2021-02-04 06:00:00
1612422000000,5.9195,5.9811,5.8215,5.8314,204514.75,2021-02-04 07:00:00
1612425600000,5.8314,5.8745,5.8,5.8001,250658.16,2021-02-04 08:00:00
1612429200000,5.8001,5.8083,5.5676,5.7401,376874.76,2021-02-04 09:00:00
1612432800000,5.743,5.8171,5.7363,5.8055,110525.7,2021-02-04 10:00:00
1612436400000,5.8032,5.8117,5.7541,5.7631,56963.1,2021-02-04 11:00:00
1612440000000,5.7627,5.9298,5.7475,5.9071,150759.49,2021-02-04 12:00:00
1612443600000,5.9043,5.92,5.8751,5.9192,56292.66,2021-02-04 13:00:00
1612447200000,5.9192,5.9515,5.8013,5.8209,153039.0,2021-02-04 14:00:00
1612450800000,5.8206,5.8478,5.6332,5.7092,209309.38,2021-02-04 15:00:00
1612454400000,5.7107,5.7555,5.6559,5.743,93436.77,2021-02-04 16:00:00
1612458000000,5.7385,5.8255,5.7373,5.8125,90197.53,2021-02-04 17:00:00
1612461600000,5.8121,5.8879,5.788,5.8832,86998.72,2021-02-04 18:00:00
1612465200000,5.8877,5.9379,5.8442,5.886,200407.89,2021-02-04 19:00:00
1612468800000,5.886,6.0952,5.886,6.0853,322134.06,2021-02-04 20:00:00
1612472400000,6.0855,6.1886,6.0406,6.1585,295166.67,2021-02-04 21:00:00
1612476000000,6.1548,6.3642,6.1454,6.338,356040.96,2021-02-04 22:00:00
1612479600000,6.339,6.5426,6.3376,6.4085,373919.97,2021-02-04 23:00:00
1612483200000,6.4181,6.7269,6.4086,6.6565,296922.48,2021-02-05 00:00:00
1612486800000,6.6572,6.8,6.65,6.7234,230095.24,2021-02-05 01:00:00
1612490400000,6.7191,6.8613,6.717,6.8515,204984.08,2021-02-05 02:00:00
1612494000000,6.8498,6.8649,6.7862,6.8451,136615.83,2021-02-05 03:00:00
1612497600000,6.8451,6.9306,6.8101,6.8299,155788.91,2021-02-05 04:00:00
1612501200000,6.8297,6.868,6.7361,6.7706,152301.07,2021-02-05 05:00:00
1612504800000,6.7657,6.7825,6.6933,6.7556,228691.58,2021-02-05 06:00:00
1612508400000,6.757,6.7939,6.72,6.7668,118833.67,2021-02-05 07:00:00
1612512000000,6.7665,6.8058,6.7104,6.7877,97475.34,2021-02-05 08:00:00
1612515600000,6.7894,6.7934,6.7133,6.7216,71959.07,2021-02-05 09:00:00
1612519200000,6.7203,6.7633,6.5973,6.6399,251021.79,2021-02-05 10:00:00
1612522800000,6.6364,6.7055,6.5877,6.6629,285717.68,2021-02-05 11:00:00
1612526400000,6.6629,6.7326,6.6256,6.7127,161304.87,2021-02-05 12:00:00
1612530000000,6.7171,6.8231,6.7135,6.7801,138961.67,2021-02-05 13:00:00
1612533600000,6.7857,6.91,6.732,6.9063,183231.75,2021-02-05 14:00:00
1612537200000,6.9018,7.0,6.8352,6.9316,272826.55,2021-02-05 15:00:00
1612540800000,6.9411,7.1438,6.8962,6.9861,296503.06,2021-02-05 16:00:00
1612544400000,6.9837,7.0031,6.7018,6.8361,257991.36,2021-02-05 17:00:00
1612548000000,6.8415,6.85,6.6976,6.7,152617.24,2021-02-05 18:00:00
1612551600000,6.7,6.7678,6.641,6.716,142636.52,2021-02-05 19:00:00
1612555200000,6.7182,6.7753,6.6808,6.7436,66760.37,2021-02-05 20:00:00
1612558800000,6.7436,6.7765,6.7,6.7249,87985.98,2021-02-05 21:00:00
1612562400000,6.7239,6.7309,6.636,6.6674,126232.15,2021-02-05 22:00:00
1612566000000,6.6674,6.7261,6.6268,6.7005,118067.23,2021-02-05 23:00:00
1612569600000,6.7001,6.8181,6.6872,6.7445,173765.32,2021-02-06 00:00:00
1612573200000,6.7457,6.7896,5.9528,6.157,591699.51,2021-02-06 01:00:00
1612576800000,6.1593,6.4114,6.1448,6.1918,359596.86,2021-02-06 02:00:00
1612580400000,6.1918,6.2022,5.9965,6.1457,326508.71,2021-02-06 03:00:00
1612584000000,6.1436,6.1436,5.8848,5.9579,218493.3,2021-02-06 04:00:00
1612587600000,5.9706,6.0471,5.9114,6.0401,148192.44,2021-02-06 05:00:00
1612591200000,6.033,6.1042,5.9503,5.9818,176957.08,2021-02-06 06:00:00
1612594800000,5.9765,5.9991,5.9442,5.9809,162493.17,2021-02-06 07:00:00
1612598400000,5.9769,6.252,5.9769,6.2505,218172.71,2021-02-06 08:00:00
1612602000000,6.2504,6.2601,6.1402,6.1612,115604.09,2021-02-06 09:00:00
1612605600000,6.1566,6.1706,6.0,6.03,136366.37,2021-02-06 10:00:00
1612609200000,6.0224,6.0927,5.9959,6.0033,314077.82,2021-02-06 11:00:00
1612612800000,6.0057,6.0767,6.0003,6.0071,90900.44,2021-02-06 12:00:00
1612616400000,6.007,6.0495,5.902,5.9023,149439.94,2021-02-06 13:00:00
1612620000000,5.9063,5.9794,5.8449,5.8898,241485.04,2021-02-06 14:00:00
1612623600000,5.8879,5.9384,5.7718,5.7933,174064.34,2021-02-06 15:00:00
1612627200000,5.7925,5.87,5.7,5.8638,228262.72,2021-02-06 16:00:00
1612630800000,5.8667,6.0233,5.8506,5.9914,217631.24,2021-02-06 17:00:00
1612634400000,5.9861,6.096,5.9666,6.0647,156393.31,2021-02-06 18:00:00
1612638000000,6.0647,6.112,6.0283,6.085,120678.37,2021-02-06 19:00:00
1612641600000,6.0823,6.1824,6.076,6.1465,206652.14,2021-02-06 20:00:00
1612645200000,6.15,6.353,6.141,6.3401,207424.84,2021-02-06 21:00:00
1612648800000,6.3354,6.3572,6.2575,6.2621,124029.22,2021-02-06 22:00:00
1612652400000,6.2621,6.268,6.0658,6.1225,181319.27,2021-02-06 23:00:00
1612656000000,6.1219,6.1889,6.0902,6.1487,102542.84,2021-02-07 00:00:00
1612659600000,6.1482,6.18,6.02,6.0403,74129.23,2021-02-07 01:00:00
1612663200000,6.0394,6.075,5.853,5.945,157955.05,2021-02-07 02:00:00
1612666800000,5.943,5.9635,5.868,5.9017,63580.04,2021-02-07 03:00:00
1612670400000,5.9017,5.9666,5.75,5.8141,184367.98,2021-02-07 04:00:00
1612674000000,5.8147,5.9196,5.81,5.8893,104715.53,2021-02-07 05:00:00
1612677600000,5.8824,5.9056,5.8443,5.8597,72408.82,2021-02-07 06:00:00
1612681200000,5.8603,5.922,5.8351,5.9079,92267.14,2021-02-07 07:00:00
1612684800000,5.9079,6.45,5.9079,6.4118,419961.05,2021-02-07 08:00:00
1612688400000,6.4212,6.5688,6.3293,6.3786,348148.09,2021-02-07 09:00:00
1612692000000,6.3767,6.4791,6.3576,6.3954,122404.48,2021-02-07 10:00:00
1612695600000,6.3917,6.6914,6.391,6.6591,239391.42,2021-02-07 11:00:00
1612699200000,6.66,6.8,6.5256,6.731,424287.78,2021-02-07 12:00:00
1612702800000,6.7364,6.8807,6.7047,6.8581,330868.6,2021-02-07 13:00:00
1612706400000,6.8581,6.86,6.5777,6.6617,337687.31,2021-02-07 14:00:00
1612710000000,6.6617,6.7007,6.1888,6.4551,465513.69,2021-02-07 15:00:00
1612713600000,6.4599,6.5081,6.11,6.417,460739.76,2021-02-07 16:00:00
1612717200000,6.4115,6.4583,6.3147,6.413,201743.49,2021-02-07 17:00:00
1612720800000,6.4115,6.5923,6.4019,6.5538,158046.91,2021-02-07 18:00:00
1612724400000,6.5612,6.7054,6.5376,6.5442,141276.89,2021-02-07 19:00:00
1612728000000,6.5482,6.6104,6.47,6.5767,193940.73,2021-02-07 20:00:00
1612731600000,6.5778,6.6133,6.5513,6.6133,181705.87,2021-02-07 21:00:00
1612735200000,6.6133,6.6192,6.4666,6.5493,105609.25,2021-02-07 22:00:00
1612738800000,6.55,6.6976,6.5347,6.6976,127774.94,2021-02-07 23:00:00
1612742400000,6.6931,6.7325,6.5898,6.6011,122289.58,2021-02-08 00:00:00
1612746000000,6.601,6.6393,6.4554,6.5063,119193.87,2021-02-08 01:00:00
1612749600000,6.506,6.5518,6.464,6.4994,215900.83,2021-02-08 02:00:00
1612753200000,6.4967,6.655,6.4888,6.6459,167974.47,2021-02-08 03:00:00
1612756800000,6.6367,6.9945,6.6337,6.8645,561045.36,2021-02-08 04:00:00
1612760400000,6.8636,6.9899,6.83,6.9831,178429.66,2021-02-08 05:00:00
1612764000000,6.9768,7.3648,6.9669,7.2223,585046.52,2021-02-08 06:00:00
1612767600000,7.222,7.6389,7.1844,7.5587,499083.79,2021-02-08 07:00:00
1612771200000,7.5577,7.5829,7.3686,7.4458,264012.2,2021-02-08 08:00:00
1612774800000,7.444,7.7158,7.444,7.618,421575.64,2021-02-08 09:00:00
1612778400000,7.6223,7.68,7.57,7.6196,141750.08,2021-02-08 10:00:00
1612782000000,7.6185,7.6325,7.4645,7.4868,153962.1,2021-02-08 11:00:00
1612785600000,7.4876,7.5152,7.21,7.2787,279504.58,2021-02-08 12:00:00
1612789200000,7.2756,7.4176,7.0,7.3004,327242.58,2021-02-08 13:00:00
1612792800000,7.3014,7.5837,7.2627,7.5343,328514.39,2021-02-08 14:00:00
1612796400000,7.531,7.8226,7.4961,7.7551,208877.95,2021-02-08 15:00:00
1612800000000,7.755,7.9783,7.5248,7.7893,669331.91,2021-02-08 16:00:00
1612803600000,7.7996,7.9162,7.683,7.8497,233221.05,2021-02-08 17:00:00
1612807200000,7.8649,7.9488,7.7818,7.94,153541.68,2021-02-08 18:00:00
1612810800000,7.94,8.078,7.9224,8.0344,301293.99,2021-02-08 19:00:00
1612814400000,8.0336,8.06,7.946,7.9987,156489.14,2021-02-08 20:00:00
1612818000000,7.986,8.0657,7.9551,7.9886,138473.77,2021-02-08 21:00:00
1612821600000,7.9886,8.0711,7.8123,7.9613,328549.15,2021-02-08 22:00:00
1612825200000,7.9613,7.9785,7.8236,7.855,163846.79,2021-02-08 23:00:00
1612828800000,7.8651,7.902,7.678,7.8319,181836.7,2021-02-09 00:00:00
1612832400000,7.8311,8.0808,7.7946,8.0303,215365.12,2021-02-09 01:00:00
1612836000000,8.0307,8.4945,7.9556,8.4329,456660.12,2021-02-09 02:00:00
1612839600000,8.4316,8.4326,8.2223,8.328,175900.35,2021-02-09 03:00:00
1612843200000,8.3319,8.4158,8.2722,8.338,88284.45,2021-02-09 04:00:00
1612846800000,8.3504,8.3507,8.1806,8.2789,167397.72,2021-02-09 05:00:00
1612850400000,8.2787,8.3389,7.68,8.0798,285676.55,2021-02-09 06:00:00
1612854000000,8.0888,8.1926,8.0557,8.0645,93561.88,2021-02-09 07:00:00
1612857600000,8.07,8.4377,8.07,8.3519,267383.16,2021-02-09 08:00:00
1612861200000,8.3519,8.3722,7.7121,7.8686,789509.86,2021-02-09 09:00:00
1612864800000,7.8686,7.8931,7.6816,7.6938,259945.57,2021-02-09 10:00:00
1612868400000,7.6936,7.8451,7.6801,7.7596,188636.07,2021-02-09 11:00:00
1612872000000,7.7478,7.7915,7.5763,7.5938,191720.22,2021-02-09 12:00:00
1612875600000,7.5948,7.7418,7.55,7.7303,250947.81,2021-02-09 13:00:00
1612879200000,7.7355,7.8074,7.6701,7.7887,132193.66,2021-02-09 14:00:00
1612882800000,7.7833,7.8111,7.6761,7.695,137904.22,2021-02-09 15:00:00
1612886400000,7.6945,7.7515,7.6062,7.6561,131052.15,2021-02-09 16:00:00
1612890000000,7.6615,7.7465,7.5949,7.7287,122660.0,2021-02-09 17:00:00
1612893600000,7.7312,7.8283,7.71,7.8172,123053.01,2021-02-09 18:00:00
1612897200000,7.8102,7.9438,7.8014,7.9164,161767.58,2021-02-09 19:00:00
1612900800000,7.9268,8.0,7.887,7.995,100231.32,2021-02-09 20:00:00
1612904400000,7.9951,8.0,7.9078,7.9195,78799.87,2021-02-09 21:00:00
1612908000000,7.9362,7.94,7.8182,7.8597,111391.43,2021-02-09 22:00:00
1612911600000,7.8598,7.8747,7.7876,7.8005,91610.55,2021-02-09 23:00:00
1612915200000,7.8005,8.0164,7.7259,7.9893,246368.34,2021-02-10 00:00:00
1612918800000,7.9996,8.3722,7.9856,8.3646,234432.94,2021-02-10 01:00:00
1612922400000,8.3698,8.3787,8.2,8.2401,177326.46,2021-02-10 02:00:00
1612926000000,8.24,8.3777,8.1686,8.3096,123764.05,2021-02-10 03:00:00
1612929600000,8.3005,8.3095,8.0688,8.1769,210339.33,2021-02-10 04:00:00
1612933200000,8.1769,8.1974,8.1149,8.1908,67054.73,2021-02-10 05:00:00
1612936800000,8.1906,8.25,8.1333,8.2284,82763.91,2021-02-10 06:00:00
1612940400000,8.2205,8.2837,8.155,8.1681,112139.58,2021-02-10 07:00:00
1612944000000,8.1681,8.3928,8.1546,8.375,214548.83,2021-02-10 08:00:00
1612947600000,8.375,8.4,8.3,8.3168,113223.43,2021-02-10 09:00:00
1612951200000,8.3063,8.3675,8.2198,8.31,103798.85,2021-02-10 10:00:00
1612954800000,8.31,8.3273,8.2336,8.2456,60483.01,2021-02-10 11:00:00
1612958400000,8.2456,8.2811,7.26,7.9191,357536.24,2021-02-10 12:00:00
1612962000000,7.9192,8.0808,7.823,8.0738,192236.12,2021-02-10 13:00:00
1612965600000,8.0662,8.1745,7.87,7.8863,187291.68,2021-02-10 14:00:00
1612969200000,7.8844,7.9,7.6239,7.7806,215470.87,2021-02-10 15:00:00
1612972800000,7.7833,7.9196,7.6435,7.8809,143614.44,2021-02-10 16:00:00
1612976400000,7.8984,7.9996,7.8194,7.9645,77020.02,2021-02-10 17:00:00
1612980000000,7.9647,8.2686,7.901,8.2513,136884.56,2021-02-10 18:00:00
1612983600000,8.2499,8.3763,8.0724,8.3573,148932.49,2021-02-10 19:00:00
1612987200000,8.3561,8.88,8.2818,8.7762,409652.9,2021-02-10 20:00:00
1612990800000,8.7642,8.9008,8.616,8.685,319414.15,2021-02-10 21:00:00
1612994400000,8.6833,9.0561,8.6557,8.9314,251504.69,2021-02-10 22:00:00
1612998000000,8.9314,9.09,8.8203,9.09,233620.17,2021-02-10 23:00:00
1613001600000,9.0897,9.26,8.72,8.8354,489329.06,2021-02-11 00:00:00
1613005200000,8.8522,8.9768,8.7524,8.891,206839.57,2021-02-11 01:00:00
1613008800000,8.8855,8.9831,8.8821,8.9489,32034.09,2021-02-11 02:00:00
1613012400000,8.9489,8.9489,8.9489,8.9489,0.0,2021-02-11 03:00:00
1613019600000,8.9554,9.346,8.9397,9.3061,308031.63,2021-02-11 05:00:00
1613023200000,9.3135,9.5,9.2308,9.4798,395100.14,2021-02-11 06:00:00
1613026800000,9.4781,9.5998,9.4,9.4559,288088.36,2021-02-11 07:00:00
1613030400000,9.4522,9.5143,9.2723,9.4581,265471.37,2021-02-11 08:00:00
1613034000000,9.4649,9.6641,9.36,9.588,247134.99,2021-02-11 09:00:00
1613037600000,9.5847,9.7425,9.1158,9.1618,864160.28,2021-02-11 10:00:00
1613041200000,9.1563,9.2524,9.0652,9.159,600196.16,2021-02-11 11:00:00
1613044800000,9.1578,9.3891,9.1308,9.3246,221453.94,2021-02-11 12:00:00
1613048400000,9.3246,9.4574,9.2414,9.3403,178552.95,2021-02-11 13:00:00
1613052000000,9.3401,9.4108,9.2102,9.3114,139735.2,2021-02-11 14:00:00
1613055600000,9.3114,9.3362,9.2143,9.2748,100640.29,2021-02-11 15:00:00
1613059200000,9.2689,9.4085,9.114,9.1341,242704.06,2021-02-11 16:00:00
1613062800000,9.1312,9.2999,9.032,9.0654,243608.99,2021-02-11 17:00:00
1613066400000,9.0654,9.1652,9.04,9.1011,143016.29,2021-02-11 18:00:00
1613070000000,9.1024,9.1819,8.9989,9.1219,124997.41,2021-02-11 19:00:00
1613073600000,9.1188,9.2289,9.0329,9.0412,136423.93,2021-02-11 20:00:00
1613077200000,9.041,9.0876,8.8853,8.9584,144169.97,2021-02-11 21:00:00
1613080800000,8.9727,9.0271,8.9001,8.9814,147148.51,2021-02-11 22:00:00
1613084400000,8.9738,9.2842,8.9102,9.2004,176041.58,2021-02-11 23:00:00
1613088000000,9.2058,9.2476,9.0353,9.1121,180835.45,2021-02-12 00:00:00
1613091600000,9.1063,9.2154,9.0528,9.1732,84073.37,2021-02-12 01:00:00
1613095200000,9.1736,9.4917,9.1241,9.475,91421.53,2021-02-12 02:00:00
1613098800000,9.4749,9.6464,9.3616,9.4242,248177.35,2021-02-12 03:00:00
1613102400000,9.418,9.4328,9.144,9.3001,179183.97,2021-02-12 04:00:00
1613106000000,9.3001,9.3971,9.2612,9.3374,91599.46,2021-02-12 05:00:00
1613109600000,9.3354,9.3972,9.26,9.3923,54806.08,2021-02-12 06:00:00
1613113200000,9.3908,9.3987,9.2729,9.3377,113349.41,2021-02-12 07:00:00
1613116800000,9.3325,9.4722,9.2914,9.4545,91622.63,2021-02-12 08:00:00
1613120400000,9.4546,9.5555,9.3722,9.5536,125136.16,2021-02-12 09:00:00
1613124000000,9.5535,9.6182,9.5136,9.6065,52580.42,2021-02-12 10:00:00
1613127600000,9.6162,9.8874,9.6074,9.7662,202367.7,2021-02-12 11:00:00
1613131200000,9.7662,9.9237,9.72,9.9105,150339.73,2021-02-12 12:00:00
1613134800000,9.915,9.93,9.5745,9.5806,197582.48,2021-02-12 13:00:00
1613138400000,9.5742,9.6582,9.2066,9.3954,180867.31,2021-02-12 14:00:00
1613142000000,9.3821,9.6242,9.382,9.5419,133643.62,2021-02-12 15:00:00
1613145600000,9.5404,9.7335,9.5308,9.7026,139483.68,2021-02-12 16:00:00
1613149200000,9.72,9.7275,9.5463,9.5853,73075.51,2021-02-12 17:00:00
1613152800000,9.5842,9.6653,9.4516,9.5073,120167.98,2021-02-12 18:00:00
1613156400000,9.5086,9.5331,9.4233,9.4421,48103.85,2021-02-12 19:00:00
1613160000000,9.4525,9.4984,9.4049,9.4371,48035.51,2021-02-12 20:00:00
1613163600000,9.4375,9.4379,9.2875,9.3139,100851.52,2021-02-12 21:00:00
1613167200000,9.325,9.419,9.3106,9.3399,87881.31,2021-02-12 22:00:00
1613170800000,9.3399,9.3898,9.1976,9.2,72072.81,2021-02-12 23:00:00
1613174400000,9.2007,9.2823,9.1403,9.17,180178.76,2021-02-13 00:00:00
1613178000000,9.17,9.3356,9.1612,9.2479,83413.82,2021-02-13 01:00:00
1613181600000,9.2479,9.2969,9.2106,9.2727,52712.89,2021-02-13 02:00:00
1613185200000,9.2839,9.406,9.2688,9.3941,117878.66,2021-02-13 03:00:00
1613188800000,9.3948,9.5117,9.3862,9.4786,61974.53,2021-02-13 04:00:00
1613192400000,9.4778,9.4871,9.3066,9.43,82967.91,2021-02-13 05:00:00
1613196000000,9.4303,9.5,9.3573,9.38,141049.43,2021-02-13 06:00:00
1613199600000,9.3794,9.4075,9.1323,9.1451,140753.39,2021-02-13 07:00:00
1613203200000,9.15,9.2575,9.1,9.2524,108565.37,2021-02-13 08:00:00
1613206800000,9.2417,9.339,9.1915,9.2664,104684.45,2021-02-13 09:00:00
1613210400000,9.265,9.265,8.9012,8.9151,327395.79,2021-02-13 10:00:00
1613214000000,8.915,8.9614,8.6596,8.8609,278090.28,2021-02-13 11:00:00
1613217600000,8.8762,8.9797,8.6857,8.9375,263555.16,2021-02-13 12:00:00
1613221200000,8.9291,9.1,8.88,9.0208,190102.98,2021-02-13 13:00:00
1613224800000,9.0138,9.0499,8.9182,9.0066,146075.77,2021-02-13 14:00:00
1613228400000,9.0044,9.1546,8.9708,9.067,184521.9,2021-02-13 15:00:00
1613232000000,9.07,9.1558,9.0101,9.0242,114221.02,2021-02-13 16:00:00
1613235600000,9.0241,9.0428,8.881,8.9415,164887.35,2021-02-13 17:00:00
1613239200000,8.9265,9.007,8.8902,8.9229,112082.78,2021-02-13 18:00:00
1613242800000,8.9229,8.9612,8.8647,8.8884,128619.51,2021-02-13 19:00:00
1613246400000,8.8959,8.8959,8.7285,8.8009,157981.13,2021-02-13 20:00:00
1613250000000,8.8047,8.8356,8.658,8.7265,177871.33,2021-02-13 21:00:00
1613253600000,8.73,8.7732,8.6674,8.7641,103858.14,2021-02-13 22:00:00
1613257200000,8.7598,8.8366,8.7039,8.7441,64036.33,2021-02-13 23:00:00
1613260800000,8.7448,8.7914,8.567,8.5977,158652.98,2021-02-14 00:00:00
1613264400000,8.5978,9.0558,8.568,8.9896,222008.43,2021-02-14 01:00:00
1613268000000,8.9896,9.23,8.9338,9.2053,264666.22,2021-02-14 02:00:00
1613271600000,9.1961,9.2198,8.8922,8.9088,198144.36,2021-02-14 03:00:00
1613275200000,8.9199,9.0276,8.8321,8.9198,111009.12,2021-02-14 04:00:00
1613278800000,8.9286,8.9799,8.6483,8.7066,173524.14,2021-02-14 05:00:00
1613282400000,8.716,8.7359,8.578,8.6622,152506.86,2021-02-14 06:00:00
1613286000000,8.6506,8.7234,8.65,8.7083,55957.47,2021-02-14 07:00:00
1613289600000,8.714,8.7419,8.6601,8.6615,72361.17,2021-02-14 08:00:00
1613293200000,8.6611,8.7357,8.6501,8.6659,63498.05,2021-02-14 09:00:00
1613296800000,8.6732,8.7379,8.58,8.58,97435.71,2021-02-14 10:00:00
1613300400000,8.5899,8.64,8.5501,8.5699,73006.86,2021-02-14 11:00:00
1613304000000,8.5699,8.72,8.53,8.6629,307611.42,2021-02-14 12:00:00
1613307600000,8.6632,8.6746,8.5293,8.6279,117813.25,2021-02-14 13:00:00
1613311200000,8.6226,8.6892,8.5837,8.602,108385.03,2021-02-14 14:00:00
1613314800000,8.602,8.8236,8.5932,8.6773,186573.35,2021-02-14 15:00:00
1613318400000,8.6827,8.9,8.6632,8.8632,91075.45,2021-02-14 16:00:00
1613322000000,8.8632,8.9933,8.8432,8.853,85864.52,2021-02-14 17:00:00
1613325600000,8.8578,8.9902,8.8432,8.8969,75956.05,2021-02-14 18:00:00
1613329200000,8.9056,8.9653,8.8188,8.8517,79123.45,2021-02-14 19:00:00
1613332800000,8.8412,8.9102,8.8005,8.8416,45255.58,2021-02-14 20:00:00
1613336400000,8.847,8.881,8.79,8.8744,71429.4,2021-02-14 21:00:00
1613340000000,8.8742,8.8742,8.7771,8.8064,35191.78,2021-02-14 22:00:00
1613343600000,8.8165,8.8966,8.7055,8.7158,42898.39,2021-02-14 23:00:00
1613347200000,8.7234,8.7988,8.7027,8.7175,39098.94,2021-02-15 00:00:00
1613350800000,8.7151,8.7151,8.3587,8.3957,240799.04,2021-02-15 01:00:00
1613354400000,8.3957,8.4302,7.7,7.8942,391607.01,2021-02-15 02:00:00
1613358000000,7.8943,8.1661,7.8,8.1148,295386.13,2021-02-15 03:00:00
1613361600000,8.1193,8.1193,7.91,8.0162,115404.3,2021-02-15 04:00:00
1613365200000,8.0225,8.0477,7.9034,7.9668,70200.25,2021-02-15 05:00:00
1613368800000,7.9758,8.1942,7.9671,8.1788,79482.6,2021-02-15 06:00:00
1613372400000,8.1885,8.3174,8.1701,8.2892,107341.06,2021-02-15 07:00:00
1613376000000,8.2909,8.45,8.19,8.4118,150505.78,2021-02-15 08:00:00
1613379600000,8.4118,8.44,8.3178,8.347,66174.09,2021-02-15 09:00:00
1613383200000,8.3442,8.3944,8.3248,8.3881,49327.55,2021-02-15 10:00:00
1613386800000,8.3882,8.6445,8.3716,8.6276,103571.23,2021-02-15 11:00:00
1613390400000,8.628,8.6457,8.5,8.6262,85343.54,2021-02-15 12:00:00
1613394000000,8.6297,8.6999,8.5865,8.6703,62009.55,2021-02-15 13:00:00
1613397600000,8.6744,8.7733,8.617,8.6792,112988.02,2021-02-15 14:00:00
1613401200000,8.68,9.1398,8.68,8.9132,451692.51,2021-02-15 15:00:00
1613404800000,8.9147,9.146,8.8333,9.0782,233854.4,2021-02-15 16:00:00
1613408400000,9.0821,9.145,9.0311,9.0886,111888.61,2021-02-15 17:00:00
1613412000000,9.0934,9.38,9.0062,9.2746,251283.53,2021-02-15 18:00:00
1613415600000,9.2746,9.3184,9.1758,9.1943,59418.5,2021-02-15 19:00:00
1613419200000,9.1941,9.3171,9.1662,9.22,58693.1,2021-02-15 20:00:00
1613422800000,9.2217,9.2386,8.8988,8.912,83495.59,2021-02-15 21:00:00
1613426400000,8.9119,8.9436,8.661,8.9169,160539.44,2021-02-15 22:00:00
1613430000000,8.9171,8.96,8.7892,8.8516,44791.42,2021-02-15 23:00:00
1613433600000,8.866,8.8937,8.5798,8.736,192383.73,2021-02-16 00:00:00
1613437200000,8.7449,8.8294,8.736,8.8007,37011.99,2021-02-16 01:00:00
1613440800000,8.8141,8.9,8.8115,8.8864,30674.34,2021-02-16 02:00:00
1613444400000,8.8727,9.0,8.8593,8.9037,60579.05,2021-02-16 03:00:00
1613448000000,8.8988,8.8988,8.584,8.7012,205530.38,2021-02-16 04:00:00
1613451600000,8.7009,8.7009,8.6153,8.6413,61902.94,2021-02-16 05:00:00
1613455200000,8.6413,8.689,8.484,8.6463,98698.71,2021-02-16 06:00:00
1613458800000,8.6453,8.7354,8.5734,8.7211,109418.78,2021-02-16 07:00:00
1613462400000,8.7288,8.7923,8.6772,8.776,64694.91,2021-02-16 08:00:00
1613466000000,8.7799,8.78,8.6497,8.7073,93176.81,2021-02-16 09:00:00
1613469600000,8.692,8.7535,8.6642,8.6946,32175.02,2021-02-16 10:00:00
1613473200000,8.6965,8.6965,8.5736,8.575,39490.83,2021-02-16 11:00:00
1613476800000,8.5809,8.71,8.4912,8.5225,151648.57,2021-02-16 12:00:00
1613480400000,8.5229,8.65,8.4864,8.5012,200124.36,2021-02-16 13:00:00
1613484000000,8.4929,8.4992,8.39,8.4667,74754.45,2021-02-16 14:00:00
1613487600000,8.4674,8.4999,8.3778,8.3899,32249.38,2021-02-16 15:00:00
1613491200000,8.3813,8.4082,8.0103,8.0242,232221.36,2021-02-16 16:00:00
1613494800000,8.0242,8.2598,8.0173,8.1507,117709.59,2021-02-16 17:00:00
1613498400000,8.1575,8.2271,8.07,8.2245,56427.95,2021-02-16 18:00:00
1613502000000,8.2211,8.2388,8.0918,8.1417,50649.99,2021-02-16 19:00:00
1613505600000,8.1487,8.1491,7.9601,8.1242,184478.97,2021-02-16 20:00:00
1613509200000,8.1239,8.2222,8.0557,8.2037,58881.85,2021-02-16 21:00:00
1613512800000,8.2056,8.3116,8.1845,8.3027,37222.47,2021-02-16 22:00:00
1613516400000,8.3027,8.3169,8.2661,8.3002,35111.26,2021-02-16 23:00:00
1613520000000,8.3035,8.3196,8.0985,8.1188,184937.54,2021-02-17 00:00:00
1613523600000,8.1188,8.2222,8.05,8.0846,132718.55,2021-02-17 01:00:00
1613527200000,8.0927,8.1341,7.938,7.9866,147480.91,2021-02-17 02:00:00
1613530800000,7.9866,8.0087,7.6885,7.7125,236741.99,2021-02-17 03:00:00
1613534400000,7.7057,7.7994,7.5182,7.596,259952.94,2021-02-17 04:00:00
1613538000000,7.588,7.6798,7.5288,7.6568,123566.15,2021-02-17 05:00:00
1613541600000,7.6606,7.6998,7.5877,7.6464,90797.95,2021-02-17 06:00:00
1613545200000,7.6478,7.9758,7.6004,7.9487,187158.52,2021-02-17 07:00:00
1613548800000,7.9603,7.98,7.8555,7.9338,115354.11,2021-02-17 08:00:00
1613552400000,7.9338,7.953,7.8321,7.8673,96159.84,2021-02-17 09:00:00
1613556000000,7.8764,8.064,7.8703,8.0336,114296.36,2021-02-17 10:00:00
1613559600000,8.0267,8.1821,8.0094,8.1048,65352.38,2021-02-17 11:00:00
1613563200000,8.1084,8.2719,8.0501,8.1415,156582.85,2021-02-17 12:00:00
1613566800000,8.1413,8.1683,8.0243,8.082,93019.17,2021-02-17 13:00:00
1613570400000,8.0916,8.2557,8.0849,8.185,185911.18,2021-02-17 14:00:00
1613574000000,8.1937,8.3542,8.187,8.2319,224753.6,2021-02-17 15:00:00
1613577600000,8.2319,8.3242,8.1,8.1406,152329.27,2021-02-17 16:00:00
1613581200000,8.1405,8.3499,8.1235,8.3101,247463.68,2021-02-17 17:00:00
1613584800000,8.31,8.3308,8.1831,8.2708,110900.13,2021-02-17 18:00:00
1613588400000,8.2817,8.45,8.2717,8.4013,131510.79,2021-02-17 19:00:00
1613592000000,8.3942,8.4219,8.3193,8.3578,76228.44,2021-02-17 20:00:00
1613595600000,8.3675,8.4132,8.31,8.3829,47811.95,2021-02-17 21:00:00
1613599200000,8.3917,8.4099,8.2044,8.2218,98537.72,2021-02-17 22:00:00
1613602800000,8.2221,8.289,8.2033,8.2357,52079.42,2021-02-17 23:00:00
1613606400000,8.2412,8.3283,8.23,8.3246,35416.72,2021-02-18 00:00:00
1613610000000,8.3119,8.5,8.2993,8.4378,77759.05,2021-02-18 01:00:00
1613613600000,8.4379,8.4879,8.3904,8.4511,50404.01,2021-02-18 02:00:00
1613617200000,8.4494,8.5935,8.4239,8.4599,87002.05,2021-02-18 03:00:00
1613620800000,8.4599,8.5564,8.4408,8.5383,37110.96,2021-02-18 04:00:00
1613624400000,8.5352,8.6191,8.4872,8.6048,45777.0,2021-02-18 05:00:00
1613628000000,8.6129,8.6475,8.5522,8.57,32022.11,2021-02-18 06:00:00
1613631600000,8.5774,8.6232,8.5143,8.5484,39788.96,2021-02-18 07:00:00
1613635200000,8.5484,8.58,8.451,8.4587,51216.61,2021-02-18 08:00:00
1613638800000,8.4587,8.5598,8.45,8.5215,31538.21,2021-02-18 09:00:00
1613642400000,8.5277,8.5846,8.4626,8.4858,54162.92,2021-02-18 10:00:00
1613646000000,8.4858,8.5495,8.4238,8.5178,69739.59,2021-02-18 11:00:00
1613649600000,8.5178,8.5466,8.4125,8.4812,69839.86,2021-02-18 12:00:00
1613653200000,8.4752,8.4994,8.4298,8.4307,34367.47,2021-02-18 13:00:00
1613656800000,8.4295,9.0333,8.4215,9.0151,441424.15,2021-02-18 14:00:00
1613660400000,9.0151,9.2467,8.9978,9.241,491523.15,2021-02-18 15:00:00
1613664000000,9.2368,9.32,9.0496,9.0801,285294.34,2021-02-18 16:00:00
1613667600000,9.086,9.1203,8.9336,9.0262,201355.34,2021-02-18 17:00:00
1613671200000,9.0262,9.1,8.9806,9.0718,80574.16,2021-02-18 18:00:00
1613674800000,9.0718,9.1701,9.033,9.033,92202.7,2021-02-18 19:00:00
1613678400000,9.0432,9.0432,8.9151,8.9567,66540.66,2021-02-18 20:00:00
1613682000000,8.9567,9.0201,8.9497,9.0197,27833.42,2021-02-18 21:00:00
1613685600000,9.0197,9.08,8.977,9.0026,46597.45,2021-02-18 22:00:00
1613689200000,9.0042,9.037,8.9586,8.9771,30368.3,2021-02-18 23:00:00
1613692800000,8.988,9.1028,8.9528,9.0788,97284.52,2021-02-19 00:00:00
1613696400000,9.0788,9.0831,8.7483,8.7676,155089.71,2021-02-19 01:00:00
1613700000000,8.7717,8.7838,8.5257,8.7182,388863.93,2021-02-19 02:00:00
1613703600000,8.7091,8.7376,8.6363,8.6818,174651.96,2021-02-19 03:00:00
1613707200000,8.6719,8.7159,8.5574,8.5813,97862.84,2021-02-19 04:00:00
1613710800000,8.5814,8.6772,8.5732,8.6278,76112.45,2021-02-19 05:00:00
1613714400000,8.6278,9.38,8.6236,9.3211,757771.44,2021-02-19 06:00:00
1613718000000,9.3329,9.5042,9.3289,9.4914,265342.26,2021-02-19 07:00:00
1613721600000,9.4914,9.51,9.3582,9.4444,286982.79,2021-02-19 08:00:00
1613725200000,9.4447,9.65,9.327,9.6412,215945.03,2021-02-19 09:00:00
1613728800000,9.6465,9.7404,9.5479,9.7209,192086.58,2021-02-19 10:00:00
1613732400000,9.7191,9.8907,9.682,9.8492,239806.9,2021-02-19 11:00:00
1613736000000,9.8492,10.8404,9.8379,10.8318,1018369.28,2021-02-19 12:00:00
1613739600000,10.8386,11.243,10.546,11.1525,746790.87,2021-02-19 13:00:00
1613743200000,11.1547,11.85,10.9398,11.2899,616794.19,2021-02-19 14:00:00
1613746800000,11.2784,11.3191,10.74,10.9513,393621.29,2021-02-19 15:00:00
1613750400000,10.9511,11.19,10.9097,11.1252,255578.93,2021-02-19 16:00:00
1613754000000,11.1258,11.4455,11.1067,11.4012,130788.91,2021-02-19 17:00:00
1613757600000,11.4065,11.5385,11.3474,11.4529,93370.65,2021-02-19 18:00:00
1613761200000,11.4529,11.4841,11.2875,11.4696,144577.3,2021-02-19 19:00:00
1613764800000,11.4696,11.5381,11.3301,11.3408,161859.15,2021-02-19 20:00:00
1613768400000,11.3408,11.3561,10.8474,10.9969,280950.58,2021-02-19 21:00:00
1613772000000,10.9969,11.1282,10.956,11.0532,160490.18,2021-02-19 22:00:00
1613775600000,11.0534,11.4944,11.0351,11.4912,155331.32,2021-02-19 23:00:00
1613779200000,11.4845,11.8327,10.9673,11.0,643073.32,2021-02-20 00:00:00
1613782800000,11.0,11.1039,10.8478,11.0635,242871.54,2021-02-20 01:00:00
1613786400000,11.0578,11.2,10.99,11.1675,96782.69,2021-02-20 02:00:00
1613790000000,11.1773,11.2,10.9,11.1003,112661.11,2021-02-20 03:00:00
1613793600000,11.1031,11.111,11.0,11.0419,65597.41,2021-02-20 04:00:00
1613797200000,11.0337,11.2442,11.021,11.2306,87189.79,2021-02-20 05:00:00
1613800800000,11.2221,11.3509,11.1897,11.2897,91554.84,2021-02-20 06:00:00
1613804400000,11.3,11.3,10.9037,10.9037,137262.93,2021-02-20 07:00:00
1613808000000,10.9048,11.0915,10.8754,10.9315,95058.68,2021-02-20 08:00:00
1613811600000,10.9316,10.9449,10.6136,10.787,251957.51,2021-02-20 09:00:00
1613815200000,10.7829,10.863,10.6941,10.7875,107224.98,2021-02-20 10:00:00
1613818800000,10.7838,11.0647,10.7575,10.7923,186435.41,2021-02-20 11:00:00
1613822400000,10.78,10.9806,10.7,10.8737,136768.83,2021-02-20 12:00:00
1613826000000,10.8737,10.8945,10.5972,10.7215,171366.07,2021-02-20 13:00:00
1613829600000,10.7183,10.8008,9.754,10.3413,335738.89,2021-02-20 14:00:00
1613833200000,10.3424,10.3999,10.0272,10.2533,530524.62,2021-02-20 15:00:00
1613836800000,10.2533,10.5896,10.2064,10.5829,182206.78,2021-02-20 16:00:00
1613840400000,10.5823,10.605,10.4102,10.4353,185000.04,2021-02-20 17:00:00
1613844000000,10.4368,10.5025,10.4,10.4849,88103.66,2021-02-20 18:00:00
1613847600000,10.4751,10.5277,10.4027,10.4481,84490.96,2021-02-20 19:00:00
1613851200000,10.4502,10.4948,10.3224,10.4325,80371.33,2021-02-20 20:00:00
1613854800000,10.432,10.432,10.21,10.3409,138666.91,2021-02-20 21:00:00
1613858400000,10.3486,10.35,9.8,10.0901,300752.44,2021-02-20 22:00:00
1613862000000,10.0854,10.2416,9.7926,9.9869,379663.63,2021-02-20 23:00:00
1613865600000,9.9849,10.2459,9.8101,10.2203,180363.14,2021-02-21 00:00:00
1613869200000,10.2229,10.3587,10.1493,10.3425,104364.31,2021-02-21 01:00:00
1613872800000,10.3408,10.4459,10.2922,10.3119,75226.72,2021-02-21 02:00:00
1613876400000,10.3119,10.3757,10.1968,10.2116,94665.48,2021-02-21 03:00:00
1613880000000,10.2135,10.2812,10.0838,10.2024,89291.2,2021-02-21 04:00:00
1613883600000,10.2023,10.2316,10.1027,10.2,71333.55,2021-02-21 05:00:00
1613887200000,10.2,10.2327,10.0958,10.2002,53601.38,2021-02-21 06:00:00
1613890800000,10.2007,10.2447,9.99,10.0302,88032.69,2021-02-21 07:00:00
1613894400000,10.0295,10.2207,9.9664,10.1794,86142.42,2021-02-21 08:00:00
1613898000000,10.1846,10.3887,10.1815,10.3641,60118.23,2021-02-21 09:00:00
1613901600000,10.354,10.6,10.292,10.5905,114931.29,2021-02-21 10:00:00
1613905200000,10.5981,10.7446,10.4989,10.7298,107043.59,2021-02-21 11:00:00
1613908800000,10.7283,10.99,10.5211,10.8147,289551.22,2021-02-21 12:00:00
1613912400000,10.8107,10.8933,10.6511,10.654,157520.81,2021-02-21 13:00:00
1613916000000,10.6668,10.695,10.5374,10.6042,76987.84,2021-02-21 14:00:00
1613919600000,10.6045,10.6201,10.409,10.599,133345.64,2021-02-21 15:00:00
1613923200000,10.5967,10.841,10.5831,10.7824,222644.74,2021-02-21 16:00:00
1613926800000,10.7809,11.4,10.6418,11.3808,423652.16,2021-02-21 17:00:00
1613930400000,11.3878,11.6707,11.3598,11.3873,434906.95,2021-02-21 18:00:00
1613934000000,11.3873,11.4681,11.29,11.3097,142694.87,2021-02-21 19:00:00
1613937600000,11.31,11.3157,10.8116,10.9603,235186.27,2021-02-21 20:00:00
1613941200000,10.9492,11.0864,10.8415,10.8689,233635.63,2021-02-21 21:00:00
1613944800000,10.8604,11.1185,10.85,11.0904,160695.57,2021-02-21 22:00:00
1613948400000,11.0789,11.15,10.9832,11.0753,58329.45,2021-02-21 23:00:00
1613952000000,11.0738,11.1355,10.6379,10.6481,178855.69,2021-02-22 00:00:00
1613955600000,10.653,10.6634,10.4726,10.6429,171718.3,2021-02-22 01:00:00
1613959200000,10.6398,10.7321,10.5483,10.6767,149882.59,2021-02-22 02:00:00
1613962800000,10.6766,10.7286,10.5033,10.5136,126095.52,2021-02-22 03:00:00
1613966400000,10.505,10.6151,10.3,10.475,190099.84,2021-02-22 04:00:00
1613970000000,10.4801,10.7612,10.4771,10.4954,308174.06,2021-02-22 05:00:00
1613973600000,10.4949,10.7534,10.4376,10.6008,235009.23,2021-02-22 06:00:00
1613977200000,10.6121,10.6871,10.5477,10.6552,82175.95,2021-02-22 07:00:00
1613980800000,10.6651,10.86,10.6002,10.7112,159991.9,2021-02-22 08:00:00
1613984400000,10.7136,10.7595,10.3073,10.3477,273181.38,2021-02-22 09:00:00
1613988000000,10.3477,10.4613,9.6726,9.7201,1907372.95,2021-02-22 10:00:00
1613991600000,9.7287,10.1107,9.6812,9.9162,574840.26,2021-02-22 11:00:00
1613995200000,9.9162,9.9664,9.3412,9.8695,491118.94,2021-02-22 12:00:00
1613998800000,9.868,10.1694,9.7999,9.8181,552503.88,2021-02-22 13:00:00
1614002400000,9.8315,10.5,9.1,10.3887,722149.0,2021-02-22 14:00:00
1614006000000,10.3754,10.4345,10.1495,10.2709,248082.24,2021-02-22 15:00:00
1614009600000,10.2747,11.2302,10.1716,11.1397,674100.83,2021-02-22 16:00:00
1614013200000,11.1442,12.2724,10.9743,11.692,1852184.76,2021-02-22 17:00:00
1614016800000,11.7219,12.3655,11.3394,12.2973,1042025.89,2021-02-22 18:00:00
1614020400000,12.3072,14.0238,12.166,13.32,2038569.59,2021-02-22 19:00:00
1614024000000,13.3165,13.8884,13.1111,13.126,777644.77,2021-02-22 20:00:00
1614027600000,13.1421,13.5608,13.0,13.1609,515957.71,2021-02-22 21:00:00
1614031200000,13.1432,13.9089,13.0036,13.5394,472678.15,2021-02-22 22:00:00
1614034800000,13.5424,14.8,13.1766,14.4191,967257.37,2021-02-22 23:00:00
1614038400000,14.4176,15.2422,13.9824,14.6568,1310133.63,2021-02-23 00:00:00
1614042000000,14.6703,14.9546,13.8,13.8677,1058086.6,2021-02-23 01:00:00
1614045600000,13.886,14.0507,13.5476,13.5668,531478.53,2021-02-23 02:00:00
1614049200000,13.5667,14.421,13.5501,13.993,850028.55,2021-02-23 03:00:00
1614052800000,13.9867,14.1881,13.1028,13.6429,719956.22,2021-02-23 04:00:00
1614056400000,13.6428,13.6509,12.55,13.0821,954739.58,2021-02-23 05:00:00
1614060000000,13.0821,13.3435,12.7756,12.9159,511488.79,2021-02-23 06:00:00
1614063600000,12.8924,13.2477,12.85,13.1238,369089.06,2021-02-23 07:00:00
1614067200000,13.1146,13.202,11.7502,11.7772,1127138.87,2021-02-23 08:00:00
1614070800000,11.7813,12.509,11.47,12.4117,1301605.8,2021-02-23 09:00:00
1614074400000,12.4137,14.0663,12.3246,13.8316,1997752.87,2021-02-23 10:00:00
1614078000000,13.8437,14.7998,12.9945,14.0057,2357260.4,2021-02-23 11:00:00
1614081600000,14.0086,14.1504,13.2086,13.8987,1335792.89,2021-02-23 12:00:00
1614085200000,13.8866,15.8888,13.85,15.7455,2051740.84,2021-02-23 13:00:00
1614088800000,15.7418,15.7886,14.1842,14.8114,1564089.43,2021-02-23 14:00:00
1614092400000,14.8114,15.6379,14.57,15.3902,1150084.86,2021-02-23 15:00:00
1614096000000,15.4,15.8,14.5421,14.641,1330481.21,2021-02-23 16:00:00
1614099600000,14.641,15.0764,14.6002,14.8073,505726.57,2021-02-23 17:00:00
1614103200000,14.8084,15.5597,14.6633,15.2501,704538.99,2021-02-23 18:00:00
1614106800000,15.2629,15.6972,14.23,14.2602,926068.74,2021-02-23 19:00:00
1614110400000,14.2754,14.8746,13.9795,14.8001,592730.21,2021-02-23 20:00:00
1614114000000,14.8253,15.2,14.6002,14.8041,518127.25,2021-02-23 21:00:00
1614117600000,14.81,14.8922,14.5578,14.8653,268367.55,2021-02-23 22:00:00
1614121200000,14.8653,15.25,14.8331,15.2244,269813.32,2021-02-23 23:00:00
1614124800000,15.2389,15.5371,14.7917,15.3524,508515.8,2021-02-24 00:00:00
1614128400000,15.3522,16.4,15.2144,16.0942,804545.93,2021-02-24 01:00:00
1614132000000,16.0987,16.2416,15.8012,15.9064,496220.82,2021-02-24 02:00:00
1614135600000,15.9204,16.0942,15.6938,15.9986,292395.04,2021-02-24 03:00:00
1614139200000,15.9906,16.272,15.7154,16.0457,332059.51,2021-02-24 04:00:00
1614142800000,16.0405,16.1799,15.4695,15.4897,435674.18,2021-02-24 05:00:00
1614146400000,15.494,15.7357,15.2556,15.597,408002.96,2021-02-24 06:00:00
1614150000000,15.6175,15.6703,15.2981,15.5833,223314.35,2021-02-24 07:00:00
1614153600000,15.5886,15.9669,15.5367,15.9,258452.07,2021-02-24 08:00:00
1614157200000,15.9,16.0484,15.5344,16.03,393266.2,2021-02-24 09:00:00
1614160800000,16.027,16.0936,15.646,15.6462,176772.76,2021-02-24 10:00:00
1614164400000,15.6597,15.9875,15.6424,15.8097,255133.67,2021-02-24 11:00:00
1614168000000,15.82,16.93,15.7699,16.6753,712092.52,2021-02-24 12:00:00
1614171600000,16.65,16.8846,16.1871,16.8266,683470.59,2021-02-24 13:00:00
1614175200000,16.8231,17.0998,16.4417,16.58,611533.6,2021-02-24 14:00:00
1614178800000,16.5636,17.1558,16.2576,16.676,476711.81,2021-02-24 15:00:00
1614182400000,16.6734,17.0887,16.5661,16.867,359737.26,2021-02-24 16:00:00
1614186000000,16.8711,17.5194,16.8474,17.496,488090.75,2021-02-24 17:00:00
1614189600000,17.4936,18.2052,17.4905,17.6587,775621.98,2021-02-24 18:00:00
1614193200000,17.6586,17.8399,17.2579,17.43,362434.13,2021-02-24 19:00:00
1614196800000,17.4232,17.73,17.1187,17.4306,292729.14,2021-02-24 20:00:00
1614200400000,17.4293,17.482,17.0806,17.406,277631.63,2021-02-24 21:00:00
1614204000000,17.4086,17.4441,16.9645,17.0545,406031.32,2021-02-24 22:00:00
1614207600000,17.0677,17.5575,17.0531,17.1691,747106.73,2021-02-24 23:00:00
1614211200000,17.1745,17.69,17.08,17.612,687257.81,2021-02-25 00:00:00
1614214800000,17.6178,17.6354,17.293,17.3259,210221.87,2021-02-25 01:00:00
1614218400000,17.3209,17.4408,16.4576,16.7362,526955.48,2021-02-25 02:00:00
1614222000000,16.7301,16.7643,15.95,16.35,585061.23,2021-02-25 03:00:00
1614225600000,16.35,16.4981,15.9136,16.25,612835.93,2021-02-25 04:00:00
1614229200000,16.2674,16.6092,16.2606,16.5871,276651.53,2021-02-25 05:00:00
1614232800000,16.5871,16.6787,16.3982,16.6561,218886.25,2021-02-25 06:00:00
1614236400000,16.6666,16.671,16.2712,16.3119,289744.54,2021-02-25 07:00:00
1614240000000,16.3183,16.3852,15.8001,15.8489,392307.92,2021-02-25 08:00:00
1614243600000,15.855,15.9303,15.532,15.8266,409099.57,2021-02-25 09:00:00
1614247200000,15.8257,16.1728,15.8257,16.1083,308744.4,2021-02-25 10:00:00
1614250800000,16.1125,16.2624,16.0363,16.1646,227822.98,2021-02-25 11:00:00
1614254400000,16.1772,16.2419,15.667,15.7523,444498.41,2021-02-25 12:00:00
1614258000000,15.7384,16.0776,15.7201,16.0648,299189.42,2021-02-25 13:00:00
1614261600000,16.0734,16.3865,15.9766,16.2506,322299.72,2021-02-25 14:00:00
1614265200000,16.2557,16.4899,16.0817,16.0851,276930.98,2021-02-25 15:00:00
1614268800000,16.0995,16.1902,15.7731,15.8138,396114.64,2021-02-25 16:00:00
1614272400000,15.811,15.8481,15.1236,15.3764,669743.02,2021-02-25 17:00:00
1614276000000,15.3765,15.4897,15.1102,15.1884,369240.48,2021-02-25 18:00:00
1614279600000,15.2144,15.3488,15.0562,15.2692,363610.3,2021-02-25 19:00:00
1614283200000,15.2692,15.2744,15.06,15.1976,186949.76,2021-02-25 20:00:00
1614286800000,15.1833,15.206,14.43,14.4578,377177.9,2021-02-25 21:00:00
1614290400000,14.4484,14.5207,14.0259,14.1523,546124.59,2021-02-25 22:00:00
1614294000000,14.1463,14.3285,13.6579,13.8442,522905.19,2021-02-25 23:00:00
1614297600000,13.8565,13.9,13.2,13.7669,599969.53,2021-02-26 00:00:00
1614301200000,13.744,14.2291,13.6197,14.0011,531003.55,2021-02-26 01:00:00
1614304800000,14.0222,14.5279,13.8915,14.5182,303955.01,2021-02-26 02:00:00
1614308400000,14.5184,14.6432,14.4179,14.63,129180.41,2021-02-26 03:00:00
1614312000000,14.641,14.7157,14.0149,14.0776,297191.81,2021-02-26 04:00:00
1614315600000,14.0731,14.1166,13.514,13.5656,324929.59,2021-02-26 05:00:00
1614319200000,13.5655,13.7533,13.52,13.6287,273479.9,2021-02-26 06:00:00
1614322800000,13.6283,13.7573,13.1,13.3386,373245.25,2021-02-26 07:00:00
1614326400000,13.362,13.6999,13.3565,13.586,330981.27,2021-02-26 08:00:00
1614330000000,13.5739,13.8383,13.4102,13.8126,374936.33,2021-02-26 09:00:00
1614333600000,13.8026,14.1555,13.6611,14.1271,245756.3,2021-02-26 10:00:00
1614337200000,14.1184,14.2106,13.61,13.8127,259251.28,2021-02-26 11:00:00
1614340800000,13.813,14.1026,13.7002,14.0343,238494.49,2021-02-26 12:00:00
1614344400000,14.0349,14.0835,13.7397,13.7979,203067.32,2021-02-26 13:00:00
1614348000000,13.8079,14.4947,13.7808,14.4454,359346.22,2021-02-26 14:00:00
1614351600000,14.4315,14.4822,14.1001,14.4498,392681.44,2021-02-26 15:00:00
1614355200000,14.4439,15.078,14.3537,15.0251,506976.03,2021-02-26 16:00:00
1614358800000,15.0348,15.3737,14.8406,15.3217,337941.49,2021-02-26 17:00:00
1614362400000,15.33,15.5083,15.1178,15.1749,332221.51,2021-02-26 18:00:00
1614366000000,15.174,15.2999,14.6827,14.72,318806.28,2021-02-26 19:00:00
1614369600000,14.72,14.8284,14.2549,14.3558,369181.71,2021-02-26 20:00:00
1614373200000,14.3297,14.4556,13.6219,13.6402,399480.74,2021-02-26 21:00:00
1614376800000,13.6546,13.9585,13.3355,13.3799,323495.11,2021-02-26 22:00:00
1614380400000,13.3803,13.7169,13.3222,13.5962,203940.6,2021-02-26 23:00:00
1614384000000,13.5864,14.8359,13.5334,14.4532,575154.36,2021-02-27 00:00:00
1614387600000,14.4582,14.6403,14.2825,14.5319,283124.93,2021-02-27 01:00:00
1614391200000,14.5314,14.5455,13.9688,14.0223,196342.65,2021-02-27 02:00:00
1614394800000,14.021,14.3227,13.98,14.2348,141388.68,2021-02-27 03:00:00
1614398400000,14.235,14.3203,13.55,13.8299,589214.13,2021-02-27 04:00:00
1614402000000,13.8298,13.979,13.7721,13.9682,156506.53,2021-02-27 05:00:00
1614405600000,13.969,14.134,13.8574,13.9202,168945.74,2021-02-27 06:00:00
1614409200000,13.9093,13.9294,13.7,13.8783,156901.5,2021-02-27 07:00:00
1614412800000,13.8889,13.9693,13.6109,13.6309,254490.94,2021-02-27 08:00:00
1614416400000,13.6301,13.6329,13.3183,13.488,282159.66,2021-02-27 09:00:00
1614420000000,13.4811,13.5907,13.3249,13.4769,183033.83,2021-02-27 10:00:00
1614423600000,13.4769,13.9941,13.4769,13.9314,309746.58,2021-02-27 11:00:00
1614427200000,13.9212,14.3965,13.8057,14.3577,532178.99,2021-02-27 12:00:00
1614430800000,14.3707,14.4443,13.8238,13.8865,515256.17,2021-02-27 13:00:00
1614434400000,13.8855,14.0162,13.41,13.7204,425279.96,2021-02-27 14:00:00
1614438000000,13.7121,13.73,13.3472,13.3875,295370.52,2021-02-27 15:00:00
1614441600000,13.3866,13.7125,13.3342,13.6713,229610.19,2021-02-27 16:00:00
1614445200000,13.6665,13.75,13.565,13.738,95352.67,2021-02-27 17:00:00
1614448800000,13.7368,13.8452,13.7159,13.7421,82081.52,2021-02-27 18:00:00
1614452400000,13.7385,13.85,13.7205,13.8249,97250.48,2021-02-27 19:00:00
1614456000000,13.83,13.9,13.7111,13.784,107761.9,2021-02-27 20:00:00
1614459600000,13.7867,13.93,13.7489,13.808,146321.9,2021-02-27 21:00:00
1614463200000,13.8086,13.8928,13.4612,13.4698,191408.25,2021-02-27 22:00:00
1614466800000,13.4706,13.4751,13.01,13.1916,217581.11,2021-02-27 23:00:00
1614470400000,13.1853,13.3079,13.0381,13.23,167241.93,2021-02-28 00:00:00
1614474000000,13.2263,13.3339,12.78,12.9762,375663.26,2021-02-28 01:00:00
1614477600000,12.9743,12.9743,12.2299,12.2662,641423.92,2021-02-28 02:00:00
1614481200000,12.2661,12.4046,12.028,12.07,434059.14,2021-02-28 03:00:00
1614484800000,12.0785,12.4016,12.0454,12.2619,241757.73,2021-02-28 04:00:00
1614488400000,12.2499,12.4622,12.1514,12.205,210717.73,2021-02-28 05:00:00
1614492000000,12.2147,12.2801,11.97,12.0341,254141.92,2021-02-28 06:00:00
1614495600000,12.034,12.2048,11.9705,12.1365,170412.38,2021-02-28 07:00:00
1614499200000,12.1529,12.4264,12.141,12.3695,167125.26,2021-02-28 08:00:00
1614502800000,12.3777,12.5446,12.3003,12.389,176934.58,2021-02-28 09:00:00
1614506400000,12.3991,12.51,12.231,12.4005,125903.19,2021-02-28 10:00:00
1614510000000,12.4003,12.47,12.3546,12.3806,71392.39,2021-02-28 11:00:00
1614513600000,12.3869,12.4776,11.92,12.1248,185170.53,2021-02-28 12:00:00
1614517200000,12.1219,12.1734,11.8031,11.808,191240.75,2021-02-28 13:00:00
1614520800000,11.809,11.9273,11.4638,11.9145,482695.73,2021-02-28 14:00:00
1614524400000,11.9031,11.9344,11.417,11.5213,244045.93,2021-02-28 15:00:00
1614528000000,11.5129,11.9274,11.4316,11.7958,520785.9,2021-02-28 16:00:00
1614531600000,11.7968,11.9,11.7,11.7337,258598.28,2021-02-28 17:00:00
1614535200000,11.7337,12.3234,11.7169,12.3136,292946.81,2021-02-28 18:00:00
1614538800000,12.3088,13.501,12.1237,13.2421,655548.08,2021-02-28 19:00:00
1614542400000,13.2741,13.7646,13.1933,13.6442,635716.1,2021-02-28 20:00:00
1614546000000,13.6496,13.7739,13.5698,13.5982,241781.61,2021-02-28 21:00:00
1614549600000,13.5997,13.6596,13.2756,13.4699,127851.92,2021-02-28 22:00:00
1614553200000,13.4699,13.7,12.9289,13.0887,358189.68,2021-02-28 23:00:00
1614556800000,13.08,14.1442,13.0102,14.1253,581309.76,2021-03-01 00:00:00
1614560400000,14.1255,14.1725,13.704,13.9194,338635.03,2021-03-01 01:00:00
1614564000000,13.9343,14.2884,13.853,14.031,284766.95,2021-03-01 02:00:00
1614567600000,14.0279,14.0789,13.9036,13.9287,101899.4,2021-03-01 03:00:00
1614571200000,13.9414,14.81,13.8204,14.3107,390955.24,2021-03-01 04:00:00
1614574800000,14.3107,14.77,14.287,14.66,310632.28,2021-03-01 05:00:00
1614578400000,14.6587,14.7057,14.2311,14.343,315497.53,2021-03-01 06:00:00
1614582000000,14.3311,14.5573,14.3277,14.5117,137077.09,2021-03-01 07:00:00
1614585600000,14.5153,14.7699,14.4241,14.4699,199847.36,2021-03-01 08:00:00
1614589200000,14.4697,14.6298,14.4252,14.5572,124551.98,2021-03-01 09:00:00
1614592800000,14.5581,15.0,14.3962,14.9518,252202.88,2021-03-01 10:00:00
1614596400000,14.9597,15.0223,14.7391,14.8363,224313.31,2021-03-01 11:00:00
1614600000000,14.8334,15.0501,14.5424,14.8998,286181.76,2021-03-01 12:00:00
1614603600000,14.903,15.0648,14.65,14.65,172994.53,2021-03-01 13:00:00
1614607200000,14.65,15.3318,14.6212,15.2633,376118.71,2021-03-01 14:00:00
1614610800000,15.2682,15.5187,15.2207,15.4556,336456.61,2021-03-01 15:00:00
1614614400000,15.4547,15.5469,14.9435,15.1717,337617.34,2021-03-01 16:00:00
1614618000000,15.1717,15.2015,14.6957,14.7053,193737.85,2021-03-01 17:00:00
1614621600000,14.7065,14.8803,14.6373,14.8182,98347.43,2021-03-01 18:00:00
1614625200000,14.8124,14.8774,14.6476,14.8047,82893.53,2021-03-01 19:00:00
1614628800000,14.8033,14.8527,14.5565,14.6441,94817.47,2021-03-01 20:00:00
1614632400000,14.6475,14.8125,14.5621,14.8046,54401.58,2021-03-01 21:00:00
1614636000000,14.7868,14.987,14.7651,14.9711,66534.33,2021-03-01 22:00:00
1614639600000,14.9818,15.1,14.917,14.9855,149458.31,2021-03-01 23:00:00
1614643200000,14.9989,15.25,14.8811,15.0669,270700.5,2021-03-02 00:00:00
1614646800000,15.0558,15.0732,14.9,14.9531,65696.08,2021-03-02 01:00:00
1614650400000,14.9386,14.9473,14.196,14.2742,439829.36,2021-03-02 02:00:00
1614654000000,14.2872,14.4993,14.1941,14.3406,140539.45,2021-03-02 03:00:00
1614657600000,14.3408,14.5484,14.3029,14.533,85530.71,2021-03-02 04:00:00
1614661200000,14.533,14.6017,14.381,14.3975,114228.89,2021-03-02 05:00:00
1614664800000,14.3811,14.45,14.22,14.3325,109014.32,2021-03-02 06:00:00
1614668400000,14.3219,14.4154,14.2649,14.3024,51158.54,2021-03-02 07:00:00
1614672000000,14.2929,14.5624,14.2739,14.527,87124.81,2021-03-02 08:00:00
1614675600000,14.5286,14.7481,14.5007,14.7465,136485.95,2021-03-02 09:00:00
1614679200000,14.7479,14.766,14.515,14.5387,90917.61,2021-03-02 10:00:00
1614682800000,14.522,14.6467,14.4749,14.5527,60261.22,2021-03-02 11:00:00
1614686400000,14.5549,14.6934,14.5066,14.6835,112982.13,2021-03-02 12:00:00
1614690000000,14.6952,14.9341,14.6,14.9201,106813.68,2021-03-02 13:00:00
1614693600000,14.9282,15.1,14.8104,14.85,156391.58,2021-03-02 14:00:00
1614697200000,14.85,14.9,14.6069,14.6411,135922.29,2021-03-02 15:00:00
1614700800000,14.6481,14.7296,14.1291,14.2029,261397.83,2021-03-02 16:00:00
1614704400000,14.203,14.3116,14.0808,14.1972,169525.78,2021-03-02 17:00:00
1614708000000,14.1972,14.2433,13.8,13.848,166784.05,2021-03-02 18:00:00
1614711600000,13.8498,13.8816,13.3544,13.6704,697751.22,2021-03-02 19:00:00
1614715200000,13.6699,13.7,13.5001,13.6899,196860.54,2021-03-02 20:00:00
1614718800000,13.6875,13.7887,13.5445,13.5708,113776.1,2021-03-02 21:00:00
1614722400000,13.5708,13.7712,13.5335,13.7634,95634.34,2021-03-02 22:00:00
1614726000000,13.7634,14.0199,13.7172,13.9438,263099.13,2021-03-02 23:00:00
1614729600000,13.9546,13.9546,13.7018,13.8638,216635.55,2021-03-03 00:00:00
1614733200000,13.8674,14.1266,13.8638,14.1191,60600.45,2021-03-03 01:00:00
1614736800000,14.1106,14.15,14.0135,14.0319,102261.65,2021-03-03 02:00:00
1614740400000,14.0352,14.12,13.9326,14.0388,45606.62,2021-03-03 03:00:00
1614744000000,14.0235,14.18,14.0124,14.1145,70177.64,2021-03-03 04:00:00
1614747600000,14.1461,14.2561,13.9,13.9567,151054.63,2021-03-03 05:00:00
1614751200000,13.964,14.2352,13.9532,14.19,123314.47,2021-03-03 06:00:00
1614754800000,14.1851,14.3206,14.0922,14.1994,175303.23,2021-03-03 07:00:00
1614758400000,14.1979,14.494,14.131,14.4566,163352.19,2021-03-03 08:00:00
1614762000000,14.4565,14.5865,14.421,14.5554,129284.07,2021-03-03 09:00:00
1614765600000,14.5577,14.59,14.3679,14.4275,99312.17,2021-03-03 10:00:00
1614769200000,14.4274,14.6999,14.4007,14.5343,110072.44,2021-03-03 11:00:00
1614772800000,14.5495,14.6226,14.3871,14.6128,112875.48,2021-03-03 12:00:00
1614776400000,14.6127,14.6301,14.0982,14.1604,190240.07,2021-03-03 13:00:00
1614780000000,14.16,14.18,13.9,13.9938,238178.05,2021-03-03 14:00:00
1614783600000,13.9868,14.1663,13.9868,14.1652,121826.58,2021-03-03 15:00:00
1614787200000,14.1587,14.3487,14.1207,14.3402,118364.08,2021-03-03 16:00:00
1614790800000,14.3401,14.428,14.2256,14.3366,131525.27,2021-03-03 17:00:00
1614794400000,14.3318,14.674,14.249,14.665,209893.4,2021-03-03 18:00:00
1614798000000,14.6647,14.738,14.0813,14.3112,355657.2,2021-03-03 19:00:00
1614801600000,14.2937,14.311,14.0921,14.1076,124952.12,2021-03-03 20:00:00
1614805200000,14.1051,14.2724,14.026,14.2246,108584.75,2021-03-03 21:00:00
1614808800000,14.2181,14.29,14.1206,14.1285,75000.38,2021-03-03 22:00:00
1614812400000,14.1278,14.2384,14.0742,14.0742,43255.44,2021-03-03 23:00:00
1614816000000,14.0936,14.0936,13.8032,13.9923,125660.37,2021-03-04 00:00:00
1614819600000,13.9841,14.1662,13.98,14.0651,102621.4,2021-03-04 01:00:00
1614823200000,14.0625,14.2178,14.05,14.1514,43153.92,2021-03-04 02:00:00
1614826800000,14.1514,14.2737,13.7501,13.7726,174135.79,2021-03-04 03:00:00
1614830400000,13.7698,13.8626,13.5674,13.6302,133346.05,2021-03-04 04:00:00
1614834000000,13.6406,13.8609,13.6333,13.85,63901.47,2021-03-04 05:00:00
1614837600000,13.838,13.8796,13.7016,13.7187,124785.18,2021-03-04 06:00:00
1614841200000,13.7188,13.7893,13.6475,13.7258,83543.75,2021-03-04 07:00:00
1614844800000,13.746,13.892,13.7336,13.7982,90955.69,2021-03-04 08:00:00
1614848400000,13.7947,13.8171,13.2941,13.4812,188900.83,2021-03-04 09:00:00
1614852000000,13.4839,13.5869,13.4207,13.4579,83504.98,2021-03-04 10:00:00
1614855600000,13.4574,13.5,13.338,13.4454,60388.73,2021-03-04 11:00:00
1614859200000,13.4439,13.5669,13.3729,13.5211,126444.1,2021-03-04 12:00:00
1614862800000,13.505,13.5298,13.3484,13.5267,92089.99,2021-03-04 13:00:00
1614866400000,13.5267,13.712,13.4411,13.5433,104251.28,2021-03-04 14:00:00
1614870000000,13.5449,13.5932,13.3956,13.4535,107607.48,2021-03-04 15:00:00
1614873600000,13.4613,13.5299,13.3747,13.3901,78403.03,2021-03-04 16:00:00
1614877200000,13.4005,13.4798,13.03,13.1426,138343.48,2021-03-04 17:00:00
1614880800000,13.1409,13.1411,12.736,12.7698,333616.65,2021-03-04 18:00:00
1614884400000,12.7722,12.975,12.751,12.9061,176937.06,2021-03-04 19:00:00
1614888000000,12.9191,12.945,12.75,12.9124,101295.56,2021-03-04 20:00:00
1614891600000,12.9026,12.9586,12.7789,12.8761,53478.63,2021-03-04 21:00:00
1614895200000,12.8502,12.9803,12.8,12.9712,77204.87,2021-03-04 22:00:00
1614898800000,12.9705,13.1535,12.9301,13.0508,99802.08,2021-03-04 23:00:00
1614902400000,13.0649,13.0992,12.466,12.5154,241802.33,2021-03-05 00:00:00
1614906000000,12.51,12.5416,12.35,12.4606,102374.79,2021-03-05 01:00:00
1614909600000,12.4511,12.5099,12.3787,12.4871,58849.3,2021-03-05 02:00:00
1614913200000,12.5035,12.5742,12.4218,12.5591,45383.19,2021-03-05 03:00:00
1614916800000,12.5579,12.59,12.4015,12.4177,41340.97,2021-03-05 04:00:00
1614920400000,12.411,12.5084,12.2508,12.3072,72898.67,2021-03-05 05:00:00
1614924000000,12.3141,12.421,12.26,12.42,43852.94,2021-03-05 06:00:00
1614927600000,12.42,12.5137,12.4,12.5038,62014.04,2021-03-05 07:00:00
1614931200000,12.4904,12.5194,12.1251,12.1899,100406.01,2021-03-05 08:00:00
1614934800000,12.1899,12.3716,12.18,12.35,52079.64,2021-03-05 09:00:00
1614938400000,12.35,12.4268,12.2862,12.424,52940.3,2021-03-05 10:00:00
1614942000000,12.424,12.5297,12.424,12.5116,29415.64,2021-03-05 11:00:00
1614945600000,12.5271,12.5889,12.42,12.5583,75120.83,2021-03-05 12:00:00
1614949200000,12.5455,12.7558,12.5455,12.7227,122758.38,2021-03-05 13:00:00
1614952800000,12.7226,12.9678,12.7226,12.821,121282.74,2021-03-05 14:00:00
1614956400000,12.8297,13.0318,12.7148,12.7174,146608.58,2021-03-05 15:00:00
1614960000000,12.7304,12.7834,12.3667,12.4433,123519.02,2021-03-05 16:00:00
1614963600000,12.4379,12.4887,12.2807,12.4411,123263.16,2021-03-05 17:00:00
1614967200000,12.4494,12.6687,12.4184,12.646,136782.12,2021-03-05 18:00:00
1614970800000,12.652,12.6582,12.5023,12.5438,55821.53,2021-03-05 19:00:00
1614974400000,12.5427,12.6174,12.485,12.5803,68057.03,2021-03-05 20:00:00
1614978000000,12.5803,12.6682,12.5666,12.6411,69116.4,2021-03-05 21:00:00
1614981600000,12.6411,12.7837,12.6344,12.6571,60985.46,2021-03-05 22:00:00
1614985200000,12.6655,12.697,12.5089,12.5382,62718.18,2021-03-05 23:00:00
1614988800000,12.5507,12.6714,12.5499,12.5759,52413.4,2021-03-06 00:00:00
1614992400000,12.5761,12.6024,12.4626,12.4959,81934.17,2021-03-06 01:00:00
1614999600000,12.4959,12.4959,12.2744,12.3716,64224.33,2021-03-06 03:00:00
1615003200000,12.3737,12.397,12.2302,12.29,70446.96,2021-03-06 04:00:00
1615006800000,12.2965,12.389,12.2501,12.3653,51251.38,2021-03-06 05:00:00
1615010400000,12.3738,12.5084,12.3145,12.3693,100817.56,2021-03-06 06:00:00
1615014000000,12.3634,12.45,12.2852,12.2893,85576.31,2021-03-06 07:00:00
1615017600000,12.3007,12.3954,12.2303,12.2389,91181.26,2021-03-06 08:00:00
1615021200000,12.2384,12.3233,12.2017,12.2141,51616.74,2021-03-06 09:00:00
1615024800000,12.2134,12.2922,12.0994,12.145,71952.73,2021-03-06 10:00:00
1615028400000,12.1499,12.17,12.0025,12.0848,108833.53,2021-03-06 11:00:00
1615032000000,12.0848,12.1199,11.932,11.9815,142376.39,2021-03-06 12:00:00
1615035600000,11.9815,13.0,11.9,12.2264,340349.97,2021-03-06 13:00:00
1615039200000,12.2266,12.5149,12.1738,12.4279,392124.77,2021-03-06 14:00:00
1615042800000,12.4279,12.4699,12.26,12.2773,144106.07,2021-03-06 15:00:00
1615046400000,12.2724,12.3949,12.2211,12.3656,110290.45,2021-03-06 16:00:00
1615050000000,12.3674,12.4994,12.3001,12.4337,83693.22,2021-03-06 17:00:00
1615053600000,12.4315,12.8942,12.4197,12.8601,222701.59,2021-03-06 18:00:00
1615057200000,12.86,12.9,12.74,12.895,110715.96,2021-03-06 19:00:00
1615060800000,12.895,13.16,12.8631,13.15,197271.81,2021-03-06 20:00:00
1615064400000,13.1451,13.31,12.8978,12.9915,259643.69,2021-03-06 21:00:00
1615068000000,12.9915,13.0503,12.8926,12.93,109610.58,2021-03-06 22:00:00
1615071600000,12.93,13.0995,12.8881,13.0421,118541.36,2021-03-06 23:00:00
1615075200000,13.0443,13.203,13.0427,13.1752,137508.99,2021-03-07 00:00:00
1615078800000,13.1855,13.22,13.0123,13.0259,87103.08,2021-03-07 01:00:00
1615082400000,13.0259,13.1282,12.95,12.9575,58129.23,2021-03-07 02:00:00
1615086000000,12.9512,13.0418,12.919,12.927,53665.97,2021-03-07 03:00:00
1615089600000,12.9498,13.0232,12.9204,12.9605,45208.77,2021-03-07 04:00:00
1615093200000,12.9606,12.9807,12.7395,12.7454,66182.15,2021-03-07 05:00:00
1615096800000,12.7518,12.85,12.7049,12.8,54929.7,2021-03-07 06:00:00
1615100400000,12.8092,12.84,12.74,12.7577,45363.17,2021-03-07 07:00:00
1615104000000,12.7578,12.8399,12.7567,12.8046,70924.76,2021-03-07 08:00:00
1615107600000,12.8046,13.0919,12.8046,13.0879,157517.6,2021-03-07 09:00:00
1615111200000,13.0879,13.6009,13.0765,13.52,369576.85,2021-03-07 10:00:00
1615114800000,13.52,13.631,13.3972,13.6253,184113.18,2021-03-07 11:00:00
1615118400000,13.6253,13.9476,13.6253,13.8502,372248.98,2021-03-07 12:00:00
1615122000000,13.8499,13.8606,13.5173,13.6679,185707.83,2021-03-07 13:00:00
1615125600000,13.6688,13.8076,13.3793,13.5699,179133.16,2021-03-07 14:00:00
1615129200000,13.57,13.5833,13.4677,13.53,57516.55,2021-03-07 15:00:00
1615132800000,13.5476,13.75,13.5476,13.71,101020.73,2021-03-07 16:00:00
1615136400000,13.7121,14.0136,13.7066,14.0053,212656.25,2021-03-07 17:00:00
1615140000000,14.0123,14.014,13.6929,13.704,99739.68,2021-03-07 18:00:00
1615143600000,13.704,13.7795,13.6083,13.7359,79894.83,2021-03-07 19:00:00
1615147200000,13.7346,13.745,13.5234,13.7105,166439.65,2021-03-07 20:00:00
1615150800000,13.7105,13.7862,13.612,13.7819,61905.59,2021-03-07 21:00:00
1615154400000,13.7848,13.8557,13.7122,13.7122,49292.79,2021-03-07 22:00:00
1615158000000,13.7256,13.9499,13.724,13.8174,103638.76,2021-03-07 23:00:00
1615161600000,13.8174,13.906,13.74,13.753,74979.67,2021-03-08 00:00:00
1615165200000,13.7521,13.8726,13.7445,13.7789,42670.12,2021-03-08 01:00:00
1615168800000,13.7708,13.7926,13.4483,13.5329,68347.43,2021-03-08 02:00:00
1615172400000,13.5295,13.565,13.3678,13.4425,72603.71,2021-03-08 03:00:00
1615176000000,13.4398,13.5172,13.351,13.4914,45268.2,2021-03-08 04:00:00
1615179600000,13.4916,13.5998,13.3808,13.541,50506.49,2021-03-08 05:00:00
1615183200000,13.5399,13.6078,13.4,13.4257,48420.97,2021-03-08 06:00:00
1615186800000,13.4258,13.4951,13.2653,13.3156,80823.25,2021-03-08 07:00:00
1615190400000,13.3102,13.3244,13.1979,13.3072,75986.36,2021-03-08 08:00:00
1615194000000,13.3017,13.3502,13.138,13.2742,70555.71,2021-03-08 09:00:00
1615197600000,13.2645,13.3637,13.1853,13.3188,175074.69,2021-03-08 10:00:00
1615201200000,13.3228,13.39,13.259,13.2749,132177.09,2021-03-08 11:00:00
1615204800000,13.2749,13.2752,13.0607,13.0725,194223.99,2021-03-08 12:00:00
1615208400000,13.0725,13.2545,12.996,13.2511,202397.29,2021-03-08 13:00:00
1615212000000,13.2511,13.5999,13.24,13.4386,187545.41,2021-03-08 14:00:00
1615215600000,13.4386,13.7999,13.3776,13.6171,141015.09,2021-03-08 15:00:00
1615219200000,13.6257,13.7176,13.5533,13.6023,75832.32,2021-03-08 16:00:00
1615222800000,13.607,13.7084,13.5826,13.7084,43202.33,2021-03-08 17:00:00
1615226400000,13.7056,13.815,13.6825,13.7034,65615.77,2021-03-08 18:00:00
1615230000000,13.704,13.7346,13.6214,13.7031,57468.49,2021-03-08 19:00:00
1615233600000,13.7138,13.74,13.5501,13.5923,72924.71,2021-03-08 20:00:00
1615237200000,13.6,13.6588,13.5454,13.585,42955.73,2021-03-08 21:00:00
1615240800000,13.585,13.6425,13.4764,13.5026,45743.74,2021-03-08 22:00:00
1615244400000,13.5055,13.6739,13.4747,13.6028,50345.96,2021-03-08 23:00:00
1615248000000,13.608,13.6749,13.1985,13.315,234046.13,2021-03-09 00:00:00
1615251600000,13.3021,13.4975,13.3021,13.4805,108261.52,2021-03-09 01:00:00
1615255200000,13.4697,13.7738,13.4543,13.7692,97309.78,2021-03-09 02:00:00
1615258800000,13.7602,13.9409,13.6678,13.9197,62123.07,2021-03-09 03:00:00
1615262400000,13.9197,14.18,13.8628,14.1082,135564.29,2021-03-09 04:00:00
1615266000000,14.1237,14.1739,14.0,14.0553,137918.98,2021-03-09 05:00:00
1615269600000,14.0499,14.0816,13.9106,13.9106,73408.24,2021-03-09 06:00:00
1615273200000,13.9093,13.9479,13.7963,13.8773,69727.86,2021-03-09 07:00:00
1615276800000,13.8792,14.0442,13.8792,14.0396,55803.27,2021-03-09 08:00:00
1615280400000,14.0303,14.3331,14.0282,14.308,102762.31,2021-03-09 09:00:00
1615284000000,14.3089,14.37,14.2199,14.3583,123861.94,2021-03-09 10:00:00
1615287600000,14.3587,14.3984,14.2458,14.2898,103330.36,2021-03-09 11:00:00
1615291200000,14.2999,14.3122,13.9841,14.06,112721.31,2021-03-09 12:00:00
1615294800000,14.06,14.62,14.05,14.5302,235018.82,2021-03-09 13:00:00
1615298400000,14.527,14.8474,14.4632,14.7478,220466.48,2021-03-09 14:00:00
1615302000000,14.7426,14.7888,14.606,14.668,107078.43,2021-03-09 15:00:00
1615305600000,14.6806,14.725,14.4992,14.5947,99900.65,2021-03-09 16:00:00
1615309200000,14.59,14.6555,14.5023,14.521,58364.6,2021-03-09 17:00:00
1615312800000,14.5172,14.832,14.4369,14.82,105311.65,2021-03-09 18:00:00
1615316400000,14.8327,14.8486,14.7176,14.8288,57185.29,2021-03-09 19:00:00
1615320000000,14.8288,14.9921,14.78,14.9793,74308.4,2021-03-09 20:00:00
1615323600000,14.9793,14.989,14.7007,14.8181,95426.79,2021-03-09 21:00:00
1615327200000,14.8237,14.95,14.806,14.949,53956.13,2021-03-09 22:00:00
1615330800000,14.9491,14.95,14.7868,14.839,70634.6,2021-03-09 23:00:00
1615334400000,14.85,14.9473,14.7027,14.8726,97610.87,2021-03-10 00:00:00
1615338000000,14.8647,15.2118,14.3215,14.5373,237156.13,2021-03-10 01:00:00
1615341600000,14.5315,14.5315,14.0742,14.285,194014.06,2021-03-10 02:00:00
1615345200000,14.2851,14.3726,14.09,14.217,113872.26,2021-03-10 03:00:00
1615348800000,14.227,14.3464,14.1603,14.2845,53659.77,2021-03-10 04:00:00
1615352400000,14.2809,14.4022,14.2002,14.3899,51048.01,2021-03-10 05:00:00
1615356000000,14.3899,14.4893,14.3631,14.4673,38768.34,2021-03-10 06:00:00
1615359600000,14.4672,14.5624,14.4001,14.5201,31309.0,2021-03-10 07:00:00
1615363200000,14.5067,14.6,14.4423,14.5901,50469.33,2021-03-10 08:00:00
1615366800000,14.59,14.6578,14.5178,14.628,53586.4,2021-03-10 09:00:00
1615370400000,14.6279,14.6341,14.4698,14.4868,50381.23,2021-03-10 10:00:00
1615374000000,14.482,14.7548,14.3448,14.7167,198543.7,2021-03-10 11:00:00
1615377600000,14.7055,14.8,14.6962,14.7654,81032.18,2021-03-10 12:00:00
1615381200000,14.7781,14.8724,14.7,14.8668,80363.0,2021-03-10 13:00:00
1615384800000,14.8548,14.8754,14.74,14.785,58623.83,2021-03-10 14:00:00
1615388400000,14.791,14.8226,14.6212,14.7809,57849.83,2021-03-10 15:00:00
1615392000000,14.7766,14.8132,14.6338,14.6765,46225.68,2021-03-10 16:00:00
1615395600000,14.7085,14.7418,14.6094,14.6439,43152.6,2021-03-10 17:00:00
1615399200000,14.655,14.76,14.6357,14.7259,50230.56,2021-03-10 18:00:00
1615402800000,14.722,14.7779,14.6452,14.651,36628.2,2021-03-10 19:00:00
1615406400000,14.6586,14.6708,14.3553,14.369,111206.1,2021-03-10 20:00:00
1615410000000,14.369,14.3873,14.0525,14.3495,127163.24,2021-03-10 21:00:00
1615413600000,14.3495,14.451,14.3051,14.39,37942.84,2021-03-10 22:00:00
1615417200000,14.39,14.411,14.1918,14.2048,43088.94,2021-03-10 23:00:00
1615420800000,14.2011,14.2572,13.8426,13.9277,154439.07,2021-03-11 00:00:00
1615424400000,13.936,14.0,13.8571,13.9807,78555.03,2021-03-11 01:00:00
1615428000000,13.9737,14.084,13.9053,14.0753,58129.9,2021-03-11 02:00:00
1615431600000,14.0692,14.1031,14.0,14.0916,59176.04,2021-03-11 03:00:00
1615435200000,14.0691,14.1441,14.0394,14.0443,29123.64,2021-03-11 04:00:00
1615438800000,14.0393,14.0711,13.8865,13.9098,44223.56,2021-03-11 05:00:00
1615442400000,13.9098,14.0304,13.8938,13.9869,40050.89,2021-03-11 06:00:00
1615446000000,13.9938,14.0582,13.8885,13.9091,75853.35,2021-03-11 07:00:00
1615449600000,13.8978,13.9072,13.67,13.802,169397.7,2021-03-11 08:00:00
1615453200000,13.7751,13.8962,13.7505,13.8302,44723.65,2021-03-11 09:00:00
1615456800000,13.822,14.1428,13.8213,14.0292,90280.15,2021-03-11 10:00:00
1615460400000,14.0448,14.2565,13.972,14.0894,218158.03,2021-03-11 11:00:00
1615464000000,14.0883,14.2,14.0156,14.0875,100000.4,2021-03-11 12:00:00
1615467600000,14.0852,14.6,14.07,14.5301,317731.33,2021-03-11 13:00:00
1615471200000,14.554,14.6644,14.4176,14.4779,234266.7,2021-03-11 14:00:00
1615474800000,14.493,14.5056,14.1068,14.2325,101230.31,2021-03-11 15:00:00
1615478400000,14.2488,14.65,14.2487,14.6241,250418.09,2021-03-11 16:00:00
1615482000000,14.6118,15.89,14.6075,15.8196,778451.58,2021-03-11 17:00:00
1615485600000,15.8197,16.147,15.5185,15.8864,582770.91,2021-03-11 18:00:00
1615489200000,15.8864,16.0887,15.7004,15.7413,233652.77,2021-03-11 19:00:00
1615492800000,15.73,16.1292,15.73,16.0799,140121.19,2021-03-11 20:00:00
1615496400000,16.0936,16.3222,15.72,15.7535,162111.74,2021-03-11 21:00:00
1615500000000,15.7536,15.8563,15.5914,15.777,76346.38,2021-03-11 22:00:00
1615503600000,15.77,16.0539,15.77,16.031,86530.16,2021-03-11 23:00:00
1615507200000,16.0519,16.1,15.7101,15.9505,101675.84,2021-03-12 00:00:00
1615510800000,15.9563,16.4304,15.9314,16.4175,137310.88,2021-03-12 01:00:00
1615514400000,16.417,16.5,16.1576,16.2526,158450.52,2021-03-12 02:00:00
1615518000000,16.2435,16.3209,16.1033,16.1219,63250.1,2021-03-12 03:00:00
1615521600000,16.1109,16.1896,15.8423,15.96,105042.26,2021-03-12 04:00:00
1615525200000,15.9584,16.386,15.9143,16.3632,79010.72,2021-03-12 05:00:00
1615528800000,16.3633,16.4,16.1807,16.2242,155473.2,2021-03-12 06:00:00
1615532400000,16.2127,16.2226,15.9411,16.0566,132801.2,2021-03-12 07:00:00
1615536000000,16.0357,16.13,15.8501,15.8751,115686.85,2021-03-12 08:00:00
1615539600000,15.8632,15.9135,15.6894,15.7321,124131.89,2021-03-12 09:00:00
1615543200000,15.74,15.7588,15.3717,15.5236,265025.41,2021-03-12 10:00:00
1615546800000,15.5271,15.66,15.4052,15.5535,109599.61,2021-03-12 11:00:00
1615550400000,15.545,15.5982,15.3851,15.423,64471.83,2021-03-12 12:00:00
1615554000000,15.4071,15.4071,14.9646,15.2137,279223.58,2021-03-12 13:00:00
1615557600000,15.1976,15.32,15.0786,15.3031,64629.94,2021-03-12 14:00:00
1615561200000,15.32,15.5653,15.2,15.511,183096.98,2021-03-12 15:00:00
1615564800000,15.5175,15.5939,14.45,15.1757,508045.69,2021-03-12 16:00:00
1615568400000,15.1757,15.26,15.0034,15.0492,140549.7,2021-03-12 17:00:00
1615572000000,15.0491,15.1563,14.937,14.9635,107745.37,2021-03-12 18:00:00
1615575600000,14.9521,15.0304,14.6734,14.6862,156655.78,2021-03-12 19:00:00
1615579200000,14.6861,14.7814,14.0803,14.421,303233.19,2021-03-12 20:00:00
1615582800000,14.4327,14.5017,14.3438,14.3883,159551.95,2021-03-12 21:00:00
1615586400000,14.3877,14.5392,14.3152,14.5189,89678.06,2021-03-12 22:00:00
1615590000000,14.5355,14.6445,14.4705,14.5597,74047.83,2021-03-12 23:00:00
1615593600000,14.5532,14.6002,14.2301,14.3389,154700.27,2021-03-13 00:00:00
1615597200000,14.3242,14.3436,13.9427,13.9988,144594.28,2021-03-13 01:00:00
1615600800000,14.0,14.1502,13.8439,14.1396,154275.83,2021-03-13 02:00:00
1615604400000,14.1283,14.2093,14.08,14.1373,52906.42,2021-03-13 03:00:00
1615608000000,14.1288,14.2267,14.068,14.1894,47037.74,2021-03-13 04:00:00
1615611600000,14.1787,14.5196,14.1787,14.3342,131187.29,2021-03-13 05:00:00
1615615200000,14.346,14.4099,14.25,14.4045,52915.08,2021-03-13 06:00:00
1615618800000,14.405,14.4256,14.25,14.3796,72630.41,2021-03-13 07:00:00
1615622400000,14.3856,14.4935,14.316,14.3825,145161.96,2021-03-13 08:00:00
1615626000000,14.3745,14.6827,14.34,14.66,120689.32,2021-03-13 09:00:00
1615629600000,14.66,14.8712,14.5501,14.8553,232257.57,2021-03-13 10:00:00
1615633200000,14.8643,14.8717,14.5568,14.6216,248450.4,2021-03-13 11:00:00
1615636800000,14.6242,14.8724,14.5339,14.865,183790.4,2021-03-13 12:00:00
1615640400000,14.865,15.1432,14.7887,15.0423,107550.4,2021-03-13 13:00:00
1615644000000,15.0426,15.1387,14.9735,15.0002,80409.05,2021-03-13 14:00:00
1615647600000,14.9993,15.1,14.82,14.8807,82603.59,2021-03-13 15:00:00
1615651200000,14.8926,14.9893,14.8512,14.9725,71265.91,2021-03-13 16:00:00
1615654800000,14.9813,15.1852,14.9601,15.1851,63989.55,2021-03-13 17:00:00
1615658400000,15.1852,15.3325,15.1301,15.1899,119272.72,2021-03-13 18:00:00
1615662000000,15.1895,15.3118,14.9949,15.0,149688.37,2021-03-13 19:00:00
1615665600000,15.01,15.25,15.0053,15.133,46189.8,2021-03-13 20:00:00
1615669200000,15.1303,15.2561,15.0747,15.1146,70616.74,2021-03-13 21:00:00
1615672800000,15.1142,15.39,15.1022,15.2813,52731.13,2021-03-13 22:00:00
1615676400000,15.2691,15.4072,15.2336,15.3033,47406.14,2021-03-13 23:00:00
1615680000000,15.2902,15.376,15.1021,15.1232,48278.16,2021-03-14 00:00:00
1615683600000,15.1058,15.1221,14.9367,15.0201,119085.0,2021-03-14 01:00:00
1615687200000,15.0159,15.094,14.9445,15.0,53927.3,2021-03-14 02:00:00
1615690800000,14.9914,15.087,14.9314,15.0326,68732.56,2021-03-14 03:00:00
1615694400000,15.0242,15.0259,14.6449,14.7188,144323.16,2021-03-14 04:00:00
1615698000000,14.7195,14.7553,14.6115,14.6965,40825.97,2021-03-14 05:00:00
1615701600000,14.6902,14.7289,14.6068,14.7063,44293.18,2021-03-14 06:00:00
1615705200000,14.7063,14.7642,14.5432,14.5596,159060.73,2021-03-14 07:00:00
1615708800000,14.5596,14.68,14.5163,14.6611,70692.44,2021-03-14 08:00:00
1615712400000,14.6626,14.8099,14.63,14.7932,38388.97,2021-03-14 09:00:00
1615716000000,14.794,14.8504,14.539,14.5615,76147.68,2021-03-14 10:00:00
1615719600000,14.5527,14.6462,14.3399,14.5241,137025.47,2021-03-14 11:00:00
1615723200000,14.5241,14.6728,14.488,14.6357,50981.43,2021-03-14 12:00:00
1615726800000,14.6369,14.6634,14.4434,14.4998,83837.84,2021-03-14 13:00:00
1615730400000,14.4888,14.6635,14.4437,14.5254,87456.01,2021-03-14 14:00:00
1615734000000,14.5254,14.5926,14.4347,14.4799,51201.72,2021-03-14 15:00:00
1615737600000,14.4807,14.58,14.3968,14.4169,50895.48,2021-03-14 16:00:00
1615741200000,14.4203,14.6196,14.4031,14.5535,42531.87,2021-03-14 17:00:00
1615744800000,14.5535,14.8699,14.5364,14.8525,55691.22,2021-03-14 18:00:00
1615748400000,14.8525,15.0457,14.8366,14.8585,83674.74,2021-03-14 19:00:00
1615752000000,14.8571,14.8584,14.6734,14.7928,90039.8,2021-03-14 20:00:00
1615755600000,14.7922,14.8103,14.6407,14.787,28847.6,2021-03-14 21:00:00
1615759200000,14.7791,14.8692,14.6118,14.855,30644.85,2021-03-14 22:00:00
1615762800000,14.8609,14.9179,14.4362,14.4605,93661.76,2021-03-14 23:00:00
1615766400000,14.461,14.67,14.4053,14.5657,83357.64,2021-03-15 00:00:00
1615770000000,14.5504,14.6457,14.3848,14.5539,112874.39,2021-03-15 01:00:00
1615773600000,14.5532,14.7006,14.5532,14.6612,27086.63,2021-03-15 02:00:00
1615777200000,14.6605,14.7882,14.6284,14.7663,32081.19,2021-03-15 03:00:00
1615780800000,14.7642,14.8214,14.4565,14.4776,117131.09,2021-03-15 04:00:00
1615784400000,14.4779,14.495,14.0729,14.0802,147703.97,2021-03-15 05:00:00
1615788000000,14.09,14.219,13.8229,13.9729,204886.44,2021-03-15 06:00:00
1615791600000,13.9874,13.9945,13.7233,13.9359,157922.49,2021-03-15 07:00:00
1615795200000,13.9304,14.0273,13.8562,13.899,83400.04,2021-03-15 08:00:00
1615798800000,13.8933,13.9776,13.6179,13.8226,193396.15,2021-03-15 09:00:00
1615802400000,13.8267,14.2377,13.7943,14.1813,131649.4,2021-03-15 10:00:00
1615806000000,14.1851,14.35,14.0873,14.2587,80918.83,2021-03-15 11:00:00
1615809600000,14.2465,14.3068,14.1269,14.2649,66542.91,2021-03-15 12:00:00
1615813200000,14.2589,14.299,14.1718,14.2266,48794.84,2021-03-15 13:00:00
1615816800000,14.2255,14.3804,14.1216,14.1642,90324.4,2021-03-15 14:00:00
1615820400000,14.1589,14.2696,14.0387,14.0865,56361.49,2021-03-15 15:00:00
1615824000000,14.0969,14.1596,13.977,14.0781,62428.24,2021-03-15 16:00:00
1615827600000,14.0616,14.1686,14.0181,14.1359,33497.86,2021-03-15 17:00:00
1615831200000,14.136,14.29,14.0634,14.2677,64751.77,2021-03-15 18:00:00
1615834800000,14.26,14.2993,14.2254,14.2725,28396.45,2021-03-15 19:00:00
1615838400000,14.2963,14.3992,14.2439,14.2952,58970.14,2021-03-15 20:00:00
1615842000000,14.2972,14.377,14.2535,14.2714,33587.64,2021-03-15 21:00:00
1615845600000,14.2714,14.3089,14.0935,14.1682,53580.36,2021-03-15 22:00:00
1615849200000,14.1791,14.3055,14.1468,14.1577,51305.57,2021-03-15 23:00:00
1615852800000,14.1586,14.2933,13.8832,13.9074,123714.86,2021-03-16 00:00:00
1615856400000,13.8939,13.9084,13.4717,13.6493,166633.06,2021-03-16 01:00:00
1615860000000,13.6379,13.6741,13.5582,13.6256,61890.47,2021-03-16 02:00:00
1615863600000,13.6228,13.6705,13.4742,13.5015,105363.76,2021-03-16 03:00:00
1615867200000,13.5015,13.5706,13.4724,13.5094,108004.31,2021-03-16 04:00:00
1615870800000,13.5094,13.5416,13.1389,13.3561,163786.6,2021-03-16 05:00:00
1615874400000,13.3538,13.5397,13.2684,13.5233,94075.29,2021-03-16 06:00:00
1615878000000,13.5233,13.6521,13.4816,13.5509,86490.52,2021-03-16 07:00:00
1615881600000,13.5555,13.7179,13.53,13.7035,56938.22,2021-03-16 08:00:00
1615885200000,13.7035,13.8369,13.6314,13.7957,92963.48,2021-03-16 09:00:00
1615888800000,13.7817,13.8483,13.6265,13.6814,80763.97,2021-03-16 10:00:00
1615892400000,13.6983,13.91,13.5887,13.6306,147625.97,2021-03-16 11:00:00
1615896000000,13.6385,13.6842,13.4646,13.5247,76922.36,2021-03-16 12:00:00
1615899600000,13.53,13.6511,13.4767,13.4995,87677.0,2021-03-16 13:00:00
1615903200000,13.5,13.6317,13.4739,13.5818,47363.45,2021-03-16 14:00:00
1615906800000,13.5937,13.773,13.5548,13.765,149344.4,2021-03-16 15:00:00
1615910400000,13.7711,14.004,13.7439,13.8694,190335.48,2021-03-16 16:00:00
1615914000000,13.8666,13.926,13.5697,13.5953,140420.29,2021-03-16 17:00:00
1615917600000,13.5929,13.8677,13.5104,13.7498,224418.83,2021-03-16 18:00:00
1615921200000,13.7498,13.8248,13.7201,13.795,69713.01,2021-03-16 19:00:00
1615924800000,13.795,13.8522,13.7601,13.8383,58073.87,2021-03-16 20:00:00
1615928400000,13.8383,13.854,13.73,13.8038,54061.95,2021-03-16 21:00:00
1615932000000,13.8084,13.8699,13.6338,13.6465,75667.0,2021-03-16 22:00:00
1615935600000,13.6485,13.7433,13.6,13.6392,39409.34,2021-03-16 23:00:00
1615939200000,13.6379,13.7281,13.4923,13.562,93333.58,2021-03-17 00:00:00
1615942800000,13.562,13.6431,13.5,13.5837,52373.8,2021-03-17 01:00:00
1615946400000,13.589,13.6497,13.5209,13.6265,31573.13,2021-03-17 02:00:00
1615950000000,13.6262,13.6431,13.3742,13.3903,50333.63,2021-03-17 03:00:00
1615953600000,13.3903,13.4857,13.33,13.411,66222.44,2021-03-17 04:00:00
1615957200000,13.411,13.4542,13.3329,13.447,50874.58,2021-03-17 05:00:00
1615960800000,13.4533,13.5275,13.4409,13.5236,31418.31,2021-03-17 06:00:00
1615964400000,13.5236,13.5624,13.4649,13.5128,26963.57,2021-03-17 07:00:00
1615968000000,13.5208,13.5912,13.5,13.5422,40403.34,2021-03-17 08:00:00
1615971600000,13.5412,13.5548,13.0326,13.162,173422.93,2021-03-17 09:00:00
1615975200000,13.1619,13.3436,13.1227,13.2961,60507.9,2021-03-17 10:00:00
1615978800000,13.2871,13.3676,13.2125,13.3059,65255.6,2021-03-17 11:00:00
1615982400000,13.2976,13.431,13.2137,13.3372,51634.89,2021-03-17 12:00:00
1615986000000,13.3402,13.4641,13.33,13.4364,53992.42,2021-03-17 13:00:00
1615989600000,13.4404,13.4496,13.3121,13.3122,63427.42,2021-03-17 14:00:00
1615993200000,13.3122,13.4984,13.3037,13.4714,65939.97,2021-03-17 15:00:00
1615996800000,13.4715,13.959,13.4429,13.8587,212349.03,2021-03-17 16:00:00
1616000400000,13.8587,14.0469,13.8568,13.9323,116490.68,2021-03-17 17:00:00
1616004000000,13.9454,14.2119,13.9304,14.1753,104566.35,2021-03-17 18:00:00
1616007600000,14.1557,14.2685,14.0825,14.1649,61016.43,2021-03-17 19:00:00
1616011200000,14.1649,14.2075,13.9538,13.9539,81367.84,2021-03-17 20:00:00
1616014800000,13.9587,14.075,13.9423,14.0486,44001.8,2021-03-17 21:00:00
1616018400000,14.0544,14.1715,14.004,14.1,49436.81,2021-03-17 22:00:00
1616022000000,14.0901,14.2578,14.0099,14.2018,56100.11,2021-03-17 23:00:00
1616025600000,14.1987,14.4844,14.1987,14.27,153381.5,2021-03-18 00:00:00
1616029200000,14.27,14.3259,14.1409,14.1626,62606.91,2021-03-18 01:00:00
1616032800000,14.1626,14.3109,14.1511,14.2602,47921.29,2021-03-18 02:00:00
1616036400000,14.2663,14.329,14.1376,14.1847,46566.88,2021-03-18 03:00:00
1616040000000,14.1931,14.2941,14.0936,14.1424,49391.3,2021-03-18 04:00:00
1616043600000,14.142,14.2668,14.1166,14.1873,28351.19,2021-03-18 05:00:00
1616047200000,14.1791,14.3396,14.1538,14.3073,39869.49,2021-03-18 06:00:00
1616050800000,14.3059,14.3574,14.2134,14.218,59801.09,2021-03-18 07:00:00
1616054400000,14.2247,14.3,14.125,14.1287,44916.45,2021-03-18 08:00:00
1616058000000,14.1284,14.2346,14.0385,14.16,51776.97,2021-03-18 09:00:00
1616061600000,14.1736,14.2036,14.1024,14.158,32590.22,2021-03-18 10:00:00
1616065200000,14.1612,14.2259,14.0175,14.06,53152.46,2021-03-18 11:00:00
1616068800000,14.0575,14.0877,13.9769,14.049,59244.12,2021-03-18 12:00:00
1616072400000,14.0351,14.057,13.9829,13.9987,28062.56,2021-03-18 13:00:00
1616076000000,14.0057,14.066,13.957,14.027,52097.33,2021-03-18 14:00:00
1616079600000,14.0187,14.2,13.9937,14.1976,84075.24,2021-03-18 15:00:00
1616083200000,14.2,14.3842,14.115,14.3744,92751.45,2021-03-18 16:00:00
1616086800000,14.3628,14.66,14.3,14.6571,127189.58,2021-03-18 17:00:00
1616090400000,14.66,14.75,14.41,14.48,173052.42,2021-03-18 18:00:00
1616094000000,14.4688,14.5234,14.3,14.3147,77302.71,2021-03-18 19:00:00
1616097600000,14.3107,14.3878,14.248,14.2494,67778.48,2021-03-18 20:00:00
1616101200000,14.2494,14.3367,14.1839,14.2837,77691.7,2021-03-18 21:00:00
1616104800000,14.2845,14.3431,14.225,14.271,30381.91,2021-03-18 22:00:00
1616108400000,14.2809,14.3428,14.1925,14.204,36718.46,2021-03-18 23:00:00
1616112000000,14.2153,14.2178,13.8554,14.009,101068.61,2021-03-19 00:00:00
1616115600000,14.0196,14.07,13.926,14.0431,28845.8,2021-03-19 01:00:00
1616119200000,14.0505,14.2,14.0344,14.1797,38445.31,2021-03-19 02:00:00
1616122800000,14.1895,14.211,14.0601,14.0999,64818.94,2021-03-19 03:00:00
1616126400000,14.0999,14.1,13.9847,14.0591,75552.16,2021-03-19 04:00:00
1616130000000,14.0638,14.2501,14.0342,14.1865,91041.6,2021-03-19 05:00:00
1616133600000,14.1867,14.1959,13.9895,14.0865,67795.84,2021-03-19 06:00:00
1616137200000,14.0906,14.1414,13.9779,14.0005,107355.06,2021-03-19 07:00:00
1616140800000,14.0005,14.097,13.9802,14.06,50379.17,2021-03-19 08:00:00
1616144400000,14.0678,14.0935,14.0206,14.0794,49467.45,2021-03-19 09:00:00
1616148000000,14.073,14.1674,14.057,14.1486,30085.81,2021-03-19 10:00:00
1616151600000,14.1427,14.1899,14.0169,14.18,48456.78,2021-03-19 11:00:00
1616155200000,14.1767,14.3,14.1499,14.225,79572.47,2021-03-19 12:00:00
1616158800000,14.225,14.2478,14.1288,14.1904,73053.79,2021-03-19 13:00:00
1616162400000,14.1988,14.3,14.102,14.2844,39308.76,2021-03-19 14:00:00
1616166000000,14.2844,14.4883,14.255,14.36,81570.75,2021-03-19 15:00:00
1616169600000,14.3686,14.4501,14.3245,14.3766,50337.64,2021-03-19 16:00:00
1616173200000,14.3912,14.4321,14.3432,14.4228,44716.33,2021-03-19 17:00:00
1616176800000,14.4309,14.4628,14.2742,14.3258,70515.66,2021-03-19 18:00:00
1616180400000,14.3212,14.3478,14.2692,14.3238,38003.6,2021-03-19 19:00:00
1616184000000,14.3238,14.3942,14.2483,14.2695,77493.37,2021-03-19 20:00:00
1616187600000,14.2692,14.3495,14.16,14.2098,58475.22,2021-03-19 21:00:00
1616191200000,14.2098,14.228,14.1658,14.1967,30514.83,2021-03-19 22:00:00
1616194800000,14.1828,14.1974,14.0319,14.1552,64887.34,2021-03-19 23:00:00
1616198400000,14.1588,14.2621,14.09,14.2334,60230.78,2021-03-20 00:00:00
1616202000000,14.2237,14.2498,14.1985,14.2303,38139.54,2021-03-20 01:00:00
1616205600000,14.2353,14.2761,14.1985,14.2444,43311.56,2021-03-20 02:00:00
1616209200000,14.2444,14.3388,14.1738,14.3251,80083.6,2021-03-20 03:00:00
1616212800000,14.3164,14.3713,14.3004,14.3264,22513.45,2021-03-20 04:00:00
1616216400000,14.3283,14.45,14.2721,14.4056,42386.65,2021-03-20 05:00:00
1616220000000,14.4003,14.5636,14.4,14.4575,54709.56,2021-03-20 06:00:00
1616223600000,14.4575,14.55,14.42,14.514,48827.48,2021-03-20 07:00:00
1616227200000,14.523,14.6,14.4728,14.473,57177.76,2021-03-20 08:00:00
1616230800000,14.4856,14.5,14.4505,14.5,46583.24,2021-03-20 09:00:00
1616234400000,14.5,14.62,14.48,14.6122,69315.54,2021-03-20 10:00:00
1616238000000,14.6122,14.8083,14.5611,14.8008,100027.06,2021-03-20 11:00:00
1616241600000,14.8078,14.9279,14.7097,14.8977,135157.27,2021-03-20 12:00:00
1616245200000,14.9,14.9793,14.7,14.7536,107506.8,2021-03-20 13:00:00
1616248800000,14.7497,14.7872,14.6415,14.6525,46529.77,2021-03-20 14:00:00
1616252400000,14.6542,14.729,14.6197,14.6881,28019.81,2021-03-20 15:00:00
1616256000000,14.6788,14.7051,14.5171,14.5529,62025.46,2021-03-20 16:00:00
1616259600000,14.5409,14.6235,14.535,14.5715,42355.56,2021-03-20 17:00:00
1616263200000,14.5768,14.6813,14.5681,14.5955,60299.76,2021-03-20 18:00:00
1616266800000,14.5955,14.7088,14.5862,14.6383,35917.6,2021-03-20 19:00:00
1616270400000,14.649,14.6727,14.4,14.4795,84632.12,2021-03-20 20:00:00
1616274000000,14.4795,14.5488,14.4434,14.5167,19194.58,2021-03-20 21:00:00
1616277600000,14.5167,14.5657,14.4227,14.4523,42622.92,2021-03-20 22:00:00
1616281200000,14.4416,14.4474,14.1554,14.1894,65641.69,2021-03-20 23:00:00
1616284800000,14.1788,14.2711,14.0633,14.1498,50545.76,2021-03-21 00:00:00
1616288400000,14.1463,14.2465,14.1165,14.1576,36660.76,2021-03-21 01:00:00
1616292000000,14.1502,14.1502,13.9,13.9886,70933.71,2021-03-21 02:00:00
1616295600000,13.96,14.0967,13.9149,14.0753,32111.73,2021-03-21 03:00:00
1616299200000,14.0757,14.0927,13.8691,13.895,53168.23,2021-03-21 04:00:00
1616302800000,13.9017,14.0354,13.8906,13.9673,38766.76,2021-03-21 05:00:00
1616306400000,13.9751,13.9958,13.8012,13.8975,36373.03,2021-03-21 06:00:00
1616310000000,13.891,14.0027,13.8843,13.9532,24531.55,2021-03-21 07:00:00
1616313600000,13.9458,14.027,13.9118,13.9796,33548.85,2021-03-21 08:00:00
1616317200000,13.9659,13.9803,13.7712,13.7802,83799.16,2021-03-21 09:00:00
1616320800000,13.78,13.8443,13.7,13.7358,37573.62,2021-03-21 10:00:00
1616324400000,13.7358,13.7764,13.6755,13.7333,44610.38,2021-03-21 11:00:00
1616328000000,13.7237,13.8181,13.638,13.8044,48252.3,2021-03-21 12:00:00
1616331600000,13.8051,13.9305,13.8051,13.8957,42716.26,2021-03-21 13:00:00
1616335200000,13.9071,13.9664,13.8769,13.9604,39342.03,2021-03-21 14:00:00
1616338800000,13.9603,14.1045,13.9128,13.9345,95001.91,2021-03-21 15:00:00
1616342400000,13.9242,14.05,13.88,13.9812,48073.71,2021-03-21 16:00:00
1616346000000,13.981,14.0,13.8937,13.9744,31855.8,2021-03-21 17:00:00
1616349600000,13.9754,14.2835,13.9754,14.2483,130070.46,2021-03-21 18:00:00
1616353200000,14.2444,14.3064,14.1159,14.1922,49180.83,2021-03-21 19:00:00
1616356800000,14.1913,14.2805,14.0848,14.2788,37491.72,2021-03-21 20:00:00
1616360400000,14.2696,14.3446,14.195,14.3151,31828.92,2021-03-21 21:00:00
1616364000000,14.3144,14.3636,14.186,14.1992,52653.53,2021-03-21 22:00:00
1616367600000,14.1908,14.3581,14.108,14.3372,42759.81,2021-03-21 23:00:00
1616371200000,14.3372,14.4122,14.2084,14.325,84902.41,2021-03-22 00:00:00
1616374800000,14.322,14.3259,14.1697,14.3166,42437.09,2021-03-22 01:00:00
1616378400000,14.3166,14.8,14.2751,14.7839,131390.79,2021-03-22 02:00:00
1616382000000,14.7839,15.2,14.7839,15.17,380622.46,2021-03-22 03:00:00
1616385600000,15.17,15.75,15.0629,15.6977,580678.44,2021-03-22 04:00:00
1616389200000,15.6921,16.2973,15.6209,16.1676,585435.19,2021-03-22 05:00:00
1616392800000,16.1698,16.27,15.8379,16.01,451486.33,2021-03-22 06:00:00
1616396400000,16.0099,16.29,15.9099,16.1811,192282.0,2021-03-22 07:00:00
1616400000000,16.1911,16.499,15.9401,15.9642,380188.59,2021-03-22 08:00:00
1616403600000,15.9716,16.1409,15.8628,16.128,175571.31,2021-03-22 09:00:00
1616407200000,16.1275,16.2724,16.0342,16.1817,137251.88,2021-03-22 10:00:00
1616410800000,16.169,16.41,16.1593,16.3992,171738.66,2021-03-22 11:00:00
1616414400000,16.4001,16.59,16.033,16.1327,359273.81,2021-03-22 12:00:00
1616418000000,16.1376,16.1913,15.7125,15.8538,214613.15,2021-03-22 13:00:00
1616421600000,15.8411,15.9368,15.7187,15.7409,109073.79,2021-03-22 14:00:00
1616425200000,15.7409,15.8827,15.6166,15.8338,114212.95,2021-03-22 15:00:00
1616428800000,15.83,15.89,15.445,15.6452,159345.31,2021-03-22 16:00:00
1616432400000,15.6414,15.7377,15.4901,15.6604,93872.17,2021-03-22 17:00:00
1616436000000,15.6632,15.7416,15.5015,15.5148,68072.62,2021-03-22 18:00:00
1616439600000,15.5155,15.5903,15.2589,15.4325,161668.52,2021-03-22 19:00:00
1616443200000,15.4326,15.6998,15.05,15.0745,202307.69,2021-03-22 20:00:00
1616446800000,15.0744,15.2096,14.8907,14.9223,134095.0,2021-03-22 21:00:00
1616450400000,14.9169,14.9907,14.75,14.8964,97598.02,2021-03-22 22:00:00
1616454000000,14.9062,15.0188,14.7588,14.7964,74873.36,2021-03-22 23:00:00
1616457600000,14.7962,14.99,14.693,14.8809,166028.92,2021-03-23 00:00:00
1616461200000,14.8879,15.2199,14.804,15.2042,74162.25,2021-03-23 01:00:00
1616464800000,15.1951,15.227,15.0171,15.0493,55267.97,2021-03-23 02:00:00
1616468400000,15.0565,15.1096,14.9495,15.1,65285.23,2021-03-23 03:00:00
1616472000000,15.1,15.1,14.7,14.7992,52525.1,2021-03-23 04:00:00
1616475600000,14.7991,14.8342,14.4589,14.5391,157601.08,2021-03-23 05:00:00
1616479200000,14.539,14.57,14.0146,14.1335,220062.46,2021-03-23 06:00:00
1616482800000,14.1297,14.4435,14.1297,14.4264,87817.55,2021-03-23 07:00:00
1616486400000,14.4239,14.532,14.2499,14.5,82921.14,2021-03-23 08:00:00
1616490000000,14.5034,14.506,14.362,14.4645,85969.13,2021-03-23 09:00:00
1616493600000,14.4645,14.5501,14.4518,14.5252,45891.23,2021-03-23 10:00:00
1616497200000,14.5261,14.5776,14.3001,14.3816,72971.41,2021-03-23 11:00:00
1616500800000,14.3805,14.73,14.3805,14.6583,168129.5,2021-03-23 12:00:00
1616504400000,14.6582,14.7263,14.5196,14.6389,69964.89,2021-03-23 13:00:00
1616508000000,14.6398,14.8192,14.5166,14.7991,104217.27,2021-03-23 14:00:00
1616511600000,14.7991,14.8205,14.6799,14.7128,60196.55,2021-03-23 15:00:00
1616515200000,14.7171,14.7344,14.4728,14.565,57888.93,2021-03-23 16:00:00
1616518800000,14.566,14.6181,14.4387,14.5138,50164.56,2021-03-23 17:00:00
1616522400000,14.5123,14.6518,14.4804,14.5091,73871.37,2021-03-23 18:00:00
1616526000000,14.5221,14.5986,14.2668,14.3598,64480.96,2021-03-23 19:00:00
1616529600000,14.3487,14.4381,14.1668,14.2021,60459.12,2021-03-23 20:00:00
1616533200000,14.2139,14.2828,14.1165,14.24,72262.36,2021-03-23 21:00:00
1616536800000,14.2426,14.3199,14.1353,14.1544,28887.24,2021-03-23 22:00:00
1616540400000,14.1693,14.2754,14.1388,14.1552,27401.21,2021-03-23 23:00:00
1616544000000,14.1433,14.2738,13.8655,13.9434,119021.14,2021-03-24 00:00:00
1616547600000,13.9557,14.2293,13.8823,14.2,57901.02,2021-03-24 01:00:00
1616551200000,14.1923,14.2835,14.1532,14.2731,24689.69,2021-03-24 02:00:00
1616554800000,14.2651,14.3521,14.176,14.3317,30973.41,2021-03-24 03:00:00
1616558400000,14.33,14.4,14.2555,14.2736,36697.01,2021-03-24 04:00:00
1616562000000,14.258,14.4002,14.2131,14.3856,35980.28,2021-03-24 05:00:00
1616565600000,14.3865,14.5462,14.2635,14.5017,63162.1,2021-03-24 06:00:00
1616569200000,14.5142,14.6658,14.4866,14.66,86067.03,2021-03-24 07:00:00
1616572800000,14.6589,14.8,14.6545,14.7486,77738.22,2021-03-24 08:00:00
1616576400000,14.7486,14.8142,14.5834,14.7381,50778.04,2021-03-24 09:00:00
1616580000000,14.7349,14.8329,14.6691,14.7193,50524.36,2021-03-24 10:00:00
1616583600000,14.7349,14.7953,14.66,14.71,32784.87,2021-03-24 11:00:00
1616587200000,14.7116,14.8532,14.71,14.7707,59124.28,2021-03-24 12:00:00
1616590800000,14.7714,14.8616,14.66,14.7182,56366.5,2021-03-24 13:00:00
1616594400000,14.73,14.8939,14.6891,14.7811,58930.54,2021-03-24 14:00:00
1616598000000,14.7821,14.9407,14.7427,14.8464,140045.54,2021-03-24 15:00:00
1616601600000,14.8497,15.0258,14.7427,15.0126,155551.69,2021-03-24 16:00:00
1616605200000,15.0126,15.303,15.0067,15.2123,256075.95,2021-03-24 17:00:00
1616608800000,15.2068,15.3719,14.869,14.8863,120934.13,2021-03-24 18:00:00
1616612400000,14.8821,15.1174,14.5753,14.6594,146115.87,2021-03-24 19:00:00
1616616000000,14.6465,14.6479,14.2966,14.392,194722.87,2021-03-24 20:00:00
1616619600000,14.3927,14.3928,14.23,14.2533,93211.59,2021-03-24 21:00:00
1616623200000,14.2533,14.285,13.7,13.7952,216665.65,2021-03-24 22:00:00
1616626800000,13.7909,13.831,13.5842,13.5973,153277.94,2021-03-24 23:00:00
1616630400000,13.5844,13.6898,13.5,13.5485,209980.48,2021-03-25 00:00:00
1616634000000,13.5457,13.6101,12.9608,13.0105,202076.68,2021-03-25 01:00:00
1616637600000,13.0105,13.5471,12.9236,13.3573,154765.9,2021-03-25 02:00:00
1616641200000,13.3693,13.4465,13.2376,13.35,48998.85,2021-03-25 03:00:00
1616644800000,13.3384,13.4055,13.167,13.3923,53074.29,2021-03-25 04:00:00
1616648400000,13.3923,13.5943,13.3819,13.5788,61098.76,2021-03-25 05:00:00
1616652000000,13.5685,13.7329,13.55,13.6529,66556.66,2021-03-25 06:00:00
1616655600000,13.6471,13.6499,13.299,13.3045,62930.09,2021-03-25 07:00:00
1616659200000,13.3119,13.4478,13.2877,13.3856,55884.88,2021-03-25 08:00:00
1616662800000,13.3798,13.4002,13.1344,13.226,178343.56,2021-03-25 09:00:00
1616666400000,13.2219,13.2934,13.0756,13.2859,101871.91,2021-03-25 10:00:00
1616670000000,13.2743,13.34,13.1,13.1114,88955.51,2021-03-25 11:00:00
1616673600000,13.1079,13.1773,12.47,12.7224,293880.8,2021-03-25 12:00:00
1616677200000,12.7224,13.0026,12.6084,12.8918,150610.83,2021-03-25 13:00:00
1616680800000,12.9056,13.062,12.8042,12.8528,76361.15,2021-03-25 14:00:00
1616684400000,12.8681,12.8964,12.68,12.7961,60451.15,2021-03-25 15:00:00
1616688000000,12.7871,12.9233,12.6745,12.8086,69841.51,2021-03-25 16:00:00
1616691600000,12.8278,12.9972,12.7568,12.9933,34703.88,2021-03-25 17:00:00
1616695200000,12.9977,13.071,12.9607,13.0459,94778.87,2021-03-25 18:00:00
1616698800000,13.0562,13.0696,12.9519,12.9752,32703.05,2021-03-25 19:00:00
1616702400000,12.9771,13.0696,12.8851,12.9366,78127.76,2021-03-25 20:00:00
1616706000000,12.945,13.07,12.945,13.0438,40894.13,2021-03-25 21:00:00
1616709600000,13.0373,13.1317,12.9611,12.9822,45523.11,2021-03-25 22:00:00
1616713200000,12.9827,13.0826,12.9114,12.9787,29909.29,2021-03-25 23:00:00
1616716800000,12.9789,13.2252,12.9528,13.1724,61915.82,2021-03-26 00:00:00
1616720400000,13.1807,13.34,13.1807,13.3107,36030.41,2021-03-26 01:00:00
1616724000000,13.3107,13.3118,12.3191,12.3649,221152.25,2021-03-26 02:00:00
1616727600000,12.3649,12.7282,12.3043,12.689,141200.3,2021-03-26 03:00:00
1616731200000,12.689,13.0375,12.6081,13.0359,103512.65,2021-03-26 04:00:00
1616734800000,13.0359,13.4845,13.0078,13.4485,132818.63,2021-03-26 05:00:00
1616738400000,13.4451,13.7651,13.4284,13.6389,89473.31,2021-03-26 06:00:00
1616742000000,13.647,14.1174,13.5741,14.0145,112171.08,2021-03-26 07:00:00
1616745600000,14.0064,14.3,13.9467,14.2335,291481.64,2021-03-26 08:00:00
1616749200000,14.231,14.2979,14.0046,14.1107,159752.67,2021-03-26 09:00:00
1616752800000,14.1154,14.1668,13.9958,14.0199,97196.46,2021-03-26 10:00:00
1616756400000,14.0132,14.0188,13.8118,13.9628,100673.51,2021-03-26 11:00:00
1616760000000,13.974,14.1125,13.9111,14.1125,78995.33,2021-03-26 12:00:00
1616763600000,14.1124,14.1343,13.3363,13.7358,435219.81,2021-03-26 13:00:00
1616767200000,13.7397,14.0079,13.7237,13.9987,102441.76,2021-03-26 14:00:00
1616770800000,13.9999,14.0225,13.8788,13.9411,60837.83,2021-03-26 15:00:00
1616774400000,13.9463,14.2782,13.8622,14.2314,146324.27,2021-03-26 16:00:00
1616778000000,14.2314,14.447,14.15,14.4325,101970.82,2021-03-26 17:00:00
1616781600000,14.4338,14.4504,14.226,14.2539,82450.54,2021-03-26 18:00:00
1616785200000,14.2605,14.35,14.1006,14.2683,80208.2,2021-03-26 19:00:00
1616788800000,14.2696,14.448,14.2551,14.4069,90774.91,2021-03-26 20:00:00
1616792400000,14.4019,14.5643,14.3713,14.5132,97136.61,2021-03-26 21:00:00
1616796000000,14.5132,14.59,14.383,14.5652,62527.57,2021-03-26 22:00:00
1616799600000,14.5652,14.7921,14.5652,14.7664,86015.39,2021-03-26 23:00:00
1616803200000,14.7751,14.9116,14.7173,14.8439,106054.75,2021-03-27 00:00:00
1616806800000,14.8605,15.0,14.7962,14.946,137421.13,2021-03-27 01:00:00
1616810400000,14.9501,15.0322,14.8398,14.9504,92856.36,2021-03-27 02:00:00
1616814000000,14.9431,14.9914,14.8349,14.8783,42358.86,2021-03-27 03:00:00
1616817600000,14.8803,14.9664,14.7903,14.9319,62481.76,2021-03-27 04:00:00
1616821200000,14.9454,15.6578,14.9209,15.5159,442546.53,2021-03-27 05:00:00
1616824800000,15.5139,16.1,15.4383,16.0653,310774.78,2021-03-27 06:00:00
1616828400000,16.064,16.064,15.782,16.027,162407.94,2021-03-27 07:00:00
1616832000000,16.035,16.2127,15.8353,16.1707,183536.16,2021-03-27 08:00:00
1616835600000,16.17,16.2,15.8513,15.8839,262186.38,2021-03-27 09:00:00
1616839200000,15.8792,15.9958,15.6484,15.6785,112961.33,2021-03-27 10:00:00
1616842800000,15.6784,15.7622,15.4124,15.62,154139.42,2021-03-27 11:00:00
1616846400000,15.6179,15.6607,15.38,15.54,146811.98,2021-03-27 12:00:00
1616850000000,15.5555,15.682,15.4271,15.6201,105585.89,2021-03-27 13:00:00
1616853600000,15.6199,15.6419,15.38,15.5981,81389.66,2021-03-27 14:00:00
1616857200000,15.5962,16.0993,15.574,16.0,240972.07,2021-03-27 15:00:00
1616860800000,16.0085,16.2143,15.9571,16.1626,173875.8,2021-03-27 16:00:00
1616864400000,16.1791,16.35,15.7,15.8606,347435.15,2021-03-27 17:00:00
1616868000000,15.8639,15.8944,15.6751,15.8705,126660.57,2021-03-27 18:00:00
1616871600000,15.8694,16.0192,15.819,15.8912,85722.28,2021-03-27 19:00:00
1616875200000,15.8923,16.0198,15.7651,16.0084,97285.57,2021-03-27 20:00:00
1616878800000,16.008,16.1518,15.8378,16.1405,122000.14,2021-03-27 21:00:00
1616882400000,16.1405,16.2535,15.9385,16.2447,87896.15,2021-03-27 22:00:00
1616886000000,16.251,16.8,16.2463,16.4589,368533.04,2021-03-27 23:00:00
1616889600000,16.4516,16.6158,16.3049,16.5826,172608.28,2021-03-28 00:00:00
1616893200000,16.5825,17.0351,16.5799,17.0172,247749.7,2021-03-28 01:00:00
1616896800000,17.0205,17.5,16.8751,17.435,299413.45,2021-03-28 02:00:00
1616900400000,17.4349,17.634,17.2145,17.2226,197938.47,2021-03-28 03:00:00
1616904000000,17.2403,17.4242,17.1335,17.1481,107431.6,2021-03-28 04:00:00
1616907600000,17.15,17.2174,17.0223,17.0498,74969.91,2021-03-28 05:00:00
1616911200000,17.0616,17.13,16.9264,17.1018,76723.45,2021-03-28 06:00:00
1616914800000,17.1101,17.5213,17.1007,17.5179,287839.46,2021-03-28 07:00:00
1616918400000,17.5103,17.7461,17.2739,17.74,194485.15,2021-03-28 08:00:00
1616922000000,17.7401,17.995,17.6073,17.9305,244147.89,2021-03-28 09:00:00
1616925600000,17.9306,17.94,17.5366,17.8768,207213.34,2021-03-28 10:00:00
1616929200000,17.8837,18.3699,17.8585,18.2957,456500.09,2021-03-28 11:00:00
1616932800000,18.2956,18.6445,18.1014,18.3148,533788.42,2021-03-28 12:00:00
1616936400000,18.314,18.88,18.2859,18.6983,435324.07,2021-03-28 13:00:00
1616940000000,18.6881,19.2642,18.5107,19.1998,499020.17,2021-03-28 14:00:00
1616943600000,19.1998,19.2,18.6756,18.9148,403731.23,2021-03-28 15:00:00
1616947200000,18.9112,18.9149,18.4851,18.7618,245866.82,2021-03-28 16:00:00
1616950800000,18.7572,19.38,18.75,19.0298,534219.48,2021-03-28 17:00:00
1616954400000,19.0298,19.0483,18.0726,18.1306,436019.9,2021-03-28 18:00:00
1616958000000,18.1378,18.7029,17.7889,18.558,479466.94,2021-03-28 19:00:00
1616961600000,18.558,19.0807,18.3346,18.7077,392070.7,2021-03-28 20:00:00
1616965200000,18.7077,18.8594,18.3256,18.45,193981.96,2021-03-28 21:00:00
1616968800000,18.45,18.5261,18.158,18.189,298619.89,2021-03-28 22:00:00
1616972400000,18.189,18.2611,17.9354,18.0645,181597.12,2021-03-28 23:00:00
1616976000000,18.0645,18.473,18.0337,18.146,204930.17,2021-03-29 00:00:00
1616979600000,18.1521,18.4851,18.0857,18.4836,96076.95,2021-03-29 01:00:00
1616983200000,18.4699,18.8606,18.3937,18.5727,139776.12,2021-03-29 02:00:00
1616986800000,18.5625,18.7001,18.4343,18.4529,180621.75,2021-03-29 03:00:00
1616990400000,18.4422,18.5092,18.1229,18.2727,174238.56,2021-03-29 04:00:00
1616994000000,18.2658,18.2953,17.6439,17.7295,205969.09,2021-03-29 05:00:00
1616997600000,17.7174,17.8754,17.7112,17.8742,81944.83,2021-03-29 06:00:00
1617001200000,17.8747,18.1359,17.8613,18.1001,118703.66,2021-03-29 07:00:00
1617004800000,18.1013,18.3,18.0638,18.1191,150885.23,2021-03-29 08:00:00
1617008400000,18.119,18.44,18.0689,18.3031,187847.42,2021-03-29 09:00:00
1617012000000,18.3148,18.4281,18.1378,18.4175,108662.1,2021-03-29 10:00:00
1617015600000,18.4076,18.4902,18.253,18.3798,108620.43,2021-03-29 11:00:00
1617019200000,18.3859,18.7472,18.3835,18.4627,143768.4,2021-03-29 12:00:00
1617022800000,18.4768,18.6,18.3499,18.5301,110441.64,2021-03-29 13:00:00
1617026400000,18.5348,18.6579,18.4003,18.4771,86984.99,2021-03-29 14:00:00
1617030000000,18.48,18.5409,17.9878,18.1488,188869.32,2021-03-29 15:00:00
1617033600000,18.1444,18.4131,18.0344,18.3955,82013.47,2021-03-29 16:00:00
1617037200000,18.3923,19.0,18.3711,18.9676,196685.71,2021-03-29 17:00:00
1617040800000,18.9752,18.999,18.7217,18.8794,112742.19,2021-03-29 18:00:00
1617044400000,18.8821,18.936,18.7024,18.8299,77920.55,2021-03-29 19:00:00
1617048000000,18.8299,18.9129,18.4669,18.5551,125325.4,2021-03-29 20:00:00
1617051600000,18.5551,18.6454,18.467,18.5625,50308.37,2021-03-29 21:00:00
1617055200000,18.5625,18.8177,18.5331,18.7913,65636.77,2021-03-29 22:00:00
1617058800000,18.7934,18.9588,18.7609,18.9504,65408.66,2021-03-29 23:00:00
1617062400000,18.9504,19.74,18.9105,19.5262,329424.99,2021-03-30 00:00:00
1617066000000,19.5262,19.5262,19.1985,19.505,157937.78,2021-03-30 01:00:00
1617069600000,19.5036,19.8681,19.278,19.8291,241995.95,2021-03-30 02:00:00
1617073200000,19.8284,19.999,19.7156,19.999,226421.84,2021-03-30 03:00:00
1617076800000,19.9989,20.3519,19.7323,20.2107,242336.27,2021-03-30 04:00:00
1617080400000,20.1966,20.75,20.1425,20.6453,232515.68,2021-03-30 05:00:00
1617084000000,20.6286,20.87,20.3614,20.4669,244493.79,2021-03-30 06:00:00
1617087600000,20.4745,20.5225,20.227,20.3683,159270.44,2021-03-30 07:00:00
1617091200000,20.3646,20.4486,20.0,20.1023,170643.73,2021-03-30 08:00:00
1617094800000,20.1023,20.3499,20.0227,20.3483,118249.2,2021-03-30 09:00:00
1617098400000,20.3483,20.4198,20.0919,20.1893,166288.21,2021-03-30 10:00:00
1617102000000,20.1881,20.4867,20.1553,20.4691,127236.2,2021-03-30 11:00:00
1617105600000,20.4691,20.5135,20.2133,20.2259,97752.58,2021-03-30 12:00:00
1617109200000,20.22,20.3142,19.8005,19.8559,135336.03,2021-03-30 13:00:00
1617112800000,19.8735,19.9381,19.7153,19.8565,91834.43,2021-03-30 14:00:00
1617116400000,19.8568,19.942,19.3698,19.4093,130359.24,2021-03-30 15:00:00
1617120000000,19.4248,19.589,19.366,19.4771,102677.83,2021-03-30 16:00:00
1617123600000,19.4675,19.6638,19.4422,19.6117,72812.03,2021-03-30 17:00:00
1617127200000,19.6217,19.6899,19.53,19.562,60739.88,2021-03-30 18:00:00
1617130800000,19.562,19.5821,19.1031,19.2805,303258.71,2021-03-30 19:00:00
1617134400000,19.2735,19.3,19.0759,19.1971,96023.29,2021-03-30 20:00:00
1617138000000,19.1971,19.3157,19.1772,19.254,56776.24,2021-03-30 21:00:00
1617141600000,19.242,19.3368,18.9804,19.021,113324.01,2021-03-30 22:00:00
1617145200000,19.021,19.3492,18.9543,19.0685,130645.75,2021-03-30 23:00:00
1617148800000,19.0645,19.1052,18.7175,19.048,147087.97,2021-03-31 00:00:00
1617152400000,19.0512,19.1934,18.996,19.1532,48103.41,2021-03-31 01:00:00
1617156000000,19.1531,19.1531,18.9292,18.9597,69392.41,2021-03-31 02:00:00
1617159600000,18.96,18.96,18.2239,18.7394,219905.16,2021-03-31 03:00:00
1617163200000,18.7427,18.9057,18.6167,18.8201,74619.85,2021-03-31 04:00:00
1617166800000,18.8104,18.8107,18.7114,18.7857,129056.82,2021-03-31 05:00:00
1617170400000,18.7943,19.0527,18.7,19.0029,149255.51,2021-03-31 06:00:00
1617174000000,19.0191,19.1302,18.5,18.5801,154654.39,2021-03-31 07:00:00
1617177600000,18.58,18.6455,18.0,18.5981,191981.56,2021-03-31 08:00:00
1617181200000,18.5853,18.8155,18.473,18.8155,81546.77,2021-03-31 09:00:00
1617184800000,18.8022,18.9262,18.5337,18.7158,103883.97,2021-03-31 10:00:00
1617188400000,18.7234,19.5,18.6698,19.4406,207784.51,2021-03-31 11:00:00
1617192000000,19.4406,19.5781,19.2957,19.4497,127129.23,2021-03-31 12:00:00
1617195600000,19.4498,19.7096,19.2756,19.5472,165604.17,2021-03-31 13:00:00
1617199200000,19.5586,19.6069,19.4016,19.5127,62038.53,2021-03-31 14:00:00
1617202800000,19.517,19.648,19.3559,19.4123,119849.24,2021-03-31 15:00:00
1617206400000,19.4118,19.5499,18.88,19.1057,198452.71,2021-03-31 16:00:00
1617210000000,19.104,19.285,19.0426,19.2724,80030.97,2021-03-31 17:00:00
1617213600000,19.2753,19.6294,19.17,19.5732,102112.67,2021-03-31 18:00:00
1617217200000,19.57,19.8154,19.4958,19.5141,91947.81,2021-03-31 19:00:00
1617220800000,19.5147,19.7507,19.432,19.6533,65672.76,2021-03-31 20:00:00
1617224400000,19.6564,19.6941,19.4874,19.6381,43204.66,2021-03-31 21:00:00
1617228000000,19.6381,19.7048,19.4964,19.5086,59266.35,2021-03-31 22:00:00
1617231600000,19.5,19.5316,19.3335,19.3861,92152.02,2021-03-31 23:00:00
1617235200000,19.3818,19.4649,19.3341,19.4433,35068.36,2021-04-01 00:00:00
1617238800000,19.4339,19.502,19.2331,19.4898,45074.53,2021-04-01 01:00:00
1617242400000,19.4785,19.5955,19.4204,19.5797,47112.99,2021-04-01 02:00:00
1617246000000,19.5797,19.7585,19.49,19.746,110223.32,2021-04-01 03:00:00
1617249600000,19.7572,20.3398,19.6703,20.1603,244911.07,2021-04-01 04:00:00
1617253200000,20.1603,20.3583,20.0426,20.0427,103493.49,2021-04-01 05:00:00
1617256800000,20.0502,20.1828,19.9718,20.0267,105300.75,2021-04-01 06:00:00
1617260400000,20.032,20.1079,19.845,19.9834,113978.99,2021-04-01 07:00:00
1617264000000,19.9862,20.0812,19.5424,19.7061,166617.85,2021-04-01 08:00:00
1617267600000,19.7046,19.7653,19.4837,19.5205,91217.59,2021-04-01 09:00:00
1617271200000,19.5026,19.7855,19.3335,19.3593,114096.77,2021-04-01 10:00:00
1617274800000,19.3579,19.3579,19.0727,19.2831,102357.78,2021-04-01 11:00:00
1617278400000,19.2766,19.3325,18.9911,19.1429,124180.61,2021-04-01 12:00:00
1617282000000,19.1429,19.3214,19.1032,19.2863,68858.41,2021-04-01 13:00:00
1617285600000,19.2866,19.3093,19.1583,19.254,65507.68,2021-04-01 14:00:00
1617289200000,19.2804,19.49,19.254,19.4277,74243.32,2021-04-01 15:00:00
1617292800000,19.4311,19.5054,19.1061,19.1575,91130.22,2021-04-01 16:00:00
1617296400000,19.1607,19.2384,18.7744,18.8779,155778.96,2021-04-01 17:00:00
1617300000000,18.8775,19.1479,18.7433,19.0981,118082.37,2021-04-01 18:00:00
1617303600000,19.1176,19.193,18.9246,19.1458,62702.83,2021-04-01 19:00:00
1617307200000,19.1396,19.2458,19.0863,19.1335,51919.64,2021-04-01 20:00:00
1617310800000,19.1237,19.175,18.9915,19.0599,39120.85,2021-04-01 21:00:00
1617314400000,19.0805,19.1948,18.9946,19.16,25773.32,2021-04-01 22:00:00
1617318000000,19.16,19.2696,19.0193,19.0443,73857.64,2021-04-01 23:00:00
1617321600000,19.0443,19.1306,18.8537,18.9196,103834.9,2021-04-02 00:00:00
1617325200000,18.921,18.9894,18.7777,18.8546,87850.3,2021-04-02 01:00:00
1617328800000,18.8545,18.8585,18.345,18.6688,203446.7,2021-04-02 02:00:00
1617332400000,18.6688,18.763,18.5884,18.724,68492.05,2021-04-02 03:00:00
1617336000000,18.7375,18.8239,18.6309,18.8124,77903.03,2021-04-02 04:00:00
1617339600000,18.8124,19.0293,18.6412,19.0001,59021.07,2021-04-02 05:00:00
1617343200000,19.0162,19.0442,18.8868,18.9857,45303.36,2021-04-02 06:00:00
1617346800000,18.9769,19.0953,18.9769,19.018,30116.97,2021-04-02 07:00:00
1617350400000,19.0196,19.0853,18.9544,19.0683,50346.71,2021-04-02 08:00:00
1617354000000,19.0683,19.1466,18.9384,19.1466,41605.76,2021-04-02 09:00:00
1617357600000,19.14,19.1425,19.0568,19.1029,30292.48,2021-04-02 10:00:00
1617361200000,19.1029,19.1231,18.9304,19.1032,65244.35,2021-04-02 11:00:00
1617364800000,19.1032,19.4486,19.0051,19.2584,163437.44,2021-04-02 12:00:00
1617368400000,19.2584,19.3028,19.0591,19.2064,68708.44,2021-04-02 13:00:00
1617372000000,19.2009,19.4076,19.1744,19.3952,53772.73,2021-04-02 14:00:00
1617375600000,19.3864,19.7017,19.2809,19.4936,92875.75,2021-04-02 15:00:00
1617379200000,19.4936,19.7033,19.4904,19.62,93950.68,2021-04-02 16:00:00
1617382800000,19.62,19.7201,19.487,19.6792,63189.54,2021-04-02 17:00:00
1617386400000,19.6698,19.6776,19.3123,19.3454,71673.89,2021-04-02 18:00:00
1617390000000,19.359,19.361,18.9965,19.2665,78725.97,2021-04-02 19:00:00
1617393600000,19.2735,19.4265,19.2611,19.4,52838.0,2021-04-02 20:00:00
1617397200000,19.4,19.4261,19.3012,19.3401,34607.15,2021-04-02 21:00:00
1617400800000,19.3476,19.5671,19.3301,19.5583,45206.42,2021-04-02 22:00:00
1617404400000,19.5495,19.8003,19.4319,19.7501,90856.86,2021-04-02 23:00:00
1617408000000,19.7513,20.2585,19.7228,20.2585,118743.96,2021-04-03 00:00:00
1617411600000,20.2498,20.46,20.0622,20.1789,137009.15,2021-04-03 01:00:00
1617415200000,20.1789,20.2912,20.0704,20.2835,47095.68,2021-04-03 02:00:00
1617418800000,20.271,21.1835,20.271,21.041,288379.45,2021-04-03 03:00:00
1617422400000,21.0411,21.2562,20.8208,21.1447,173088.2,2021-04-03 04:00:00
1617426000000,21.145,21.2042,20.8817,21.087,127145.58,2021-04-03 05:00:00
1617429600000,21.09,21.62,21.0566,21.5265,190719.35,2021-04-03 06:00:00
1617433200000,21.542,21.88,21.15,21.15,216037.97,2021-04-03 07:00:00
1617436800000,21.1538,21.7211,21.1538,21.53,309051.6,2021-04-03 08:00:00
1617440400000,21.5317,22.2362,21.271,22.205,379437.66,2021-04-03 09:00:00
1617444000000,22.2198,22.6514,22.0615,22.3658,402243.82,2021-04-03 10:00:00
1617447600000,22.3634,22.6374,22.1457,22.5116,249495.31,2021-04-03 11:00:00
1617451200000,22.4581,22.8,22.4581,22.5529,249523.68,2021-04-03 12:00:00
1617454800000,22.5528,22.5582,21.9766,21.989,183067.91,2021-04-03 13:00:00
1617458400000,21.9888,22.1937,21.6975,21.7274,166232.0,2021-04-03 14:00:00
1617462000000,21.7401,21.9571,21.02,21.031,198104.77,2021-04-03 15:00:00
1617465600000,21.0204,21.5592,20.7086,21.261,252363.37,2021-04-03 16:00:00
1617469200000,21.2507,21.707,20.75,20.8784,316582.15,2021-04-03 17:00:00
1617472800000,20.8889,21.9499,20.4367,21.9281,285228.15,2021-04-03 18:00:00
1617476400000,21.9051,22.531,21.7906,22.1705,330447.75,2021-04-03 19:00:00
1617480000000,22.1594,22.1739,21.5059,21.7746,98573.64,2021-04-03 20:00:00
1617483600000,21.7746,23.4338,21.6463,23.3288,423794.89,2021-04-03 21:00:00
1617487200000,23.3288,23.7497,22.2185,23.5758,644776.83,2021-04-03 22:00:00
1617490800000,23.5758,23.8476,22.3488,22.5,479176.63,2021-04-03 23:00:00
1617494400000,22.4672,23.7412,21.9867,23.3292,645696.69,2021-04-04 00:00:00
1617498000000,23.3201,23.5265,23.0375,23.2202,209846.79,2021-04-04 01:00:00
1617501600000,23.224,23.3539,22.8022,23.0266,188771.82,2021-04-04 02:00:00
1617505200000,23.0265,23.1065,22.5031,22.7723,209610.47,2021-04-04 03:00:00
1617508800000,22.7778,23.2139,22.7585,23.1306,121158.72,2021-04-04 04:00:00
1617512400000,23.1243,23.35,22.744,23.1535,177623.28,2021-04-04 05:00:00
1617516000000,23.1424,24.5,22.9931,24.2501,504871.03,2021-04-04 06:00:00
1617519600000,24.2451,24.4349,23.6106,23.7662,278475.3,2021-04-04 07:00:00
1617523200000,23.7662,24.1,23.5597,23.8895,122384.09,2021-04-04 08:00:00
1617526800000,23.8895,23.96,23.7011,23.7753,95473.74,2021-04-04 09:00:00
1617530400000,23.7749,24.5317,23.7109,24.2413,182978.68,2021-04-04 10:00:00
1617534000000,24.2601,24.3097,23.5172,23.6828,169596.2,2021-04-04 11:00:00
1617537600000,23.683,24.2197,23.3169,24.114,180852.99,2021-04-04 12:00:00
1617541200000,24.1056,25.0,24.0921,24.7297,303176.8,2021-04-04 13:00:00
1617544800000,24.7244,25.0,24.3178,24.7399,332358.89,2021-04-04 14:00:00
1617548400000,24.7371,24.9379,24.5128,24.7428,145171.92,2021-04-04 15:00:00
1617552000000,24.7557,25.5309,24.6805,25.2254,403798.98,2021-04-04 16:00:00
1617555600000,25.2108,25.3756,24.6628,24.7027,205429.56,2021-04-04 17:00:00
1617559200000,24.708,24.8,24.3843,24.4202,137468.9,2021-04-04 18:00:00
1617562800000,24.4202,24.4495,23.7702,24.1242,184985.48,2021-04-04 19:00:00
1617566400000,24.1101,24.1521,23.5093,23.7414,146470.12,2021-04-04 20:00:00
1617570000000,23.7414,23.8733,23.301,23.8655,127908.85,2021-04-04 21:00:00
1617573600000,23.8481,23.8994,23.5895,23.6598,84148.58,2021-04-04 22:00:00
1617577200000,23.6794,24.1502,23.6572,23.7755,116281.95,2021-04-04 23:00:00
1617580800000,23.7755,24.1477,23.5312,23.5754,190255.5,2021-04-05 00:00:00
1617584400000,23.5897,23.8529,23.1334,23.6388,136382.56,2021-04-05 01:00:00
1617588000000,23.6362,23.8856,23.3861,23.709,95829.89,2021-04-05 02:00:00
1617591600000,23.709,24.6232,23.6435,24.3263,140672.43,2021-04-05 03:00:00
1617595200000,24.3218,24.78,23.9985,24.0225,143339.87,2021-04-05 04:00:00
1617598800000,24.0234,24.1831,23.3117,23.3348,93962.34,2021-04-05 05:00:00
1617602400000,23.3327,23.5553,22.794,22.94,169344.71,2021-04-05 06:00:00
1617606000000,22.9401,23.3047,22.8777,23.181,126704.4,2021-04-05 07:00:00
1617609600000,23.181,23.4,22.9513,23.3854,96941.0,2021-04-05 08:00:00
1617613200000,23.3777,23.7095,23.2476,23.6866,64335.36,2021-04-05 09:00:00
1617616800000,23.6867,24.0,23.5828,23.9999,86410.99,2021-04-05 10:00:00
1617620400000,23.9999,24.2984,23.759,23.8241,131047.81,2021-04-05 11:00:00
1617624000000,23.8244,23.8488,23.3931,23.4497,85289.66,2021-04-05 12:00:00
1617627600000,23.451,23.7624,23.29,23.6369,93856.43,2021-04-05 13:00:00
1617631200000,23.6452,24.6201,23.5713,24.5739,170611.35,2021-04-05 14:00:00
1617634800000,24.5823,24.6,23.9663,24.1195,120405.91,2021-04-05 15:00:00
1617638400000,24.1023,24.429,23.6771,23.8086,107485.74,2021-04-05 16:00:00
1617642000000,23.8113,24.0398,23.666,23.97,88323.16,2021-04-05 17:00:00
1617645600000,23.9755,23.9974,23.7836,23.8696,61594.38,2021-04-05 18:00:00
1617649200000,23.8614,24.1272,23.4683,23.5505,185240.73,2021-04-05 19:00:00
1617652800000,23.5505,23.7565,23.45,23.608,138755.32,2021-04-05 20:00:00
1617656400000,23.608,23.6624,22.998,23.0888,106652.52,2021-04-05 21:00:00
1617660000000,23.0875,23.2972,22.9533,23.1889,75772.53,2021-04-05 22:00:00
1617663600000,23.1891,23.2051,22.7664,22.9717,111999.62,2021-04-05 23:00:00
1617667200000,22.9876,23.0836,22.5261,22.5718,271721.56,2021-04-06 00:00:00
1617670800000,22.5544,22.8392,22.4333,22.723,93509.06,2021-04-06 01:00:00
1617674400000,22.7171,22.8723,22.5818,22.6874,54634.28,2021-04-06 02:00:00
1617678000000,22.7127,22.8717,22.6734,22.7268,26469.13,2021-04-06 03:00:00
1617681600000,22.741,23.1377,22.5814,23.0889,56092.3,2021-04-06 04:00:00
1617685200000,23.089,23.1287,22.8242,22.9574,41384.01,2021-04-06 05:00:00
1617688800000,22.9467,23.0445,22.6612,23.0445,71728.08,2021-04-06 06:00:00
1617692400000,23.0445,23.2969,22.8639,23.0306,91287.92,2021-04-06 07:00:00
1617696000000,23.0306,23.7844,22.8642,22.9165,193927.08,2021-04-06 08:00:00
1617699600000,22.8972,23.1134,22.8367,23.0807,87050.99,2021-04-06 09:00:00
1617703200000,23.0776,23.0999,22.1769,22.3368,133441.37,2021-04-06 10:00:00
1617706800000,22.3267,22.8131,22.1946,22.8103,98710.87,2021-04-06 11:00:00
1617710400000,22.8102,23.4845,22.641,23.0332,142616.93,2021-04-06 12:00:00
1617714000000,23.0347,23.4749,22.8296,22.9155,82340.7,2021-04-06 13:00:00
1617717600000,22.8982,22.9,21.7554,22.3799,195636.77,2021-04-06 14:00:00
1617721200000,22.3819,22.8935,22.1848,22.7679,109135.51,2021-04-06 15:00:00
1617724800000,22.7358,23.3899,22.7059,23.3752,143046.53,2021-04-06 16:00:00
1617728400000,23.39,24.28,23.3445,24.12,182701.97,2021-04-06 17:00:00
1617732000000,24.1037,24.4401,23.7114,24.119,168196.75,2021-04-06 18:00:00
1617735600000,24.1079,24.6342,23.9455,24.2231,167677.49,2021-04-06 19:00:00
1617739200000,24.2214,24.6809,24.0193,24.2805,205091.16,2021-04-06 20:00:00
1617742800000,24.2805,25.1489,24.0041,24.96,338861.59,2021-04-06 21:00:00
1617746400000,24.9482,25.3,24.6561,24.9,270955.72,2021-04-06 22:00:00
1617750000000,24.9192,25.118,24.729,25.0548,100275.46,2021-04-06 23:00:00
1617753600000,25.0548,25.941,24.6843,24.7636,378967.41,2021-04-07 00:00:00
1617757200000,24.805,24.9753,24.3268,24.396,170482.29,2021-04-07 01:00:00
1617760800000,24.3935,24.555,23.7736,24.399,212453.27,2021-04-07 02:00:00
1617764400000,24.3981,25.4739,24.3663,25.1743,208490.7,2021-04-07 03:00:00
1617768000000,25.1841,25.8531,24.7156,25.2752,206602.24,2021-04-07 04:00:00
1617771600000,25.2736,25.941,25.0629,25.8241,200184.78,2021-04-07 05:00:00
1617775200000,25.8238,26.4444,25.5582,25.6489,362396.9,2021-04-07 06:00:00
1617778800000,25.6383,25.7058,25.15,25.3286,191377.63,2021-04-07 07:00:00
1617782400000,25.3023,25.4049,24.9597,25.0725,149796.08,2021-04-07 08:00:00
1617786000000,25.0924,25.47,23.9351,25.2183,402400.7,2021-04-07 09:00:00
1617789600000,25.216,25.4637,24.1422,24.33,239923.18,2021-04-07 10:00:00
1617793200000,24.3049,24.6,22.9078,23.9988,356205.42,2021-04-07 11:00:00
1617796800000,23.9737,25.1813,23.1071,25.0272,375717.11,2021-04-07 12:00:00
1617800400000,25.0271,26.7099,24.76,26.3401,544457.56,2021-04-07 13:00:00
1617804000000,26.3728,27.5203,26.3,27.0866,802294.19,2021-04-07 14:00:00
1617807600000,27.0456,27.5,25.9982,26.5957,559057.99,2021-04-07 15:00:00
1617811200000,26.6068,27.2734,26.1125,26.8723,358442.34,2021-04-07 16:00:00
1617814800000,26.8723,26.9211,25.8231,25.8282,229778.29,2021-04-07 17:00:00
1617818400000,25.8545,26.6456,25.6978,25.9278,344743.81,2021-04-07 18:00:00
1617822000000,25.9278,27.0,25.2683,26.85,481586.2,2021-04-07 19:00:00
1617825600000,26.88,27.0,26.1331,26.4023,254053.4,2021-04-07 20:00:00
1617829200000,26.4023,27.0,26.2866,26.8249,139213.75,2021-04-07 21:00:00
1617832800000,26.7962,27.0,26.6552,26.9984,189680.11,2021-04-07 22:00:00
1617836400000,26.9834,27.482,26.388,26.5385,457353.28,2021-04-07 23:00:00
1617840000000,26.537,27.2,26.4992,27.1381,329249.87,2021-04-08 00:00:00
1617843600000,27.1485,27.2,26.6197,26.68,162451.25,2021-04-08 01:00:00
1617847200000,26.6928,26.7279,26.1576,26.3076,145613.6,2021-04-08 02:00:00
1617850800000,26.2996,26.3701,25.8961,26.0014,111028.76,2021-04-08 03:00:00
1617854400000,26.0397,26.5471,25.9611,26.4998,131117.56,2021-04-08 04:00:00
1617858000000,26.4999,26.8407,26.4105,26.7568,96420.89,2021-04-08 05:00:00
1617861600000,26.742,27.2,26.7407,27.199,181962.22,2021-04-08 06:00:00
1617865200000,27.1956,27.2982,26.6359,27.0517,268144.34,2021-04-08 07:00:00
1617868800000,27.0425,27.987,27.0353,27.7838,281343.21,2021-04-08 08:00:00
1617872400000,27.7827,27.9951,27.0,27.3249,198372.55,2021-04-08 09:00:00
1617876000000,27.3209,27.7509,26.74,27.2408,279133.3,2021-04-08 10:00:00
1617879600000,27.2418,27.2418,26.4748,26.5004,203040.34,2021-04-08 11:00:00
1617883200000,26.5112,27.1694,26.1157,26.9661,230907.89,2021-04-08 12:00:00
1617886800000,26.9661,27.037,26.2094,26.3822,180407.7,2021-04-08 13:00:00
1617890400000,26.3934,26.6555,25.7686,25.9692,420787.87,2021-04-08 14:00:00
1617894000000,25.9707,26.5031,25.6431,26.1648,231598.98,2021-04-08 15:00:00
1617897600000,26.1586,26.9579,26.1407,26.5278,207538.17,2021-04-08 16:00:00
1617901200000,26.5278,26.5833,26.0079,26.3792,108222.42,2021-04-08 17:00:00
1617904800000,26.3792,26.5394,26.0,26.3689,77634.41,2021-04-08 18:00:00
1617908400000,26.3689,26.464,26.1317,26.2801,79269.11,2021-04-08 19:00:00
1617912000000,26.2802,26.4187,26.0011,26.2791,61660.62,2021-04-08 20:00:00
1617915600000,26.2699,27.0,26.0,26.3792,91448.08,2021-04-08 21:00:00
1617919200000,26.3993,26.9887,26.2989,26.9349,44918.69,2021-04-08 22:00:00
1617922800000,26.9412,27.0,26.797,26.9384,87281.78,2021-04-08 23:00:00
1617926400000,26.9261,27.3,26.7097,27.1254,208333.36,2021-04-09 00:00:00
1617930000000,27.1254,27.39,27.0605,27.1444,90244.09,2021-04-09 01:00:00
1617933600000,27.1215,28.0,27.0201,27.5303,142656.31,2021-04-09 02:00:00
1617937200000,27.5289,27.9291,27.2263,27.6372,143876.59,2021-04-09 03:00:00
1617940800000,27.6461,28.3388,27.6045,28.2952,178552.79,2021-04-09 04:00:00
1617944400000,28.2951,28.3586,27.6406,27.6805,116939.28,2021-04-09 05:00:00
1617948000000,27.6879,27.9163,27.5155,27.525,98733.67,2021-04-09 06:00:00
1617951600000,27.525,28.1937,27.3619,28.1507,105339.35,2021-04-09 07:00:00
1617955200000,28.1829,28.2854,27.7153,28.0497,106055.36,2021-04-09 08:00:00
1617958800000,28.0493,28.753,28.0307,28.5258,172025.09,2021-04-09 09:00:00
1617962400000,28.5246,28.7843,28.1,28.5392,164474.24,2021-04-09 10:00:00
1617966000000,28.53,28.7776,28.337,28.7004,166854.52,2021-04-09 11:00:00
1617969600000,28.699,28.9914,28.2637,28.4777,125251.09,2021-04-09 12:00:00
1617973200000,28.4678,28.7509,28.2585,28.3505,123323.93,2021-04-09 13:00:00
1617976800000,28.3525,29.0,28.1915,28.4522,151208.42,2021-04-09 14:00:00
1617980400000,28.4165,28.6665,27.9541,28.1554,139796.44,2021-04-09 15:00:00
1617984000000,28.1312,28.231,27.67,28.1666,120668.71,2021-04-09 16:00:00
1617987600000,28.1658,29.0,28.151,28.6184,172860.32,2021-04-09 17:00:00
1617991200000,28.6064,28.9653,28.334,28.6819,98812.83,2021-04-09 18:00:00
1617994800000,28.6752,28.8454,28.4263,28.6446,81755.78,2021-04-09 19:00:00
1617998400000,28.66,28.7515,27.9987,28.1963,79821.12,2021-04-09 20:00:00
1618002000000,28.1953,28.41,27.8829,28.261,98306.83,2021-04-09 21:00:00
1618005600000,28.2709,28.3092,27.7519,27.9382,71343.24,2021-04-09 22:00:00
1618009200000,27.9031,27.966,27.61,27.6172,79899.94,2021-04-09 23:00:00
1618012800000,27.6194,28.2948,27.4103,27.7012,219852.75,2021-04-10 00:00:00
1618016400000,27.701,28.1658,27.4652,28.101,121054.68,2021-04-10 01:00:00
1618020000000,28.0981,28.2671,27.5978,27.7798,201270.46,2021-04-10 02:00:00
1618023600000,27.796,27.8443,27.42,27.4569,126214.81,2021-04-10 03:00:00
1618027200000,27.4746,27.7778,26.994,27.2126,248455.91,2021-04-10 04:00:00
1618030800000,27.205,27.2671,26.9493,27.2,108992.1,2021-04-10 05:00:00
1618034400000,27.1873,27.4874,26.9726,27.0628,142877.17,2021-04-10 06:00:00
1618038000000,27.0608,27.1271,26.7945,27.0398,86121.51,2021-04-10 07:00:00
1618041600000,27.0608,27.5699,27.0454,27.2167,119026.42,2021-04-10 08:00:00
1618045200000,27.2167,27.514,27.2073,27.4333,61613.06,2021-04-10 09:00:00
1618048800000,27.4236,27.6663,27.4157,27.6385,60783.92,2021-04-10 10:00:00
1618052400000,27.6385,27.9743,27.5777,27.8592,71879.6,2021-04-10 11:00:00
1618056000000,27.8782,28.2025,27.4874,27.5593,119574.51,2021-04-10 12:00:00
1618059600000,27.5593,27.7201,27.1478,27.3071,114949.72,2021-04-10 13:00:00
1618063200000,27.3004,27.48,27.1443,27.2307,73579.48,2021-04-10 14:00:00
1618066800000,27.2138,27.2933,26.8278,27.0614,126678.19,2021-04-10 15:00:00
1618070400000,27.0614,27.545,27.0614,27.2326,123793.13,2021-04-10 16:00:00
1618074000000,27.2453,27.48,27.0623,27.4042,79287.17,2021-04-10 17:00:00
1618077600000,27.3908,27.6,27.0478,27.1882,104871.9,2021-04-10 18:00:00
1618081200000,27.1794,27.1794,26.6105,26.6105,84138.42,2021-04-10 19:00:00
1618084800000,26.6105,26.8519,25.9017,26.1338,159516.66,2021-04-10 20:00:00
1618088400000,26.1456,26.8864,26.0332,26.6006,84705.17,2021-04-10 21:00:00
1618092000000,26.6199,26.7338,26.5174,26.5404,34287.52,2021-04-10 22:00:00
1618095600000,26.5423,26.8475,26.5393,26.8021,32472.8,2021-04-10 23:00:00
1618099200000,26.7993,27.0,26.5851,26.5947,90101.53,2021-04-11 00:00:00
1618102800000,26.6058,26.6058,26.2775,26.4667,88571.28,2021-04-11 01:00:00
1618106400000,26.4664,26.6637,26.2222,26.2424,81803.39,2021-04-11 02:00:00
1618110000000,26.2424,26.3968,26.1317,26.2044,49237.21,2021-04-11 03:00:00
1618113600000,26.2044,26.25,25.8775,26.0265,127775.0,2021-04-11 04:00:00
1618117200000,26.0305,26.2817,25.8241,25.8631,84009.32,2021-04-11 05:00:00
1618120800000,25.8492,26.0254,25.5131,25.978,148484.05,2021-04-11 06:00:00
1618124400000,25.9651,26.4224,25.9285,26.3355,104832.22,2021-04-11 07:00:00
1618128000000,26.3351,26.5225,26.2234,26.3864,98447.05,2021-04-11 08:00:00
1618131600000,26.3703,26.4006,25.981,26.2864,99338.45,2021-04-11 09:00:00
1618135200000,26.2927,26.3201,25.9057,25.9063,88372.09,2021-04-11 10:00:00
1618138800000,25.9171,26.16,25.9,26.0716,85132.12,2021-04-11 11:00:00
1618142400000,26.1036,26.29,25.879,26.288,63562.0,2021-04-11 12:00:00
1618146000000,26.2846,26.8714,26.2457,26.8252,138632.81,2021-04-11 13:00:00
1618149600000,26.8252,27.1365,26.6769,27.1112,155822.42,2021-04-11 14:00:00
1618153200000,27.1111,27.9628,27.0968,27.5901,188925.11,2021-04-11 15:00:00
1618156800000,27.5718,27.9285,27.3568,27.397,145123.95,2021-04-11 16:00:00
1618160400000,27.4132,27.8549,27.4002,27.6186,100986.81,2021-04-11 17:00:00
1618164000000,27.6027,28.25,27.5324,28.2254,118728.49,2021-04-11 18:00:00
1618167600000,28.2408,28.6369,28.0382,28.5467,124515.35,2021-04-11 19:00:00
1618171200000,28.5726,28.649,28.2891,28.4058,79432.83,2021-04-11 20:00:00
1618174800000,28.3857,28.56,28.113,28.1748,57941.13,2021-04-11 21:00:00
1618178400000,28.1755,28.1873,27.6509,27.721,122779.92,2021-04-11 22:00:00
1618182000000,27.7432,27.9049,27.7,27.8517,75131.28,2021-04-11 23:00:00
1618185600000,27.8598,28.3584,27.8025,28.2098,120430.04,2021-04-12 00:00:00
1618189200000,28.2097,29.9295,28.1471,29.7829,301679.71,2021-04-12 01:00:00
1618192800000,29.7829,29.826,29.0666,29.275,168781.05,2021-04-12 02:00:00
1618196400000,29.2893,29.5511,28.7892,28.938,121519.67,2021-04-12 03:00:00
1618200000000,28.9596,28.9817,28.5031,28.5371,105712.44,2021-04-12 04:00:00
1618203600000,28.5404,29.0798,28.45,29.0795,97209.99,2021-04-12 05:00:00
1618207200000,29.0601,29.4444,28.9434,29.1081,145154.62,2021-04-12 06:00:00
1618210800000,29.1081,29.1274,28.2756,28.2983,141799.91,2021-04-12 07:00:00
1618214400000,28.2979,28.7369,28.168,28.5613,97430.68,2021-04-12 08:00:00
1618218000000,28.5843,28.5863,27.642,27.8962,143235.2,2021-04-12 09:00:00
1618221600000,27.9128,28.4,27.3958,27.7229,166008.49,2021-04-12 10:00:00
1618225200000,27.7229,28.1,27.5366,28.0877,129837.41,2021-04-12 11:00:00
1618228800000,28.0875,28.0971,27.8079,27.9132,80884.94,2021-04-12 12:00:00
1618232400000,27.9185,28.475,27.8926,28.2031,103908.76,2021-04-12 13:00:00
1618236000000,28.1969,28.2543,27.1201,27.1533,162039.26,2021-04-12 14:00:00
1618239600000,27.1533,27.3382,26.8049,27.114,136109.96,2021-04-12 15:00:00
1618243200000,27.1166,27.6035,26.9522,27.4766,102749.44,2021-04-12 16:00:00
1618246800000,27.483,27.6561,27.3872,27.5032,67942.36,2021-04-12 17:00:00
1618250400000,27.5015,27.7293,27.4453,27.6343,57111.9,2021-04-12 18:00:00
1618254000000,27.6455,27.6926,27.4437,27.5368,63103.98,2021-04-12 19:00:00
1618257600000,27.5271,27.8999,27.3709,27.8847,71877.47,2021-04-12 20:00:00
1618261200000,27.8847,28.315,27.6464,28.2141,74844.24,2021-04-12 21:00:00
1618264800000,28.1923,28.4436,28.0419,28.2059,90254.68,2021-04-12 22:00:00
1618268400000,28.2076,28.5989,28.2076,28.5424,92387.06,2021-04-12 23:00:00
1618272000000,28.5266,28.8162,28.3821,28.5612,122357.88,2021-04-13 00:00:00
1618275600000,28.5567,28.7243,28.2967,28.3369,96380.47,2021-04-13 01:00:00
1618279200000,28.3408,28.3991,28.174,28.2224,50338.79,2021-04-13 02:00:00
1618282800000,28.2224,28.2492,27.8729,27.9154,77694.18,2021-04-13 03:00:00
1618286400000,27.9154,27.9527,27.6125,27.737,42606.8,2021-04-13 04:00:00
1618290000000,27.7382,27.9111,27.01,27.0317,84228.8,2021-04-13 05:00:00
1618293600000,27.0101,27.3141,26.803,26.91,103613.66,2021-04-13 06:00:00
1618297200000,26.9136,27.0959,26.3748,26.7951,151982.26,2021-04-13 07:00:00
1618300800000,26.7951,26.8471,26.2616,26.7786,214875.34,2021-04-13 08:00:00
1618304400000,26.7856,27.0771,26.6613,27.0544,86053.44,2021-04-13 09:00:00
1618308000000,27.0544,27.2803,27.0,27.0173,111760.99,2021-04-13 10:00:00
1618311600000,27.0026,27.0612,26.65,26.7485,83662.17,2021-04-13 11:00:00
1618315200000,26.7485,26.9846,26.6506,26.9068,99588.03,2021-04-13 12:00:00
1618318800000,26.9032,27.2106,26.8,26.9063,109474.15,2021-04-13 13:00:00
1618322400000,26.9199,27.5685,26.85,27.5553,128503.83,2021-04-13 14:00:00
1618326000000,27.5509,27.9632,27.4784,27.494,121140.69,2021-04-13 15:00:00
1618329600000,27.4938,27.795,27.2201,27.7576,95489.49,2021-04-13 16:00:00
1618333200000,27.7576,28.1468,27.5779,28.0566,98937.16,2021-04-13 17:00:00
1618336800000,28.0567,28.2072,27.2066,27.4298,113120.65,2021-04-13 18:00:00
1618340400000,27.4131,27.7087,27.399,27.6754,75805.17,2021-04-13 19:00:00
1618344000000,27.6754,27.9107,27.5711,27.7607,64452.07,2021-04-13 20:00:00
1618347600000,27.77,27.811,27.4194,27.4716,42173.71,2021-04-13 21:00:00
1618351200000,27.4716,27.6409,27.135,27.6183,55001.27,2021-04-13 22:00:00
1618354800000,27.6183,27.75,27.3746,27.4507,46533.43,2021-04-13 23:00:00
1618358400000,27.4571,27.5613,26.5483,26.7365,422502.83,2021-04-14 00:00:00
1618362000000,26.7384,26.8372,26.31,26.7661,95013.67,2021-04-14 01:00:00
1618365600000,26.7524,26.779,26.2301,26.3285,103303.6,2021-04-14 02:00:00
1618369200000,26.3285,26.8727,26.2209,26.8034,96858.14,2021-04-14 03:00:00
1618372800000,26.8032,27.131,26.7103,27.0155,144962.81,2021-04-14 04:00:00
1618376400000,27.023,27.3014,26.7411,26.8051,148847.87,2021-04-14 05:00:00
1618380000000,26.7912,27.1753,26.5421,26.5829,106948.26,2021-04-14 06:00:00
1618383600000,26.5777,26.76,26.22,26.3519,137278.1,2021-04-14 07:00:00
1618387200000,26.3452,26.8721,26.0043,26.1637,121471.4,2021-04-14 08:00:00
1618390800000,26.1611,26.3,25.4909,25.9581,219268.24,2021-04-14 09:00:00
1618394400000,25.98,26.26,25.7563,26.2099,84494.23,2021-04-14 10:00:00
1618398000000,26.2099,26.2105,25.9159,25.99,94133.81,2021-04-14 11:00:00
1618401600000,26.0,26.2345,25.6938,25.8809,172730.2,2021-04-14 12:00:00
1618405200000,25.8728,26.1561,25.5647,25.5649,103065.84,2021-04-14 13:00:00
1618408800000,25.58,25.582,24.7,25.3001,269400.8,2021-04-14 14:00:00
1618412400000,25.3115,25.8618,25.2068,25.7589,123189.0,2021-04-14 15:00:00
1618416000000,25.7587,26.7,25.7316,26.4338,132769.13,2021-04-14 16:00:00
1618419600000,26.4082,27.1586,25.5916,25.6242,357672.22,2021-04-14 17:00:00
1618423200000,25.6086,25.8655,25.1492,25.5206,165692.98,2021-04-14 18:00:00
1618426800000,25.5335,25.6647,25.0059,25.4339,140523.41,2021-04-14 19:00:00
1618430400000,25.4336,25.6579,25.1808,25.6578,132765.05,2021-04-14 20:00:00
1618434000000,25.6578,26.0326,25.5026,25.8769,101016.67,2021-04-14 21:00:00
1618437600000,25.8864,26.4187,25.8332,26.1122,59885.05,2021-04-14 22:00:00
1618441200000,26.0956,26.6,26.0642,26.4067,90169.97,2021-04-14 23:00:00
1618444800000,26.4182,26.6692,26.2347,26.4222,86365.99,2021-04-15 00:00:00
1618448400000,26.4222,26.655,26.1485,26.1754,75725.12,2021-04-15 01:00:00
1618452000000,26.1639,26.2499,25.5,25.5152,95307.52,2021-04-15 02:00:00
1618455600000,25.5151,25.8066,25.4723,25.7145,74272.77,2021-04-15 03:00:00
1618459200000,25.72,26.2205,25.4479,25.7796,83207.25,2021-04-15 04:00:00
1618462800000,25.7796,26.0,25.65,25.9937,49898.52,2021-04-15 05:00:00
1618466400000,25.9728,26.3964,25.9112,26.1157,92722.15,2021-04-15 06:00:00
1618470000000,26.1198,26.9,26.0126,26.7502,110227.48,2021-04-15 07:00:00
1618473600000,26.7532,26.997,26.4321,26.5121,82981.94,2021-04-15 08:00:00
1618477200000,26.5099,26.7961,26.4015,26.6486,48941.21,2021-04-15 09:00:00
1618480800000,26.6358,26.943,26.3317,26.4303,116230.32,2021-04-15 10:00:00
1618484400000,26.4423,26.673,26.3369,26.559,62877.22,2021-04-15 11:00:00
1618488000000,26.5397,27.4197,26.5285,27.3881,139395.87,2021-04-15 12:00:00
1618491600000,27.3747,27.6262,27.0958,27.3646,165959.38,2021-04-15 13:00:00
1618495200000,27.3602,27.599,27.1755,27.4984,75141.11,2021-04-15 14:00:00
1618498800000,27.5068,27.6871,27.1923,27.2446,120640.69,2021-04-15 15:00:00
1618502400000,27.2649,27.536,27.0964,27.1892,74604.81,2021-04-15 16:00:00
1618506000000,27.1749,27.2226,26.7152,27.0946,59109.63,2021-04-15 17:00:00
1618509600000,27.0987,27.3012,26.86,26.9839,64667.76,2021-04-15 18:00:00
1618513200000,26.9847,27.3397,26.785,27.3167,59462.84,2021-04-15 19:00:00
1618516800000,27.3162,27.8837,27.178,27.8583,127369.81,2021-04-15 20:00:00
1618520400000,27.8582,28.1054,27.6,27.9362,150631.46,2021-04-15 21:00:00
1618524000000,27.9362,28.2,27.8218,27.9606,90119.08,2021-04-15 22:00:00
1618527600000,27.9574,27.9834,27.77,27.7816,40793.71,2021-04-15 23:00:00
1618531200000,27.7946,28.2051,27.77,28.0063,130047.65,2021-04-16 00:00:00
1618534800000,28.0012,28.2571,27.4,27.574,144682.63,2021-04-16 01:00:00
1618538400000,27.5974,27.7811,27.4,27.4221,118234.57,2021-04-16 02:00:00
1618542000000,27.4441,28.0276,27.4,27.9753,87115.07,2021-04-16 03:00:00
1618545600000,27.9677,28.1359,27.27,27.2771,141897.77,2021-04-16 04:00:00
1618549200000,27.2703,27.599,27.0018,27.1337,104018.04,2021-04-16 05:00:00
1618552800000,27.1124,27.1213,26.7286,27.0422,84660.63,2021-04-16 06:00:00
1618556400000,27.0398,27.1226,26.8335,26.9631,69684.82,2021-04-16 07:00:00
1618560000000,26.9468,27.1956,26.8066,26.8157,71945.34,2021-04-16 08:00:00
1618563600000,26.8154,26.9332,26.0,26.3079,188047.02,2021-04-16 09:00:00
1618567200000,26.3046,26.6189,25.6999,25.7545,155388.94,2021-04-16 10:00:00
1618570800000,25.7533,26.1514,25.4756,26.1271,144724.21,2021-04-16 11:00:00
1618574400000,26.092,26.2051,25.8775,25.886,84258.64,2021-04-16 12:00:00
1618578000000,25.8696,25.8945,24.8547,25.0809,149176.98,2021-04-16 13:00:00
1618581600000,25.0942,25.6637,25.0278,25.653,128141.29,2021-04-16 14:00:00
1618585200000,25.6397,26.0,25.4751,25.9811,154827.73,2021-04-16 15:00:00
1618588800000,25.958,26.0,25.3821,25.6796,148688.19,2021-04-16 16:00:00
1618592400000,25.6796,25.9997,25.575,25.755,79377.37,2021-04-16 17:00:00
1618596000000,25.7547,25.9534,25.5484,25.9513,77013.72,2021-04-16 18:00:00
1618599600000,25.9302,26.0,25.5084,25.7419,98773.63,2021-04-16 19:00:00
1618603200000,25.7318,25.95,25.5952,25.8638,56020.67,2021-04-16 20:00:00
1618606800000,25.8526,26.0,25.7251,25.8228,81979.04,2021-04-16 21:00:00
1618610400000,25.82,25.8881,25.2513,25.2568,91090.02,2021-04-16 22:00:00
1618614000000,25.2568,25.5616,25.2039,25.2996,84118.35,2021-04-16 23:00:00
1618617600000,25.2926,25.4312,25.1171,25.3549,125721.52,2021-04-17 00:00:00
1618621200000,25.3549,25.7493,25.3058,25.7094,98589.2,2021-04-17 01:00:00
1618624800000,25.7094,25.8262,25.6437,25.7145,67683.28,2021-04-17 02:00:00
1618628400000,25.7002,25.8113,25.6085,25.7718,86436.54,2021-04-17 03:00:00
1618632000000,25.7635,26.1246,25.7527,25.8456,133243.31,2021-04-17 04:00:00
1618635600000,25.8619,25.975,25.7,25.7226,70396.44,2021-04-17 05:00:00
1618639200000,25.7334,25.878,25.3643,25.7763,101162.22,2021-04-17 06:00:00
1618642800000,25.7831,26.2764,25.7831,26.1823,115017.48,2021-04-17 07:00:00
1618646400000,26.1925,26.3909,26.0681,26.3038,87664.54,2021-04-17 08:00:00
1618650000000,26.3038,26.5772,26.0592,26.3436,106683.25,2021-04-17 09:00:00
1618653600000,26.3487,26.7914,26.1422,26.313,195495.65,2021-04-17 10:00:00
1618657200000,26.3127,26.3928,25.6935,25.8858,109696.33,2021-04-17 11:00:00
1618660800000,25.87,26.0129,25.6813,25.9488,86102.69,2021-04-17 12:00:00
1618664400000,25.9488,26.535,25.8949,26.3921,143750.98,2021-04-17 13:00:00
1618668000000,26.3925,26.7501,26.2805,26.4501,103217.71,2021-04-17 14:00:00
1618671600000,26.4424,26.4427,25.8411,25.9826,106595.87,2021-04-17 15:00:00
1618675200000,25.8983,26.3,25.6084,26.2793,68441.75,2021-04-17 16:00:00
1618678800000,26.2766,26.3374,25.7158,25.75,68938.57,2021-04-17 17:00:00
1618682400000,25.7495,26.0,25.17,25.2439,211019.77,2021-04-17 18:00:00
1618686000000,25.2256,25.4207,25.15,25.2978,117336.81,2021-04-17 19:00:00
1618689600000,25.3141,25.6358,25.2209,25.6274,45458.07,2021-04-17 20:00:00
1618693200000,25.6354,25.6688,25.4134,25.5636,33732.23,2021-04-17 21:00:00
1618696800000,25.5691,25.5985,25.2071,25.2903,72309.74,2021-04-17 22:00:00
1618700400000,25.2719,25.3979,24.8181,24.85,88043.44,2021-04-17 23:00:00
1618704000000,24.8517,24.9761,23.8509,23.8837,185936.51,2021-04-18 00:00:00
1618707600000,23.8911,24.0075,23.2784,23.5571,270545.74,2021-04-18 01:00:00
1618711200000,23.5475,23.6086,22.8888,22.9827,168363.31,2021-04-18 02:00:00
1618714800000,22.9827,23.1494,21.1,22.0209,412238.29,2021-04-18 03:00:00
1618718400000,22.0,24.24,21.9435,23.8528,462562.91,2021-04-18 04:00:00
1618722000000,23.8224,24.3465,23.7097,24.2956,330425.45,2021-04-18 05:00:00
1618725600000,24.2861,25.4368,24.0837,25.2977,447015.06,2021-04-18 06:00:00
1618729200000,25.3033,27.7,25.2051,27.2368,837329.89,2021-04-18 07:00:00
1618732800000,27.2438,28.6484,26.6128,27.5308,955765.06,2021-04-18 08:00:00
1618736400000,27.5497,27.7589,26.02,27.214,745427.09,2021-04-18 09:00:00
1618740000000,27.214,27.4473,26.5564,26.7392,422826.46,2021-04-18 10:00:00
1618743600000,26.7395,26.9626,24.8874,25.3046,406150.73,2021-04-18 11:00:00
1618747200000,25.3218,26.7422,25.2411,26.3489,382434.96,2021-04-18 12:00:00
1618750800000,26.3357,26.8455,26.1056,26.5034,299940.03,2021-04-18 13:00:00
1618754400000,26.4962,27.4,26.1896,27.028,307918.15,2021-04-18 14:00:00
1618758000000,27.0543,28.2921,26.7105,28.1281,517001.8,2021-04-18 15:00:00
1618761600000,28.1237,28.6154,27.5826,27.7212,444832.33,2021-04-18 16:00:00
1618765200000,27.7218,28.0405,27.1,27.4559,216197.84,2021-04-18 17:00:00
1618768800000,27.4495,30.707,27.4,29.7366,860112.82,2021-04-18 18:00:00
1618772400000,29.7372,30.528,29.5224,30.2,643170.52,2021-04-18 19:00:00
1618776000000,30.2,31.35,30.184,31.1788,676673.15,2021-04-18 20:00:00
1618779600000,31.1795,31.4183,29.4152,30.3525,503578.56,2021-04-18 21:00:00
1618783200000,30.3525,32.97,30.2528,32.7795,653860.78,2021-04-18 22:00:00
1618786800000,32.7646,32.99,31.75,32.3358,549089.61,2021-04-18 23:00:00
1618790400000,32.3324,32.625,31.403,31.8098,453902.39,2021-04-19 00:00:00
1618794000000,31.81,31.85,30.66,30.9016,432588.29,2021-04-19 01:00:00
1618797600000,30.9257,31.7746,30.5374,31.0813,447517.78,2021-04-19 02:00:00
1618801200000,31.0751,31.9134,30.6282,31.8023,370577.75,2021-04-19 03:00:00
1618804800000,31.8015,31.8021,30.28,30.3895,346814.0,2021-04-19 04:00:00
1618808400000,30.3924,30.6361,30.08,30.1793,218680.13,2021-04-19 05:00:00
1618812000000,30.1753,30.6504,30.1575,30.4802,161231.21,2021-04-19 06:00:00
1618815600000,30.5,30.83,30.155,30.7771,192042.54,2021-04-19 07:00:00
1618819200000,30.7973,32.1423,30.6804,31.3398,416899.6,2021-04-19 08:00:00
1618822800000,31.3464,31.6912,30.2,30.2167,269136.23,2021-04-19 09:00:00
1618826400000,30.2148,32.8512,29.8066,32.8032,465784.68,2021-04-19 10:00:00
1618830000000,32.8024,34.95,32.8024,33.8528,1088929.67,2021-04-19 11:00:00
1618833600000,33.8521,34.6919,32.5748,33.7233,594387.36,2021-04-19 12:00:00
1618837200000,33.7233,34.9677,32.2696,34.3013,602219.96,2021-04-19 13:00:00
1618840800000,34.3,34.3057,30.7075,31.6831,807919.58,2021-04-19 14:00:00
1618844400000,31.713,32.7315,29.9676,30.4763,831880.57,2021-04-19 15:00:00
1618848000000,30.4903,33.4841,29.9617,32.4195,834388.81,2021-04-19 16:00:00
1618851600000,32.4194,36.0,31.9092,35.3771,1115287.2,2021-04-19 17:00:00
1618855200000,35.3744,35.5714,34.069,35.0608,670004.71,2021-04-19 18:00:00
1618858800000,35.0803,36.095,34.228,34.3911,623646.34,2021-04-19 19:00:00
1618862400000,34.407,34.7672,33.123,33.3426,417868.21,2021-04-19 20:00:00
1618866000000,33.3426,34.1315,32.77,34.0513,232616.02,2021-04-19 21:00:00
1618869600000,34.0534,34.0831,32.3,32.322,225572.42,2021-04-19 22:00:00
1618873200000,32.3163,32.6459,31.4176,31.4711,255375.45,2021-04-19 23:00:00
1618876800000,31.5303,31.9068,28.81,29.4189,761396.58,2021-04-20 00:00:00
1618880400000,29.4189,31.2083,29.3103,30.4787,481977.09,2021-04-20 01:00:00
1618891200000,30.443,32.2399,29.9648,31.305,271926.87,2021-04-20 04:00:00
1618894800000,31.2705,32.8,31.1216,31.2945,434794.8,2021-04-20 05:00:00
1618898400000,31.275,31.5714,29.4584,29.8201,516826.78,2021-04-20 06:00:00
1618902000000,29.8184,30.1898,29.2,29.7888,398219.8,2021-04-20 07:00:00
1618905600000,29.7888,30.5519,29.4285,29.9909,398477.07,2021-04-20 08:00:00
1618909200000,30.0097,30.8234,29.8,29.8411,230968.14,2021-04-20 09:00:00
1618912800000,29.8272,31.6584,29.7545,31.0542,332699.15,2021-04-20 10:00:00
1618916400000,31.054,31.3999,30.3338,31.2561,354063.04,2021-04-20 11:00:00
1618920000000,31.2397,31.378,30.5384,30.8729,215049.57,2021-04-20 12:00:00
1618923600000,30.8981,30.9729,30.0,30.646,269469.63,2021-04-20 13:00:00
1618927200000,30.645,30.7898,29.51,29.6412,242756.67,2021-04-20 14:00:00
1618930800000,29.6195,29.9998,28.9675,29.7206,263941.81,2021-04-20 15:00:00
1618934400000,29.7064,30.4768,29.4229,30.3606,220204.94,2021-04-20 16:00:00
1618938000000,30.3677,30.8096,30.148,30.2612,209100.08,2021-04-20 17:00:00
1618941600000,30.2472,31.3831,29.9503,31.2501,300970.01,2021-04-20 18:00:00
1618945200000,31.2511,32.0,30.9131,31.7825,302800.65,2021-04-20 19:00:00
1618948800000,31.7873,32.408,31.5993,31.934,348554.55,2021-04-20 20:00:00
1618952400000,31.9255,32.293,31.2561,31.6556,195371.92,2021-04-20 21:00:00
1618956000000,31.6933,32.2,31.4621,31.7557,135063.36,2021-04-20 22:00:00
1618959600000,31.7645,32.4477,31.532,31.7028,151468.41,2021-04-20 23:00:00
1618963200000,31.6939,31.8643,30.5,30.6067,196404.27,2021-04-21 00:00:00
1618966800000,30.6086,31.6311,30.4041,31.5315,217736.56,2021-04-21 01:00:00
1618970400000,31.5216,32.6102,31.1406,32.5739,235210.31,2021-04-21 02:00:00
1618974000000,32.5739,33.9,32.5543,32.6112,434313.57,2021-04-21 03:00:00
1618977600000,32.5902,32.9914,32.1183,32.5543,175038.31,2021-04-21 04:00:00
1618981200000,32.5124,32.9193,32.25,32.7047,192653.47,2021-04-21 05:00:00
1618984800000,32.7013,32.7139,32.0101,32.1373,175603.49,2021-04-21 06:00:00
1618988400000,32.1373,32.1474,31.4222,31.751,212774.12,2021-04-21 07:00:00
1618992000000,31.7411,31.9367,30.8752,31.4874,173843.23,2021-04-21 08:00:00
1618995600000,31.4953,31.9,31.0515,31.4911,106243.52,2021-04-21 09:00:00
1618999200000,31.4911,31.5057,30.26,30.589,216503.24,2021-04-21 10:00:00
1619002800000,30.564,30.917,30.2148,30.7265,205872.91,2021-04-21 11:00:00
1619006400000,30.7486,32.0,30.1101,31.9574,225656.71,2021-04-21 12:00:00
1619010000000,31.9494,33.7684,31.83,33.0421,492066.45,2021-04-21 13:00:00
1619013600000,33.0619,35.1801,32.7451,34.7494,703282.81,2021-04-21 14:00:00
1619017200000,34.7486,35.0,33.8812,34.3608,346380.64,2021-04-21 15:00:00
1619020800000,34.3807,34.6673,33.2763,33.6368,273451.67,2021-04-21 16:00:00
1619024400000,33.6536,34.3,33.4342,33.7889,177082.59,2021-04-21 17:00:00
1619028000000,33.7946,33.8818,32.9246,32.9457,167704.67,2021-04-21 18:00:00
1619031600000,32.9305,33.9269,32.9305,33.7102,260713.34,2021-04-21 19:00:00
1619035200000,33.6678,33.7413,32.911,33.3494,206226.75,2021-04-21 20:00:00
1619038800000,33.3427,34.4392,33.0758,33.8373,228275.98,2021-04-21 21:00:00
1619042400000,33.812,34.5896,31.7136,32.2001,572212.47,2021-04-21 22:00:00
1619046000000,32.1791,33.0391,31.8,32.5534,378076.01,2021-04-21 23:00:00
1619049600000,32.5965,34.5,31.4586,34.166,548233.9,2021-04-22 00:00:00
1619053200000,34.1675,35.8712,34.1355,34.4473,658383.98,2021-04-22 01:00:00
1619056800000,34.4643,35.619,33.3957,35.1335,805529.76,2021-04-22 02:00:00
1619060400000,35.1526,37.0,35.0869,35.8759,707685.62,2021-04-22 03:00:00
1619064000000,35.867,36.3745,35.38,35.7308,364459.41,2021-04-22 04:00:00
1619067600000,35.7302,36.9,35.5442,36.599,274962.12,2021-04-22 05:00:00
1619071200000,36.5974,37.9846,36.1036,37.7051,467907.37,2021-04-22 06:00:00
1619074800000,37.7,37.8869,36.4663,37.8,484300.07,2021-04-22 07:00:00
1619078400000,37.8022,37.8524,35.5392,36.4727,553142.36,2021-04-22 08:00:00
1619082000000,36.4197,37.54,36.0777,37.0754,412708.79,2021-04-22 09:00:00
1619085600000,37.0731,37.2689,36.5772,36.8751,299836.55,2021-04-22 10:00:00
1619089200000,36.8588,37.37,36.4783,36.493,333174.96,2021-04-22 11:00:00
1619092800000,36.5141,37.15,36.1618,36.4802,256225.45,2021-04-22 12:00:00
1619096400000,36.4724,37.035,35.9495,36.5388,197799.42,2021-04-22 13:00:00
1619100000000,36.5359,38.0,36.4478,37.6104,377437.42,2021-04-22 14:00:00
1619103600000,37.5922,38.9698,37.5797,38.8781,494388.79,2021-04-22 15:00:00
1619107200000,38.8781,39.65,38.3027,39.6227,588609.08,2021-04-22 16:00:00
1619110800000,39.6227,39.7114,36.96,37.695,586114.03,2021-04-22 17:00:00
1619114400000,37.695,40.7467,37.2801,39.525,1093747.12,2021-04-22 18:00:00
1619118000000,39.5214,39.5552,37.3082,38.2875,657981.6,2021-04-22 19:00:00
1619121600000,38.274,38.274,35.7754,35.9627,716869.88,2021-04-22 20:00:00
1619125200000,35.9627,38.3534,34.0,38.3,1108946.01,2021-04-22 21:00:00
1619128800000,38.3,41.1587,38.2033,40.0786,1264278.77,2021-04-22 22:00:00
1619132400000,40.1363,40.8827,38.4422,38.9,764808.4,2021-04-22 23:00:00
1619136000000,38.8718,41.74,37.1028,37.5946,1360411.79,2021-04-23 00:00:00
1619139600000,37.5946,38.4,35.0,37.4654,1131056.29,2021-04-23 01:00:00
1619143200000,37.4133,37.783,34.1,36.889,1157021.21,2021-04-23 02:00:00
1619146800000,36.8978,37.0858,34.9911,36.5064,648481.93,2021-04-23 03:00:00
1619150400000,36.561,36.8108,33.1993,33.3326,683062.38,2021-04-23 04:00:00
1619154000000,33.3326,36.0277,32.7444,35.6385,863840.8,2021-04-23 05:00:00
1619157600000,35.7227,35.99,33.8178,34.7055,589414.24,2021-04-23 06:00:00
1619161200000,34.7055,35.7282,32.05,32.2237,983909.12,2021-04-23 07:00:00
1619164800000,32.1733,35.185,31.4936,35.1265,1159008.1,2021-04-23 08:00:00
1619168400000,35.1024,35.1329,33.1544,34.0335,538057.86,2021-04-23 09:00:00
1619172000000,34.0439,35.7945,33.9001,34.4885,852731.0,2021-04-23 10:00:00
1619175600000,34.5062,35.7894,34.1356,35.2822,399012.13,2021-04-23 11:00:00
1619179200000,35.3016,36.8,35.0151,35.4451,703547.16,2021-04-23 12:00:00
1619182800000,35.4346,36.23,33.8,34.8734,479145.38,2021-04-23 13:00:00
1619186400000,34.9081,35.9,34.3343,35.87,334206.71,2021-04-23 14:00:00
1619190000000,35.865,35.865,33.9875,34.9074,478268.98,2021-04-23 15:00:00
1619193600000,34.8698,35.0381,33.9857,34.8194,315762.55,2021-04-23 16:00:00
1619197200000,34.7988,35.0013,33.4,34.4003,271829.68,2021-04-23 17:00:00
1619200800000,34.3745,35.7278,34.0616,35.5628,214785.5,2021-04-23 18:00:00
1619204400000,35.5591,36.2226,35.26,35.7896,268282.18,2021-04-23 19:00:00
1619208000000,35.7872,37.59,35.7735,36.8001,413020.88,2021-04-23 20:00:00
1619211600000,36.8382,37.8875,36.2221,36.2891,346828.36,2021-04-23 21:00:00
1619215200000,36.3336,37.0602,35.7714,35.9553,307112.68,2021-04-23 22:00:00
1619218800000,35.9276,37.3893,35.915,37.3893,206351.57,2021-04-23 23:00:00
1619222400000,37.3018,37.8,34.8017,35.5267,466699.21,2021-04-24 00:00:00
1619226000000,35.5708,36.0997,35.2233,35.6195,206627.49,2021-04-24 01:00:00
1619229600000,35.6195,35.9889,34.5861,35.5174,287099.79,2021-04-24 02:00:00
1619233200000,35.5268,36.4695,35.5174,35.8534,206987.83,2021-04-24 03:00:00
1619236800000,35.8404,36.3443,35.33,36.0631,221339.58,2021-04-24 04:00:00
1619240400000,36.0606,36.7798,35.7857,36.7399,172358.03,2021-04-24 05:00:00
1619244000000,36.7446,37.18,36.4,36.55,250447.99,2021-04-24 06:00:00
1619247600000,36.5526,36.5665,35.75,35.9136,169616.21,2021-04-24 07:00:00
1619251200000,35.93,36.8121,35.7693,36.2949,188391.74,2021-04-24 08:00:00
1619254800000,36.2906,37.24,36.1,36.9177,215457.26,2021-04-24 09:00:00
1619258400000,36.9041,36.997,35.86,35.8694,285211.88,2021-04-24 10:00:00
1619262000000,35.8712,36.2,35.0,35.3061,392874.82,2021-04-24 11:00:00
1619265600000,35.3061,36.1182,35.0139,35.9303,173732.15,2021-04-24 12:00:00
1619269200000,35.9089,36.5,35.6503,36.2843,158844.95,2021-04-24 13:00:00
1619272800000,36.2504,36.6139,35.4791,36.1937,203166.91,2021-04-24 14:00:00
1619276400000,36.2006,37.0756,35.6,36.9661,316424.5,2021-04-24 15:00:00
1619280000000,36.9958,40.1834,36.3,38.8259,973112.61,2021-04-24 16:00:00
1619283600000,38.7911,40.2,38.3278,40.1588,744928.86,2021-04-24 17:00:00
1619287200000,40.1413,41.98,39.5707,41.6648,1001801.73,2021-04-24 18:00:00
1619290800000,41.6303,42.85,40.587,42.1004,959887.5,2021-04-24 19:00:00
1619294400000,42.0783,43.6397,41.3566,42.5252,743402.94,2021-04-24 20:00:00
1619298000000,42.5234,42.7498,41.2416,41.9543,391946.61,2021-04-24 21:00:00
1619301600000,41.9536,42.6281,40.2485,40.5516,581039.36,2021-04-24 22:00:00
1619305200000,40.5001,41.7915,40.2187,40.8401,411385.11,2021-04-24 23:00:00
1619308800000,40.8525,43.2123,40.572,42.0797,828038.1,2021-04-25 00:00:00
1619312400000,42.1194,43.6146,42.024,42.5309,412285.77,2021-04-25 01:00:00
1619316000000,42.5125,42.978,41.464,41.7179,282386.9,2021-04-25 02:00:00
1619319600000,41.7176,43.0009,40.59,40.9943,516282.79,2021-04-25 03:00:00
1619323200000,40.9857,41.3333,40.9747,41.2849,1393.58,2021-04-25 04:00:00
1619337600000,41.3079,42.678,41.2595,42.617,92440.186,2021-04-25 08:00:00
1619341200000,42.617,43.0,41.002,41.432,498308.388,2021-04-25 09:00:00
1619344800000,41.445,42.0,40.843,41.902,314665.3,2021-04-25 10:00:00
1619348400000,41.901,42.3,41.6,42.057,267749.616,2021-04-25 11:00:00
1619352000000,42.091,43.826,41.88,43.673,449950.836,2021-04-25 12:00:00
1619355600000,43.657,44.7,43.061,43.895,676313.498,2021-04-25 13:00:00
1619359200000,43.887,45.301,43.12,44.895,705141.334,2021-04-25 14:00:00
1619362800000,44.891,47.0,44.337,46.724,684048.032,2021-04-25 15:00:00
1619366400000,46.661,47.002,45.054,45.387,611363.885,2021-04-25 16:00:00
1619370000000,45.377,46.194,44.451,45.361,594328.439,2021-04-25 17:00:00
1619373600000,45.391,45.5,43.223,44.178,699056.743,2021-04-25 18:00:00
1619377200000,44.177,45.274,43.544,44.027,365043.664,2021-04-25 19:00:00
1619380800000,44.045,44.656,41.654,42.929,699071.911,2021-04-25 20:00:00
1619384400000,42.987,45.549,42.082,45.503,906914.582,2021-04-25 21:00:00
1619388000000,45.503,48.55,45.257,47.403,1559337.78,2021-04-25 22:00:00
1619391600000,47.401,48.644,46.749,47.405,800632.467,2021-04-25 23:00:00
1619395200000,47.395,48.3,46.0,47.167,833423.126,2021-04-26 00:00:00
1619398800000,47.188,47.819,45.069,45.443,688879.142,2021-04-26 01:00:00
1619402400000,45.431,46.929,44.79,46.462,827092.609,2021-04-26 02:00:00
1619406000000,46.487,47.958,46.406,47.189,533961.865,2021-04-26 03:00:00
1619409600000,47.169,47.585,45.91,46.0,294548.433,2021-04-26 04:00:00
1619413200000,46.0,47.55,45.666,46.649,318642.982,2021-04-26 05:00:00
1619416800000,46.633,47.23,46.14,46.374,420466.345,2021-04-26 06:00:00
1619420400000,46.374,48.499,46.005,47.858,565960.45,2021-04-26 07:00:00
1619424000000,47.847,48.378,47.15,47.486,368897.086,2021-04-26 08:00:00
1619427600000,47.486,47.798,46.551,47.389,308012.738,2021-04-26 09:00:00
1619431200000,47.389,47.828,46.128,46.407,483040.852,2021-04-26 10:00:00
1619434800000,46.399,46.578,45.309,45.406,427585.738,2021-04-26 11:00:00
1619438400000,45.453,46.5,44.8,45.652,483432.446,2021-04-26 12:00:00
1619442000000,45.652,46.743,45.409,46.32,289883.589,2021-04-26 13:00:00
1619445600000,46.313,47.5,46.2,47.319,421927.655,2021-04-26 14:00:00
1619449200000,47.319,47.38,46.69,46.851,254234.119,2021-04-26 15:00:00
1619452800000,46.863,47.25,46.13,46.66,260029.127,2021-04-26 16:00:00
1619456400000,46.667,47.135,46.162,46.588,227864.552,2021-04-26 17:00:00
1619460000000,46.59,46.809,45.505,45.843,267404.156,2021-04-26 18:00:00
1619463600000,45.83,46.029,44.86,45.326,420792.484,2021-04-26 19:00:00
1619467200000,45.321,45.332,44.023,44.044,614454.274,2021-04-26 20:00:00
1619470800000,44.047,45.7,43.429,44.054,767429.124,2021-04-26 21:00:00
1619474400000,44.078,44.46,43.267,44.21,500953.961,2021-04-26 22:00:00
1619478000000,44.209,44.932,43.446,43.878,500253.749,2021-04-26 23:00:00
1619481600000,43.884,45.857,43.6,45.335,546188.736,2021-04-27 00:00:00
1619485200000,45.354,46.06,45.0,45.978,402504.005,2021-04-27 01:00:00
1619488800000,45.972,46.606,45.626,45.799,266353.607,2021-04-27 02:00:00
1619492400000,45.8,45.844,44.717,45.065,164920.463,2021-04-27 03:00:00
1619496000000,45.085,45.19,44.353,44.988,139908.528,2021-04-27 04:00:00
1619499600000,44.981,45.448,44.609,45.064,226258.486,2021-04-27 05:00:00
1619503200000,45.046,46.382,44.943,46.091,288918.762,2021-04-27 06:00:00
1619506800000,46.092,46.376,45.25,45.653,230415.528,2021-04-27 07:00:00
1619510400000,45.65,45.959,45.278,45.509,184452.604,2021-04-27 08:00:00
1619514000000,45.51,46.297,45.444,45.563,201365.107,2021-04-27 09:00:00
1619517600000,45.558,45.82,44.947,45.039,262468.388,2021-04-27 10:00:00
1619521200000,45.041,45.281,44.595,45.136,288926.457,2021-04-27 11:00:00
1619524800000,45.132,45.26,44.0,44.154,339931.535,2021-04-27 12:00:00
1619528400000,44.148,44.8,43.559,43.926,364765.065,2021-04-27 13:00:00
1619532000000,43.916,44.65,42.5,43.938,687220.743,2021-04-27 14:00:00
1619535600000,43.947,44.292,43.162,43.898,393927.656,2021-04-27 15:00:00
1619539200000,43.882,44.06,43.0,43.525,373651.33,2021-04-27 16:00:00
1619542800000,43.507,43.6,42.544,42.656,295540.286,2021-04-27 17:00:00
1619546400000,42.739,43.528,42.596,43.459,207324.081,2021-04-27 18:00:00
1619550000000,43.48,43.49,42.539,43.417,207496.348,2021-04-27 19:00:00
1619553600000,43.403,43.898,43.055,43.75,221740.163,2021-04-27 20:00:00
1619557200000,43.753,44.65,43.565,44.3,298637.901,2021-04-27 21:00:00
1619560800000,44.297,44.333,43.341,43.569,304628.403,2021-04-27 22:00:00
1619564400000,43.573,43.85,43.0,43.147,204304.536,2021-04-27 23:00:00
1619568000000,43.147,43.806,42.025,43.627,535961.348,2021-04-28 00:00:00
1619571600000,43.627,44.263,43.48,43.936,273889.518,2021-04-28 01:00:00
1619575200000,43.926,45.095,43.831,44.014,365423.993,2021-04-28 02:00:00
1619578800000,44.0,44.0,43.041,43.159,208388.68,2021-04-28 03:00:00
1619582400000,43.163,43.666,42.734,42.92,195092.716,2021-04-28 04:00:00
1619586000000,42.921,43.28,42.225,42.293,173252.372,2021-04-28 05:00:00
1619589600000,42.264,42.295,40.516,41.922,645085.219,2021-04-28 06:00:00
1619593200000,41.914,42.669,41.644,42.453,203030.319,2021-04-28 07:00:00
1619596800000,42.453,43.464,42.101,42.755,269729.654,2021-04-28 08:00:00
1619600400000,42.728,42.8,41.425,41.996,213280.285,2021-04-28 09:00:00
1619604000000,41.973,42.551,41.801,42.328,118433.486,2021-04-28 10:00:00
1619607600000,42.33,44.15,42.287,44.105,322723.115,2021-04-28 11:00:00
1619611200000,44.105,45.736,43.898,44.841,987999.328,2021-04-28 12:00:00
1619614800000,44.808,46.558,44.117,46.478,772573.069,2021-04-28 13:00:00
1619618400000,46.496,46.563,45.197,45.273,456084.16,2021-04-28 14:00:00
1619622000000,45.273,46.46,44.457,45.831,375650.107,2021-04-28 15:00:00
1619625600000,45.831,46.962,45.241,46.562,342776.675,2021-04-28 16:00:00
1619629200000,46.574,46.72,45.719,46.312,252748.879,2021-04-28 17:00:00
1619632800000,46.313,46.397,45.142,45.489,180289.875,2021-04-28 18:00:00
1619636400000,45.487,45.773,45.0,45.598,168779.03,2021-04-28 19:00:00
1619640000000,45.6,45.918,43.868,44.658,391310.848,2021-04-28 20:00:00
1619643600000,44.658,45.5,44.115,45.322,141967.514,2021-04-28 21:00:00
1619647200000,45.301,45.577,44.606,44.897,152410.638,2021-04-28 22:00:00
1619650800000,44.89,45.461,44.7,44.833,108185.491,2021-04-28 23:00:00
1619654400000,44.831,46.233,44.646,45.139,355901.112,2021-04-29 00:00:00
1619658000000,45.183,45.297,43.482,44.463,291464.35,2021-04-29 01:00:00
1619661600000,44.447,44.78,43.565,44.0,274171.866,2021-04-29 02:00:00
1619665200000,43.999,44.134,42.202,43.214,422839.104,2021-04-29 03:00:00
1619668800000,43.214,43.984,43.035,43.223,226621.124,2021-04-29 04:00:00
1619672400000,43.179,43.857,43.151,43.419,125635.14,2021-04-29 05:00:00
1619676000000,43.443,44.328,43.422,44.059,231824.926,2021-04-29 06:00:00
1619679600000,44.072,44.49,43.3,43.649,188654.837,2021-04-29 07:00:00
1619683200000,43.649,43.823,42.914,42.939,237755.561,2021-04-29 08:00:00
1619686800000,42.939,43.998,42.6,42.909,393111.891,2021-04-29 09:00:00
1619690400000,42.909,44.518,42.896,44.277,278996.115,2021-04-29 10:00:00
1619694000000,44.275,44.277,43.2,44.094,257077.815,2021-04-29 11:00:00
1619697600000,44.08,44.274,43.77,43.795,167894.063,2021-04-29 12:00:00
1619701200000,43.794,44.098,43.3,43.526,148915.944,2021-04-29 13:00:00
1619704800000,43.522,43.884,43.295,43.571,122615.909,2021-04-29 14:00:00
1619708400000,43.567,44.69,43.45,44.266,243514.422,2021-04-29 15:00:00
1619712000000,44.26,44.745,42.814,42.872,248277.829,2021-04-29 16:00:00
1619715600000,42.869,42.872,41.163,41.567,510167.046,2021-04-29 17:00:00
1619719200000,41.583,42.28,40.906,42.012,338274.624,2021-04-29 18:00:00
1619722800000,42.035,42.289,41.728,41.978,149048.317,2021-04-29 19:00:00
1619726400000,41.976,42.53,41.239,41.908,201546.248,2021-04-29 20:00:00
1619730000000,41.888,42.337,41.63,42.311,118328.365,2021-04-29 21:00:00
1619733600000,42.316,42.459,41.873,42.151,120861.46,2021-04-29 22:00:00
1619737200000,42.144,42.7,42.144,42.484,151883.153,2021-04-29 23:00:00
1619740800000,42.452,42.545,41.21,41.904,306044.641,2021-04-30 00:00:00
1619744400000,41.904,42.741,41.733,42.25,104494.567,2021-04-30 01:00:00
1619748000000,42.265,42.86,42.227,42.505,93507.726,2021-04-30 02:00:00
1619751600000,42.489,42.935,42.1,42.255,102259.802,2021-04-30 03:00:00
1619755200000,42.311,43.053,42.258,42.925,113603.216,2021-04-30 04:00:00
1619758800000,42.95,43.0,42.49,42.908,102597.034,2021-04-30 05:00:00
1619762400000,42.908,42.999,42.456,42.732,138855.845,2021-04-30 06:00:00
1619766000000,42.732,43.04,42.592,43.003,89359.61,2021-04-30 07:00:00
1619769600000,43.01,44.0,43.0,43.9,201376.422,2021-04-30 08:00:00
1619773200000,43.906,44.313,43.378,43.49,175139.713,2021-04-30 09:00:00
1619776800000,43.495,44.0,42.91,43.1,149215.497,2021-04-30 10:00:00
1619780400000,43.083,43.38,42.682,42.957,107130.488,2021-04-30 11:00:00
1619784000000,42.958,43.636,42.756,43.198,145963.325,2021-04-30 12:00:00
1619787600000,43.19,43.476,42.33,42.577,157899.54,2021-04-30 13:00:00
1619791200000,42.577,43.006,42.117,42.515,202753.928,2021-04-30 14:00:00
1619794800000,42.558,43.1,42.495,42.633,183945.469,2021-04-30 15:00:00
1619798400000,42.633,43.1,42.18,43.093,186331.66,2021-04-30 16:00:00
1619802000000,43.083,43.63,42.964,43.487,175666.569,2021-04-30 17:00:00
1619805600000,43.438,43.75,43.091,43.316,139696.366,2021-04-30 18:00:00
1619809200000,43.333,43.99,43.33,43.727,110468.071,2021-04-30 19:00:00
1619812800000,43.741,43.742,43.056,43.293,87153.618,2021-04-30 20:00:00
1619816400000,43.29,43.67,43.048,43.592,52733.344,2021-04-30 21:00:00
1619820000000,43.581,43.652,43.0,43.353,87288.218,2021-04-30 22:00:00
1619823600000,43.373,43.375,42.61,42.786,89188.642,2021-04-30 23:00:00
1619827200000,42.786,42.854,42.042,42.263,355192.525,2021-05-01 00:00:00
1619830800000,42.263,42.479,42.001,42.447,136104.347,2021-05-01 01:00:00
1619834400000,42.451,42.779,42.279,42.643,128686.548,2021-05-01 02:00:00
1619838000000,42.639,43.041,42.58,43.033,84159.827,2021-05-01 03:00:00
1619841600000,43.033,43.51,42.567,42.822,163277.34,2021-05-01 04:00:00
1619845200000,42.82,43.389,42.684,43.029,89410.774,2021-05-01 05:00:00
1619848800000,43.011,43.218,42.8,43.029,75121.476,2021-05-01 06:00:00
1619852400000,43.013,43.1,42.8,42.834,79165.651,2021-05-01 07:00:00
1619856000000,42.828,43.131,42.589,42.654,83986.994,2021-05-01 08:00:00
1619859600000,42.667,43.1,42.324,43.031,102404.794,2021-05-01 09:00:00
1619863200000,43.027,44.29,42.75,44.018,271565.046,2021-05-01 10:00:00
1619866800000,44.049,44.5,43.927,44.403,221350.507,2021-05-01 11:00:00
1619870400000,44.393,44.75,43.659,43.95,195847.462,2021-05-01 12:00:00
1619874000000,43.95,44.88,43.9,44.88,138803.374,2021-05-01 13:00:00
1619877600000,44.88,47.0,44.375,46.949,620200.318,2021-05-01 14:00:00
1619881200000,46.96,47.867,45.75,47.36,632405.485,2021-05-01 15:00:00
1619884800000,47.36,48.0,46.603,47.865,438710.028,2021-05-01 16:00:00
1619888400000,47.863,48.799,47.363,47.824,511655.0,2021-05-01 17:00:00
1619892000000,47.824,48.745,47.427,48.373,262624.997,2021-05-01 18:00:00
1619895600000,48.373,49.5,47.93,49.45,319581.483,2021-05-01 19:00:00
1619899200000,49.461,49.467,48.158,48.43,226352.999,2021-05-01 20:00:00
1619902800000,48.422,48.5,47.144,47.552,215106.167,2021-05-01 21:00:00
1619906400000,47.525,49.039,47.487,48.854,170851.163,2021-05-01 22:00:00
1619910000000,48.87,49.88,48.381,49.67,281483.74,2021-05-01 23:00:00
1619913600000,49.646,49.99,48.73,48.903,305278.423,2021-05-02 00:00:00
1619917200000,48.905,48.96,48.08,48.488,211564.649,2021-05-02 01:00:00
1619920800000,48.483,49.185,48.483,49.054,97714.928,2021-05-02 02:00:00
1619924400000,48.989,49.143,47.077,47.472,179173.313,2021-05-02 03:00:00
1619928000000,47.416,48.4,46.4,48.137,232578.034,2021-05-02 04:00:00
1619931600000,48.108,48.216,46.952,47.088,164887.817,2021-05-02 05:00:00
1619935200000,47.124,47.844,47.012,47.437,168204.812,2021-05-02 06:00:00
1619938800000,47.456,47.481,46.0,46.55,217170.833,2021-05-02 07:00:00
1619942400000,46.55,46.823,45.904,46.641,172584.143,2021-05-02 08:00:00
1619946000000,46.647,47.666,46.5,47.627,199420.546,2021-05-02 09:00:00
1619949600000,47.627,47.682,46.38,46.961,223736.14,2021-05-02 10:00:00
1619953200000,46.952,47.1,46.443,46.651,117405.029,2021-05-02 11:00:00
1619956800000,46.651,46.714,46.0,46.094,206507.945,2021-05-02 12:00:00
1619960400000,46.099,47.217,46.099,46.88,168477.141,2021-05-02 13:00:00
1619964000000,46.9,47.024,46.279,46.757,124254.668,2021-05-02 14:00:00
1619967600000,46.754,47.5,46.666,47.04,198473.185,2021-05-02 15:00:00
1619971200000,47.011,47.406,46.68,47.017,94207.358,2021-05-02 16:00:00
1619974800000,47.008,47.905,47.008,47.683,108124.646,2021-05-02 17:00:00
1619978400000,47.683,48.23,47.556,47.884,146657.988,2021-05-02 18:00:00
1619982000000,47.866,48.2,47.6,47.902,88169.189,2021-05-02 19:00:00
1619985600000,47.881,48.093,47.147,47.552,85350.163,2021-05-02 20:00:00
1619989200000,47.558,47.622,46.513,46.793,111304.381,2021-05-02 21:00:00
1619992800000,46.793,46.997,46.274,46.446,91975.16,2021-05-02 22:00:00
1619996400000,46.455,46.99,46.3,46.897,81190.754,2021-05-02 23:00:00
1620000000000,46.926,47.721,46.671,47.499,102141.087,2021-05-03 00:00:00
1620003600000,47.5,47.549,46.724,47.069,108908.901,2021-05-03 01:00:00
1620007200000,47.07,47.523,46.99,47.107,98679.418,2021-05-03 02:00:00
1620010800000,47.107,47.922,47.034,47.639,82658.778,2021-05-03 03:00:00
1620014400000,47.663,48.2,47.399,48.199,100736.503,2021-05-03 04:00:00
1620018000000,48.198,48.968,47.792,48.507,158418.684,2021-05-03 05:00:00
1620021600000,48.507,48.72,48.3,48.694,104074.432,2021-05-03 06:00:00
1620025200000,48.7,48.78,48.386,48.469,134243.361,2021-05-03 07:00:00
1620028800000,48.47,49.0,48.469,48.892,143210.303,2021-05-03 08:00:00
1620032400000,48.864,48.923,48.035,48.06,124005.993,2021-05-03 09:00:00
1620036000000,48.06,48.226,47.608,48.114,128584.381,2021-05-03 10:00:00
1620039600000,48.114,48.4,48.0,48.24,91157.173,2021-05-03 11:00:00
1620043200000,48.24,48.24,47.693,47.786,92016.326,2021-05-03 12:00:00
1620046800000,47.784,48.45,46.653,47.707,234732.197,2021-05-03 13:00:00
1620050400000,47.71,48.206,47.38,47.95,177686.05,2021-05-03 14:00:00
1620054000000,47.922,48.6,47.781,47.837,150977.279,2021-05-03 15:00:00
1620057600000,47.845,47.996,46.916,47.472,194212.113,2021-05-03 16:00:00
1620061200000,47.471,47.819,47.341,47.417,150245.29,2021-05-03 17:00:00
1620064800000,47.465,47.66,47.05,47.44,168649.998,2021-05-03 18:00:00
1620068400000,47.44,47.492,46.8,47.022,124182.812,2021-05-03 19:00:00
1620072000000,47.022,47.035,45.3,45.639,382076.332,2021-05-03 20:00:00
1620075600000,45.645,45.836,44.774,45.639,246129.602,2021-05-03 21:00:00
1620079200000,45.629,46.3,45.001,45.897,256409.163,2021-05-03 22:00:00
1620082800000,45.897,46.3,45.624,45.912,131871.193,2021-05-03 23:00:00
1620086400000,45.935,45.969,43.128,44.144,557909.508,2021-05-04 00:00:00
1620090000000,44.144,44.771,43.807,44.627,165973.797,2021-05-04 01:00:00
1620093600000,44.627,45.627,44.57,45.252,157192.487,2021-05-04 02:00:00
1620097200000,45.241,45.625,44.734,45.02,89781.012,2021-05-04 03:00:00
1620100800000,44.997,45.687,44.792,45.595,94253.264,2021-05-04 04:00:00
1620104400000,45.57,46.5,45.501,46.346,173596.576,2021-05-04 05:00:00
1620108000000,46.313,47.054,46.235,46.824,145787.677,2021-05-04 06:00:00
1620111600000,46.84,47.3,45.66,45.935,165980.198,2021-05-04 07:00:00
1620115200000,45.922,46.253,45.426,45.883,143413.507,2021-05-04 08:00:00
1620118800000,45.903,46.723,45.878,46.431,95743.52,2021-05-04 09:00:00
1620122400000,46.431,47.356,46.391,47.356,118122.212,2021-05-04 10:00:00
1620126000000,47.356,47.81,46.767,47.073,174919.211,2021-05-04 11:00:00
1620129600000,47.072,47.355,46.297,46.889,180315.268,2021-05-04 12:00:00
1620133200000,46.881,46.881,45.576,46.489,225910.958,2021-05-04 13:00:00
1620136800000,46.501,46.69,44.0,44.672,236205.557,2021-05-04 14:00:00
1620140400000,44.67,45.0,42.995,43.594,340226.277,2021-05-04 15:00:00
1620144000000,43.602,44.285,42.26,43.246,242307.008,2021-05-04 16:00:00
1620147600000,43.216,44.451,43.14,44.429,229533.935,2021-05-04 17:00:00
1620151200000,44.445,44.702,44.0,44.421,115082.452,2021-05-04 18:00:00
1620154800000,44.412,44.776,44.22,44.551,75821.497,2021-05-04 19:00:00
1620158400000,44.551,45.0,44.037,44.376,108588.151,2021-05-04 20:00:00
1620162000000,44.376,44.597,43.678,43.691,97113.733,2021-05-04 21:00:00
1620165600000,43.694,43.981,42.89,43.514,129114.878,2021-05-04 22:00:00
1620169200000,43.528,43.736,42.636,42.636,117664.698,2021-05-04 23:00:00
1620172800000,42.636,44.132,42.305,43.951,163557.82,2021-05-05 00:00:00
1620176400000,43.976,45.205,43.943,44.079,218799.349,2021-05-05 01:00:00
1620180000000,44.078,44.63,43.826,44.053,87898.795,2021-05-05 02:00:00
1620183600000,44.022,44.3,43.75,43.865,70689.09,2021-05-05 03:00:00
1620187200000,43.88,44.179,43.367,43.527,102782.534,2021-05-05 04:00:00
1620190800000,43.532,43.975,43.25,43.794,67836.72,2021-05-05 05:00:00
1620194400000,43.791,43.946,42.938,43.567,128038.691,2021-05-05 06:00:00
1620198000000,43.592,44.5,43.248,44.498,88444.753,2021-05-05 07:00:00
1620201600000,44.5,45.154,44.46,45.11,117065.559,2021-05-05 08:00:00
1620205200000,45.15,45.767,44.739,45.408,149332.663,2021-05-05 09:00:00
1620208800000,45.422,45.81,44.888,45.266,108527.763,2021-05-05 10:00:00
1620212400000,45.266,45.34,44.0,44.391,150584.897,2021-05-05 11:00:00
1620216000000,44.361,44.98,43.93,44.329,150122.816,2021-05-05 12:00:00
1620219600000,44.329,45.055,44.237,44.874,92693.454,2021-05-05 13:00:00
1620223200000,44.874,44.999,44.137,44.75,127185.856,2021-05-05 14:00:00
1620226800000,44.743,44.9,44.128,44.188,107372.873,2021-05-05 15:00:00
1620230400000,44.188,44.997,44.11,44.763,116345.231,2021-05-05 16:00:00
1620234000000,44.772,45.668,44.695,45.575,187234.785,2021-05-05 17:00:00
1620237600000,45.575,45.75,45.11,45.414,115049.525,2021-05-05 18:00:00
1620241200000,45.388,45.967,45.227,45.962,78308.327,2021-05-05 19:00:00
1620244800000,45.951,46.0,44.8,45.05,136466.556,2021-05-05 20:00:00
1620248400000,45.048,45.482,44.627,44.759,75467.11,2021-05-05 21:00:00
1620252000000,44.759,44.984,44.472,44.684,71901.419,2021-05-05 22:00:00
1620255600000,44.684,44.99,44.401,44.98,61114.937,2021-05-05 23:00:00
1620259200000,44.965,44.98,43.556,44.17,131983.129,2021-05-06 00:00:00
1620262800000,44.17,44.362,43.721,43.899,84254.577,2021-05-06 01:00:00
1620266400000,43.928,44.321,43.773,43.967,66693.104,2021-05-06 02:00:00
1620270000000,43.966,44.234,43.859,44.194,42819.587,2021-05-06 03:00:00
1620273600000,44.193,44.619,43.87,44.068,117280.206,2021-05-06 04:00:00
1620277200000,44.055,44.358,43.6,44.11,74466.702,2021-05-06 05:00:00
1620280800000,44.101,44.169,43.242,43.316,94985.643,2021-05-06 06:00:00
1620284400000,43.316,43.854,43.034,43.85,68215.234,2021-05-06 07:00:00
1620288000000,43.832,43.964,43.5,43.546,49237.471,2021-05-06 08:00:00
1620291600000,43.546,43.681,43.301,43.612,79750.693,2021-05-06 09:00:00
1620295200000,43.612,44.101,43.446,44.006,111241.517,2021-05-06 10:00:00
1620298800000,44.017,44.749,43.5,44.54,164164.351,2021-05-06 11:00:00
1620302400000,44.542,44.578,43.716,43.969,86584.825,2021-05-06 12:00:00
1620306000000,43.968,43.998,43.501,43.618,92628.224,2021-05-06 13:00:00
1620309600000,43.618,43.992,43.538,43.812,85713.815,2021-05-06 14:00:00
1620313200000,43.819,44.1,43.451,43.711,102915.894,2021-05-06 15:00:00
1620316800000,43.724,43.855,43.22,43.404,129604.411,2021-05-06 16:00:00
1620320400000,43.405,43.636,43.2,43.284,116858.409,2021-05-06 17:00:00
1620324000000,43.284,43.597,42.55,43.355,180878.493,2021-05-06 18:00:00
1620327600000,43.355,43.8,42.686,43.799,144369.578,2021-05-06 19:00:00
1620331200000,43.773,43.798,43.023,43.195,126213.892,2021-05-06 20:00:00
1620334800000,43.209,43.733,43.104,43.631,49497.334,2021-05-06 21:00:00
1620338400000,43.641,43.92,42.997,43.517,88764.726,2021-05-06 22:00:00
1620342000000,43.51,43.799,43.304,43.496,48141.197,2021-05-06 23:00:00
1620345600000,43.496,43.746,43.135,43.3,71967.845,2021-05-07 00:00:00
1620349200000,43.319,43.475,42.894,43.036,73233.541,2021-05-07 01:00:00
1620352800000,43.034,43.158,42.295,42.507,113449.925,2021-05-07 02:00:00
1620356400000,42.517,42.53,41.603,41.985,198592.247,2021-05-07 03:00:00
1620360000000,41.985,41.985,41.42,41.5,176599.539,2021-05-07 04:00:00
1620363600000,41.5,42.405,41.467,42.1,132933.155,2021-05-07 05:00:00
1620367200000,42.108,42.652,41.892,42.636,74112.271,2021-05-07 06:00:00
1620370800000,42.636,42.789,42.145,42.251,71059.843,2021-05-07 07:00:00
1620374400000,42.251,42.563,41.96,42.472,64850.494,2021-05-07 08:00:00
1620378000000,42.452,42.824,42.361,42.807,61619.981,2021-05-07 09:00:00
1620381600000,42.821,43.072,42.804,42.85,92452.478,2021-05-07 10:00:00
1620385200000,42.873,43.0,42.56,42.697,72336.979,2021-05-07 11:00:00
1620388800000,42.697,43.111,42.5,43.074,109272.888,2021-05-07 12:00:00
1620392400000,43.074,43.105,42.754,42.975,63096.672,2021-05-07 13:00:00
1620396000000,42.975,43.01,42.344,42.433,86325.064,2021-05-07 14:00:00
1620399600000,42.454,45.03,42.388,44.947,327869.471,2021-05-07 15:00:00
1620403200000,44.942,46.243,44.341,45.249,680178.763,2021-05-07 16:00:00
1620406800000,45.255,45.492,44.55,44.629,170095.06,2021-05-07 17:00:00
1620410400000,44.629,44.7,43.43,43.897,188733.524,2021-05-07 18:00:00
1620414000000,43.896,44.072,43.322,43.766,88209.827,2021-05-07 19:00:00
1620417600000,43.77,44.5,43.702,43.985,80399.445,2021-05-07 20:00:00
1620421200000,43.988,44.083,42.774,43.009,86855.495,2021-05-07 21:00:00
1620424800000,43.008,43.293,42.226,42.567,106966.478,2021-05-07 22:00:00
1620428400000,42.586,43.238,42.571,43.182,68435.414,2021-05-07 23:00:00
1620432000000,43.154,43.274,42.275,42.938,68946.281,2021-05-08 00:00:00
1620435600000,42.938,43.42,42.827,43.089,58165.497,2021-05-08 01:00:00
1620439200000,43.06,43.644,42.93,43.4,61147.765,2021-05-08 02:00:00
1620442800000,43.4,43.667,43.092,43.514,49261.719,2021-05-08 03:00:00
1620446400000,43.533,43.551,43.14,43.2,88096.102,2021-05-08 04:00:00
1620450000000,43.189,43.559,43.14,43.302,63414.755,2021-05-08 05:00:00
1620453600000,43.3,43.339,42.958,43.046,44874.927,2021-05-08 06:00:00
1620457200000,43.046,43.64,42.681,43.626,61199.733,2021-05-08 07:00:00
1620460800000,43.624,44.3,43.605,43.871,129492.789,2021-05-08 08:00:00
1620464400000,43.875,43.982,43.523,43.564,69562.981,2021-05-08 09:00:00
1620468000000,43.564,44.276,43.562,44.251,97056.068,2021-05-08 10:00:00
1620471600000,44.259,44.65,43.989,44.257,93702.548,2021-05-08 11:00:00
1620475200000,44.241,44.242,43.668,43.993,68762.114,2021-05-08 12:00:00
1620478800000,44.015,44.288,43.993,43.998,83956.042,2021-05-08 13:00:00
1620482400000,44.011,45.5,43.719,45.32,261602.815,2021-05-08 14:00:00
1620486000000,45.329,45.333,43.408,43.553,224820.078,2021-05-08 15:00:00
1620489600000,43.564,44.913,43.523,44.325,163143.097,2021-05-08 16:00:00
1620493200000,44.331,45.075,44.17,44.749,122360.684,2021-05-08 17:00:00
1620496800000,44.749,45.346,44.6,45.244,86001.756,2021-05-08 18:00:00
1620500400000,45.234,45.303,44.559,44.897,84667.007,2021-05-08 19:00:00
1620504000000,44.881,44.917,44.4,44.635,56713.296,2021-05-08 20:00:00
1620507600000,44.642,45.099,44.279,44.938,73827.284,2021-05-08 21:00:00
1620511200000,44.934,46.638,44.618,46.376,278973.287,2021-05-08 22:00:00
1620514800000,46.364,46.65,45.517,45.612,149344.386,2021-05-08 23:00:00
1620518400000,45.632,47.15,45.612,46.551,285435.691,2021-05-09 00:00:00
1620522000000,46.551,46.79,46.036,46.333,133839.463,2021-05-09 01:00:00
1620525600000,46.311,46.4,45.548,45.766,87736.971,2021-05-09 02:00:00
1620529200000,45.794,45.885,44.54,44.569,91299.004,2021-05-09 03:00:00
1620532800000,44.574,45.96,42.6,45.933,412627.655,2021-05-09 04:00:00
1620536400000,45.949,46.2,45.2,45.405,145248.384,2021-05-09 05:00:00
1620540000000,45.405,45.506,44.867,45.169,112784.623,2021-05-09 06:00:00
1620543600000,45.17,45.2,44.492,44.712,80213.101,2021-05-09 07:00:00
1620547200000,44.712,45.222,44.534,45.121,101040.038,2021-05-09 08:00:00
1620550800000,45.121,45.294,44.277,44.773,103373.057,2021-05-09 09:00:00
1620554400000,44.757,45.336,44.47,45.125,114722.023,2021-05-09 10:00:00
1620558000000,45.125,45.447,44.781,44.8,72007.891,2021-05-09 11:00:00
1620561600000,44.8,44.917,43.285,43.43,179495.182,2021-05-09 12:00:00
1620565200000,43.451,43.868,43.37,43.613,95754.336,2021-05-09 13:00:00
1620568800000,43.613,43.844,43.426,43.631,77841.542,2021-05-09 14:00:00
1620572400000,43.626,44.406,43.455,44.159,112053.287,2021-05-09 15:00:00
1620576000000,44.189,44.349,44.006,44.257,91491.371,2021-05-09 16:00:00
1620579600000,44.256,44.839,43.994,44.75,145445.993,2021-05-09 17:00:00
1620583200000,44.746,44.99,44.517,44.905,97014.836,2021-05-09 18:00:00
1620586800000,44.918,45.0,44.213,44.23,119361.316,2021-05-09 19:00:00
1620590400000,44.245,44.582,43.973,44.265,85452.805,2021-05-09 20:00:00
1620594000000,44.286,44.964,44.111,44.877,72823.382,2021-05-09 21:00:00
1620597600000,44.877,44.972,44.099,44.185,138458.212,2021-05-09 22:00:00
1620601200000,44.185,44.38,43.971,44.33,139498.554,2021-05-09 23:00:00
1620604800000,44.33,44.462,44.2,44.379,102500.407,2021-05-10 00:00:00
1620608400000,44.379,45.224,44.174,45.084,123173.447,2021-05-10 01:00:00
1620612000000,45.092,45.455,44.803,45.0,71447.899,2021-05-10 02:00:00
1620615600000,45.0,45.1,44.735,45.025,53197.813,2021-05-10 03:00:00
1620619200000,45.024,45.439,44.951,45.227,51620.214,2021-05-10 04:00:00
1620622800000,45.23,45.8,44.75,45.197,137837.772,2021-05-10 05:00:00
1620626400000,45.198,45.89,45.174,45.813,74228.675,2021-05-10 06:00:00
1620630000000,45.818,45.831,45.256,45.488,67320.168,2021-05-10 07:00:00
1620633600000,45.488,45.532,44.882,45.116,83629.903,2021-05-10 08:00:00
1620637200000,45.117,45.259,44.327,44.54,84789.139,2021-05-10 09:00:00
1620640800000,44.541,44.634,44.173,44.23,68294.842,2021-05-10 10:00:00
1620644400000,44.221,44.235,43.628,43.918,145943.698,2021-05-10 11:00:00
1620648000000,43.915,44.2,43.58,43.897,78823.765,2021-05-10 12:00:00
1620651600000,43.889,44.366,43.5,43.948,101030.188,2021-05-10 13:00:00
1620655200000,43.95,44.25,43.183,43.183,102722.178,2021-05-10 14:00:00
1620658800000,43.19,43.929,43.067,43.881,93268.927,2021-05-10 15:00:00
1620662400000,43.881,43.934,43.453,43.653,92363.146,2021-05-10 16:00:00
1620666000000,43.635,43.94,43.4,43.405,79454.136,2021-05-10 17:00:00
1620669600000,43.405,43.832,42.8,42.9,146096.099,2021-05-10 18:00:00
1620673200000,42.9,43.423,42.0,42.088,133445.855,2021-05-10 19:00:00
1620676800000,42.041,42.827,39.0,42.128,556815.428,2021-05-10 20:00:00
1620680400000,42.134,43.699,41.795,43.404,166679.395,2021-05-10 21:00:00
1620684000000,43.373,43.937,42.791,43.899,132588.695,2021-05-10 22:00:00
1620687600000,43.9,44.0,42.429,42.854,122277.228,2021-05-10 23:00:00
1620691200000,42.868,42.99,41.804,41.838,133552.656,2021-05-11 00:00:00
1620694800000,41.803,42.346,41.601,42.308,82985.536,2021-05-11 01:00:00
1620698400000,42.303,42.803,40.641,40.844,129305.232,2021-05-11 02:00:00
1620702000000,40.844,41.189,40.0,40.4,198617.176,2021-05-11 03:00:00
1620705600000,40.4,40.911,40.1,40.748,87855.558,2021-05-11 04:00:00
1620709200000,40.748,40.83,39.7,40.142,102200.413,2021-05-11 05:00:00
1620712800000,40.145,41.358,40.031,41.22,98691.024,2021-05-11 06:00:00
1620716400000,41.22,41.66,40.9,41.62,99580.507,2021-05-11 07:00:00
1620720000000,41.622,41.682,40.149,40.402,167539.826,2021-05-11 08:00:00
1620723600000,40.414,41.25,40.307,41.244,91958.282,2021-05-11 09:00:00
1620727200000,41.234,42.2,41.214,41.899,120492.097,2021-05-11 10:00:00
1620730800000,41.922,42.2,41.324,41.408,103824.404,2021-05-11 11:00:00
1620734400000,41.39,41.624,40.394,41.145,99163.978,2021-05-11 12:00:00
1620738000000,41.145,41.272,40.047,41.125,144134.234,2021-05-11 13:00:00
1620741600000,41.125,41.204,40.671,41.11,75851.113,2021-05-11 14:00:00
1620745200000,41.11,41.669,40.767,41.377,98062.428,2021-05-11 15:00:00
1620748800000,41.437,41.996,41.251,41.802,90481.535,2021-05-11 16:00:00
1620752400000,41.798,42.12,41.632,41.926,65996.859,2021-05-11 17:00:00
1620756000000,41.926,42.634,41.898,42.1,84017.424,2021-05-11 18:00:00
1620759600000,42.135,43.0,42.005,42.956,103627.33,2021-05-11 19:00:00
1620763200000,42.943,43.58,42.648,43.58,119423.151,2021-05-11 20:00:00
1620766800000,43.58,44.642,43.534,44.416,173497.963,2021-05-11 21:00:00
1620770400000,44.416,45.081,44.232,44.535,160195.908,2021-05-11 22:00:00
1620774000000,44.54,45.18,44.439,44.538,127353.06,2021-05-11 23:00:00
1620777600000,44.579,45.5,44.331,44.926,175378.104,2021-05-12 00:00:00
1620781200000,44.926,45.6,44.457,44.54,137652.456,2021-05-12 01:00:00
1620784800000,44.546,44.557,43.991,44.529,133644.102,2021-05-12 02:00:00
1620788400000,44.55,44.557,44.201,44.469,44930.55,2021-05-12 03:00:00
1620792000000,44.469,44.557,43.684,43.839,82017.652,2021-05-12 04:00:00
1620795600000,43.824,44.303,43.714,44.035,78706.603,2021-05-12 05:00:00
1620799200000,44.035,45.8,43.919,45.645,178019.239,2021-05-12 06:00:00
1620802800000,45.644,45.773,44.678,44.838,128302.556,2021-05-12 07:00:00
1620806400000,44.849,46.04,44.695,45.989,183643.088,2021-05-12 08:00:00
1620810000000,45.987,46.706,45.561,46.349,198113.567,2021-05-12 09:00:00
1620813600000,46.34,46.365,44.645,45.111,280244.449,2021-05-12 10:00:00
1620817200000,45.108,46.137,45.037,46.088,160245.072,2021-05-12 11:00:00
1620820800000,46.088,47.0,45.486,46.822,270507.023,2021-05-12 12:00:00
1620824400000,46.845,46.98,44.916,46.27,271154.967,2021-05-12 13:00:00
1620828000000,46.269,46.65,45.799,45.86,311453.592,2021-05-12 14:00:00
1620831600000,45.872,48.2,45.751,47.45,803948.051,2021-05-12 15:00:00
1620835200000,47.412,47.807,44.741,45.959,610009.02,2021-05-12 16:00:00
1620838800000,45.928,46.3,45.154,45.269,251211.443,2021-05-12 17:00:00
1620842400000,45.306,45.797,43.434,44.548,368848.233,2021-05-12 18:00:00
1620846000000,44.515,44.955,42.624,44.869,356306.732,2021-05-12 19:00:00
1620849600000,44.85,46.17,44.328,45.616,194098.359,2021-05-12 20:00:00
1620853200000,45.632,48.831,45.491,48.805,364618.334,2021-05-12 21:00:00
1620856800000,48.802,49.243,42.88,48.508,1263468.562,2021-05-12 22:00:00
1620860400000,48.485,48.57,42.18,43.709,746238.374,2021-05-12 23:00:00
1620864000000,43.394,45.467,40.0,44.588,982484.429,2021-05-13 00:00:00
1620867600000,44.59,45.501,43.7,44.299,393832.41,2021-05-13 01:00:00
1620871200000,44.3,44.524,43.159,43.464,214956.236,2021-05-13 02:00:00
1620874800000,43.475,43.5,41.946,42.614,293221.335,2021-05-13 03:00:00
1620878400000,42.58,43.089,42.464,42.848,142614.369,2021-05-13 04:00:00
1620882000000,42.861,43.6,42.696,42.919,222613.461,2021-05-13 05:00:00
1620885600000,42.932,45.0,42.771,44.921,269395.795,2021-05-13 06:00:00
1620889200000,44.921,45.026,43.911,44.272,173880.512,2021-05-13 07:00:00
1620892800000,44.203,44.581,42.741,42.835,175456.306,2021-05-13 08:00:00
1620896400000,42.871,43.289,40.979,41.403,314935.151,2021-05-13 09:00:00
1620900000000,41.403,42.599,41.0,41.313,295738.113,2021-05-13 10:00:00
1620903600000,41.242,41.981,40.4,41.575,231039.453,2021-05-13 11:00:00
1620907200000,41.547,42.64,41.277,42.589,159306.837,2021-05-13 12:00:00
1620910800000,42.584,43.403,42.081,42.761,190750.053,2021-05-13 13:00:00
1620914400000,42.76,43.139,41.592,41.856,324055.522,2021-05-13 14:00:00
1620918000000,41.883,42.052,41.036,41.401,223480.73,2021-05-13 15:00:00
1620921600000,41.419,42.03,39.426,39.714,472280.205,2021-05-13 16:00:00
1620925200000,39.726,40.022,37.43,39.105,797758.285,2021-05-13 17:00:00
1620928800000,39.109,39.794,38.25,38.3,316229.301,2021-05-13 18:00:00
1620932400000,38.355,39.9,38.25,39.06,216789.119,2021-05-13 19:00:00
1620936000000,39.108,40.869,38.703,40.816,235310.114,2021-05-13 20:00:00
1620939600000,40.816,41.871,40.572,41.33,187296.345,2021-05-13 21:00:00
1620943200000,41.33,41.356,39.814,39.853,171162.387,2021-05-13 22:00:00
1620946800000,39.813,41.179,39.326,41.049,158060.593,2021-05-13 23:00:00
1620950400000,41.051,42.391,40.9,42.153,216780.807,2021-05-14 00:00:00
1620954000000,42.157,42.243,40.97,41.256,263171.119,2021-05-14 01:00:00
1620957600000,41.256,41.377,40.316,40.359,82711.648,2021-05-14 02:00:00
1620961200000,40.384,41.107,40.222,40.806,110417.746,2021-05-14 03:00:00
1620964800000,40.809,41.06,39.901,40.681,91143.344,2021-05-14 04:00:00
1620968400000,40.65,41.182,40.386,41.071,76667.964,2021-05-14 05:00:00
1620972000000,41.07,41.175,40.2,40.352,108599.371,2021-05-14 06:00:00
1620975600000,40.341,41.211,40.333,41.084,133008.983,2021-05-14 07:00:00
1620979200000,41.087,42.0,41.084,42.0,190109.035,2021-05-14 08:00:00
1620982800000,42.0,42.75,41.78,42.0,181229.184,2021-05-14 09:00:00
1620986400000,42.0,42.5,41.789,42.372,170300.853,2021-05-14 10:00:00
1620990000000,42.373,43.2,42.213,42.795,184382.792,2021-05-14 11:00:00
1620993600000,42.791,42.923,42.044,42.278,158927.423,2021-05-14 12:00:00
1620997200000,42.256,42.948,41.86,42.937,110615.585,2021-05-14 13:00:00
1621000800000,42.948,43.8,42.51,43.7,173633.37,2021-05-14 14:00:00
1621004400000,43.724,44.897,43.622,44.619,205072.272,2021-05-14 15:00:00
1621008000000,44.6,44.769,43.619,43.865,167259.639,2021-05-14 16:00:00
1621011600000,43.828,44.158,43.344,43.495,81102.758,2021-05-14 17:00:00
1621015200000,43.5,44.182,43.191,43.812,114637.314,2021-05-14 18:00:00
1621018800000,43.85,43.888,43.117,43.149,100817.249,2021-05-14 19:00:00
1621022400000,43.149,43.3,41.414,41.414,246528.697,2021-05-14 20:00:00
1621026000000,41.413,42.76,41.405,42.76,108327.505,2021-05-14 21:00:00
1621029600000,42.723,42.8,42.06,42.56,72854.838,2021-05-14 22:00:00
1621033200000,42.541,43.181,42.413,42.7,73538.781,2021-05-14 23:00:00
1621036800000,42.697,43.037,41.72,41.918,112335.264,2021-05-15 00:00:00
1621040400000,41.918,42.782,41.838,42.64,77942.268,2021-05-15 01:00:00
1621044000000,42.628,42.799,41.962,42.104,112200.338,2021-05-15 02:00:00
1621047600000,42.08,42.442,41.8,42.148,69519.915,2021-05-15 03:00:00
1621051200000,42.148,42.736,41.876,42.02,73501.406,2021-05-15 04:00:00
1621054800000,42.017,42.212,41.51,41.923,92103.532,2021-05-15 05:00:00
1621058400000,41.912,42.081,40.862,41.35,116192.433,2021-05-15 06:00:00
1621062000000,41.35,41.466,40.508,40.804,145765.015,2021-05-15 07:00:00
1621065600000,40.785,41.415,40.338,40.979,156030.573,2021-05-15 08:00:00
1621069200000,41.024,41.516,40.795,41.327,67342.742,2021-05-15 09:00:00
1621072800000,41.265,41.284,40.284,40.755,118702.943,2021-05-15 10:00:00
1621076400000,40.753,41.242,40.696,41.206,44173.237,2021-05-15 11:00:00
1621080000000,41.191,41.254,40.033,41.241,174706.843,2021-05-15 12:00:00
1621083600000,41.241,41.415,40.628,40.854,97158.324,2021-05-15 13:00:00
1621087200000,40.853,41.529,40.779,41.524,71102.514,2021-05-15 14:00:00
1621090800000,41.496,41.9,41.232,41.351,113660.944,2021-05-15 15:00:00
1621094400000,41.36,41.36,39.544,39.91,238198.648,2021-05-15 16:00:00
1621098000000,39.9,40.591,39.305,40.444,219501.637,2021-05-15 17:00:00
1621101600000,40.444,41.629,40.325,41.496,135345.785,2021-05-15 18:00:00
1621105200000,41.518,42.282,40.607,42.282,180169.82,2021-05-15 19:00:00
1621108800000,42.275,42.469,41.841,42.125,99529.651,2021-05-15 20:00:00
1621112400000,42.111,42.97,42.111,42.411,96995.228,2021-05-15 21:00:00
1621116000000,42.425,45.5,42.245,44.863,445958.122,2021-05-15 22:00:00
1621119600000,44.87,45.02,42.774,43.486,298971.435,2021-05-15 23:00:00
1621123200000,43.462,44.49,43.059,44.428,251506.959,2021-05-16 00:00:00
1621126800000,44.428,46.251,44.405,46.249,364471.224,2021-05-16 01:00:00
1621130400000,46.251,47.544,45.89,47.399,512707.218,2021-05-16 02:00:00
1621134000000,47.401,47.87,46.388,47.614,325681.811,2021-05-16 03:00:00
1621137600000,47.614,47.842,46.111,46.47,195185.489,2021-05-16 04:00:00
1621141200000,46.47,46.784,45.844,45.961,171333.791,2021-05-16 05:00:00
1621144800000,45.99,47.082,45.977,46.949,210554.043,2021-05-16 06:00:00
1621148400000,46.956,47.0,45.768,46.468,140147.748,2021-05-16 07:00:00
1621152000000,46.455,46.944,45.931,46.83,139556.791,2021-05-16 08:00:00
1621155600000,46.831,48.0,46.827,47.397,293854.604,2021-05-16 09:00:00
1621159200000,47.393,47.75,46.511,46.72,159042.477,2021-05-16 10:00:00
1621162800000,46.736,47.315,45.981,47.184,164579.011,2021-05-16 11:00:00
1621166400000,47.19,49.0,46.962,47.851,648467.433,2021-05-16 12:00:00
1621170000000,47.852,52.6,47.527,51.391,1475723.843,2021-05-16 13:00:00
1621173600000,51.366,52.1,49.922,51.326,930908.486,2021-05-16 14:00:00
1621177200000,51.297,51.401,48.31,48.49,752850.459,2021-05-16 15:00:00
1621180800000,48.461,49.9,46.333,46.721,930396.781,2021-05-16 16:00:00
1621184400000,46.707,47.449,44.262,46.791,1017078.841,2021-05-16 17:00:00
1621188000000,46.788,47.167,43.56,43.56,702497.736,2021-05-16 18:00:00
1621191600000,43.58,44.326,41.602,43.654,892557.617,2021-05-16 19:00:00
1621195200000,43.642,44.5,42.2,43.156,760219.147,2021-05-16 20:00:00
1621198800000,43.156,46.0,43.131,45.95,751523.66,2021-05-16 21:00:00
1621202400000,45.95,49.999,45.941,47.6,915578.841,2021-05-16 22:00:00
1621206000000,47.621,48.312,46.239,46.85,456443.419,2021-05-16 23:00:00
1621209600000,46.85,47.08,45.679,45.805,303069.482,2021-05-17 00:00:00
1621213200000,45.803,45.915,44.1,44.537,405399.617,2021-05-17 01:00:00
1621216800000,44.549,47.67,44.209,46.69,476201.187,2021-05-17 02:00:00
1621220400000,46.645,46.686,43.514,44.029,500958.654,2021-05-17 03:00:00
1621224000000,44.002,47.256,43.01,47.051,588956.067,2021-05-17 04:00:00
1621227600000,47.033,48.702,45.684,48.056,662995.793,2021-05-17 05:00:00
1621231200000,48.056,51.0,47.609,49.625,1069812.444,2021-05-17 06:00:00
1621234800000,49.626,51.098,49.074,50.57,755012.867,2021-05-17 07:00:00
1621238400000,50.608,51.594,50.292,50.943,622269.42,2021-05-17 08:00:00
1621242000000,50.905,51.357,49.344,50.553,503396.509,2021-05-17 09:00:00
1621245600000,50.57,50.654,47.7,48.144,570662.055,2021-05-17 10:00:00
1621249200000,48.144,50.32,47.877,50.137,395843.511,2021-05-17 11:00:00
1621252800000,50.173,50.536,48.659,49.17,419413.202,2021-05-17 12:00:00
1621256400000,49.143,49.417,47.944,49.014,279956.088,2021-05-17 13:00:00
1621260000000,49.014,49.3,47.62,49.093,322366.155,2021-05-17 14:00:00
1621263600000,49.115,50.529,48.166,48.551,580301.491,2021-05-17 15:00:00
1621267200000,48.517,51.985,48.162,51.342,1163627.531,2021-05-17 16:00:00
1621270800000,51.343,51.62,45.688,46.768,2092716.568,2021-05-17 17:00:00
1621274400000,46.798,48.679,45.699,48.435,617860.797,2021-05-17 18:00:00
1621278000000,48.455,49.529,48.342,49.155,442945.724,2021-05-17 19:00:00
1621281600000,49.115,50.001,48.687,49.239,320341.728,2021-05-17 20:00:00
1621285200000,49.239,49.529,46.806,47.766,291859.684,2021-05-17 21:00:00
1621288800000,47.797,48.474,46.5,46.763,217179.847,2021-05-17 22:00:00
1621292400000,46.77,47.61,46.0,46.708,235930.057,2021-05-17 23:00:00
1621296000000,46.747,48.406,46.051,47.8,377148.595,2021-05-18 00:00:00
1621299600000,47.8,47.92,46.136,46.231,325980.366,2021-05-18 01:00:00
1621303200000,46.246,47.145,46.061,47.145,196460.19,2021-05-18 02:00:00
1621306800000,47.145,48.1,47.037,47.743,179908.849,2021-05-18 03:00:00
1621310400000,47.733,49.74,47.497,48.999,455693.869,2021-05-18 04:00:00
1621314000000,48.999,50.422,48.8,50.374,361311.181,2021-05-18 05:00:00
1621317600000,50.374,50.886,49.414,50.17,425783.007,2021-05-18 06:00:00
1621321200000,50.174,51.978,50.078,51.96,395890.099,2021-05-18 07:00:00
1621324800000,51.943,53.608,51.508,52.602,699523.593,2021-05-18 08:00:00
1621328400000,52.602,53.6,51.75,53.081,425107.879,2021-05-18 09:00:00
1621332000000,53.041,55.0,52.713,54.281,546504.69,2021-05-18 10:00:00
1621335600000,54.281,55.137,53.939,54.516,616699.613,2021-05-18 11:00:00
1621339200000,54.506,55.043,51.743,52.393,608673.486,2021-05-18 12:00:00
1621342800000,52.385,54.044,51.257,53.778,734208.814,2021-05-18 13:00:00
1621346400000,53.768,53.809,51.0,52.588,664999.166,2021-05-18 14:00:00
1621350000000,52.597,54.519,51.754,53.412,507774.155,2021-05-18 15:00:00
1621353600000,53.391,58.38,53.029,58.159,1357825.52,2021-05-18 16:00:00
1621357200000,58.096,58.224,53.87,53.939,1166393.578,2021-05-18 17:00:00
1621360800000,54.018,54.489,53.1,54.484,631629.716,2021-05-18 18:00:00
1621364400000,54.443,55.619,54.044,55.16,449173.95,2021-05-18 19:00:00
1621368000000,55.189,55.528,53.524,54.524,350338.782,2021-05-18 20:00:00
1621371600000,54.524,54.7,53.652,54.459,182576.747,2021-05-18 21:00:00
1621375200000,54.49,55.85,54.013,55.347,334897.147,2021-05-18 22:00:00
1621378800000,55.325,56.968,54.089,55.977,544043.706,2021-05-18 23:00:00
1621382400000,55.969,57.691,55.501,56.948,571429.986,2021-05-19 00:00:00
1621386000000,56.949,56.954,51.837,53.515,957037.09,2021-05-19 01:00:00
1621389600000,53.486,54.795,51.718,51.762,456893.381,2021-05-19 02:00:00
1621393200000,51.763,53.232,50.928,51.974,526338.869,2021-05-19 03:00:00
1621396800000,51.974,52.5,44.0,47.544,1561405.585,2021-05-19 04:00:00
1621400400000,47.578,50.5,47.545,49.877,1218714.012,2021-05-19 05:00:00
1621404000000,49.793,52.682,49.255,49.942,816793.786,2021-05-19 06:00:00
1621407600000,49.903,51.556,47.666,50.863,813323.206,2021-05-19 07:00:00
1621411200000,50.871,51.0,48.581,49.276,443834.838,2021-05-19 08:00:00
1621414800000,49.277,49.404,46.771,48.102,679667.354,2021-05-19 09:00:00
1621418400000,48.131,48.363,45.73,46.939,622122.439,2021-05-19 10:00:00
1621422000000,46.968,49.185,38.6,43.969,1852444.318,2021-05-19 11:00:00
1621425600000,43.943,44.502,26.5,35.49,2100416.592,2021-05-19 12:00:00
1621429200000,35.154,43.5,29.2,41.142,2188866.416,2021-05-19 13:00:00
1621432800000,41.143,43.756,34.342,43.624,1280810.943,2021-05-19 14:00:00
1621436400000,43.624,47.3,41.36,46.324,1185516.146,2021-05-19 15:00:00
1621440000000,46.331,47.5,43.992,46.734,886710.989,2021-05-19 16:00:00
1621443600000,46.689,46.9,42.623,43.605,738265.182,2021-05-19 17:00:00
1621447200000,43.617,44.769,40.669,41.614,612805.644,2021-05-19 18:00:00
1621450800000,41.581,42.25,40.0,40.857,523699.786,2021-05-19 19:00:00
1621454400000,40.838,41.632,38.001,38.516,621707.183,2021-05-19 20:00:00
1621458000000,38.523,39.305,36.2,38.097,627704.293,2021-05-19 21:00:00
1621461600000,38.088,39.0,37.442,37.95,455705.472,2021-05-19 22:00:00
1621465200000,37.956,38.327,34.95,34.988,517754.339,2021-05-19 23:00:00
1621468800000,34.987,39.706,32.0,34.179,1244747.213,2021-05-20 00:00:00
1621472400000,34.179,35.609,32.989,34.552,637524.535,2021-05-20 01:00:00
1621476000000,34.525,37.971,34.321,36.696,595375.303,2021-05-20 02:00:00
1621479600000,36.613,36.98,35.635,36.451,297673.253,2021-05-20 03:00:00
1621483200000,36.451,37.844,35.93,37.278,412635.232,2021-05-20 04:00:00
1621486800000,37.299,40.2,36.994,39.818,660468.403,2021-05-20 05:00:00
1621490400000,39.824,40.664,38.147,40.276,595197.04,2021-05-20 06:00:00
1621494000000,40.272,42.476,40.247,41.682,583748.933,2021-05-20 07:00:00
1621497600000,41.666,42.539,40.343,41.546,461777.429,2021-05-20 08:00:00
1621501200000,41.549,41.855,39.286,40.425,339169.624,2021-05-20 09:00:00
1621504800000,40.458,41.6,39.615,41.542,284164.793,2021-05-20 10:00:00
1621508400000,41.508,44.11,41.041,43.238,651281.303,2021-05-20 11:00:00
1621512000000,43.209,44.11,42.453,43.3,562219.845,2021-05-20 12:00:00
1621515600000,43.299,45.3,43.073,43.232,720881.712,2021-05-20 13:00:00
1621519200000,43.267,44.5,43.0,43.632,420298.21,2021-05-20 14:00:00
1621522800000,43.631,46.4,43.544,45.878,582235.274,2021-05-20 15:00:00
1621526400000,45.878,45.97,42.0,44.657,1245263.847,2021-05-20 16:00:00
1621530000000,44.65,53.0,44.479,48.398,3837080.921,2021-05-20 17:00:00
1621533600000,48.348,48.372,45.504,47.056,976002.218,2021-05-20 18:00:00
1621537200000,47.111,47.4,44.71,44.831,873202.712,2021-05-20 19:00:00
1621540800000,44.867,47.173,44.699,45.699,491356.214,2021-05-20 20:00:00
1621544400000,45.734,48.0,45.296,47.097,353067.904,2021-05-20 21:00:00
1621548000000,47.143,48.299,43.835,46.604,619781.103,2021-05-20 22:00:00
1621551600000,46.627,46.95,43.95,44.42,424652.887,2021-05-20 23:00:00
1621555200000,44.367,46.302,44.313,45.64,490418.266,2021-05-21 00:00:00
1621558800000,45.64,47.7,45.258,47.262,327222.944,2021-05-21 01:00:00
1621562400000,47.256,47.496,46.223,46.425,335500.518,2021-05-21 02:00:00
1621566000000,46.373,46.442,45.04,45.446,282630.064,2021-05-21 03:00:00
1621569600000,45.447,45.76,43.447,44.246,412623.898,2021-05-21 04:00:00
1621573200000,44.167,45.7,43.21,44.213,507808.775,2021-05-21 05:00:00
1621576800000,44.207,44.5,42.944,44.019,514294.078,2021-05-21 06:00:00
1621580400000,43.988,44.853,43.334,43.961,395523.22,2021-05-21 07:00:00
1621584000000,43.971,43.991,41.548,42.208,626298.313,2021-05-21 08:00:00
1621587600000,42.233,44.319,42.192,43.587,422407.631,2021-05-21 09:00:00
1621591200000,43.601,43.761,42.503,42.718,272294.858,2021-05-21 10:00:00
1621594800000,42.721,43.037,41.0,42.214,536122.868,2021-05-21 11:00:00
1621598400000,42.178,42.669,40.0,40.395,634305.612,2021-05-21 12:00:00
1621602000000,40.395,42.328,40.101,42.024,460889.214,2021-05-21 13:00:00
1621605600000,42.048,42.493,35.891,37.774,1847714.712,2021-05-21 14:00:00
1621609200000,37.774,38.984,35.7,36.922,1013189.763,2021-05-21 15:00:00
1621612800000,36.909,39.703,36.396,38.337,910371.61,2021-05-21 16:00:00
1621616400000,38.336,40.2,37.747,39.875,463683.626,2021-05-21 17:00:00
1621620000000,39.852,39.861,37.663,39.403,392593.277,2021-05-21 18:00:00
1621623600000,39.405,39.449,37.077,38.159,583608.13,2021-05-21 19:00:00
1621627200000,38.11,38.4,35.75,35.936,495780.399,2021-05-21 20:00:00
1621630800000,35.862,38.3,33.673,37.677,1116848.839,2021-05-21 21:00:00
1621634400000,37.665,38.5,36.612,37.812,400357.566,2021-05-21 22:00:00
1621638000000,37.78,38.987,37.276,38.925,298212.46,2021-05-21 23:00:00
1621641600000,38.925,39.253,37.807,38.752,319447.865,2021-05-22 00:00:00
1621645200000,38.75,40.0,38.709,39.297,323805.915,2021-05-22 01:00:00
1621648800000,39.3,40.0,38.218,38.394,319026.22,2021-05-22 02:00:00
1621652400000,38.387,39.101,36.659,37.68,492946.548,2021-05-22 03:00:00
1621656000000,37.69,38.249,36.26,37.084,529570.311,2021-05-22 04:00:00
1621659600000,37.092,37.284,34.772,36.566,622300.033,2021-05-22 05:00:00
1621663200000,36.543,36.663,35.251,36.408,355685.492,2021-05-22 06:00:00
1621666800000,36.408,36.422,34.61,35.153,597180.722,2021-05-22 07:00:00
1621670400000,35.155,36.49,35.155,35.978,394875.907,2021-05-22 08:00:00
1621674000000,35.97,36.774,35.659,36.025,463061.151,2021-05-22 09:00:00
1621677600000,36.057,37.869,35.642,37.514,452411.314,2021-05-22 10:00:00
1621681200000,37.555,37.784,36.609,36.953,345859.616,2021-05-22 11:00:00
1621684800000,36.982,37.361,36.202,36.748,309746.499,2021-05-22 12:00:00
1621688400000,36.752,38.329,36.702,37.261,308206.887,2021-05-22 13:00:00
1621692000000,37.288,37.5,35.339,35.982,415027.334,2021-05-22 14:00:00
1621695600000,35.943,36.115,34.653,35.367,543794.163,2021-05-22 15:00:00
1621699200000,35.357,35.499,33.0,33.54,814447.674,2021-05-22 16:00:00
1621702800000,33.541,33.949,32.3,32.956,515122.379,2021-05-22 17:00:00
1621706400000,32.966,33.397,32.0,32.755,459198.981,2021-05-22 18:00:00
1621710000000,32.769,33.539,31.134,31.35,486807.542,2021-05-22 19:00:00
1621713600000,31.35,32.941,31.335,32.545,285146.999,2021-05-22 20:00:00
1621717200000,32.52,33.745,32.501,33.408,315010.49,2021-05-22 21:00:00
1621720800000,33.436,33.583,32.0,32.31,240484.306,2021-05-22 22:00:00
1621724400000,32.281,32.564,31.147,31.222,212933.657,2021-05-22 23:00:00
1621728000000,31.222,32.325,30.0,32.056,634565.772,2021-05-23 00:00:00
1621731600000,32.06,32.4,31.238,31.286,295431.269,2021-05-23 01:00:00
1621735200000,31.271,31.384,29.654,30.096,691486.375,2021-05-23 02:00:00
1621738800000,30.074,30.382,29.082,30.247,536192.735,2021-05-23 03:00:00
1621742400000,30.24,30.409,29.337,29.96,338385.268,2021-05-23 04:00:00
1621746000000,29.937,29.996,28.864,29.455,601996.919,2021-05-23 05:00:00
1621749600000,29.454,29.902,27.103,27.837,698230.663,2021-05-23 06:00:00
1621753200000,27.837,29.3,25.702,26.664,1285598.63,2021-05-23 07:00:00
1621756800000,26.684,26.777,24.0,24.954,1736263.938,2021-05-23 08:00:00
1621760400000,24.99,25.363,21.337,21.717,2144398.415,2021-05-23 09:00:00
1621764000000,21.721,26.859,21.458,24.417,2072829.813,2021-05-23 10:00:00
1621767600000,24.427,26.53,23.906,25.671,1283110.571,2021-05-23 11:00:00
1621771200000,25.634,26.249,22.0,23.245,1462996.282,2021-05-23 12:00:00
1621774800000,23.255,23.899,22.262,23.219,1336762.122,2021-05-23 13:00:00
1621778400000,23.239,24.501,22.35,23.283,987552.635,2021-05-23 14:00:00
1621782000000,23.267,23.471,22.357,22.897,614414.71,2021-05-23 15:00:00
1621785600000,22.904,23.13,19.117,21.501,2126598.14,2021-05-23 16:00:00
1621789200000,21.506,23.564,21.22,22.298,1617865.838,2021-05-23 17:00:00
1621792800000,22.31,22.683,20.323,21.93,1584928.746,2021-05-23 18:00:00
1621796400000,21.93,23.109,21.081,22.939,605346.54,2021-05-23 19:00:00
1621800000000,22.928,26.4,22.5,23.446,1266260.093,2021-05-23 20:00:00
1621803600000,23.476,25.403,23.297,24.908,706602.889,2021-05-23 21:00:00
1621807200000,24.907,26.0,23.55,24.2,739787.996,2021-05-23 22:00:00
1621810800000,24.196,25.0,24.134,24.536,419544.505,2021-05-23 23:00:00
1621814400000,24.53,26.277,24.496,25.631,690459.855,2021-05-24 00:00:00
1621818000000,25.63,25.97,24.526,25.435,677102.752,2021-05-24 01:00:00
1621821600000,25.467,26.665,25.149,26.501,418054.103,2021-05-24 02:00:00
1621825200000,26.513,27.571,26.506,26.625,623256.62,2021-05-24 03:00:00
1621828800000,26.649,27.454,25.852,26.211,585641.033,2021-05-24 04:00:00
1621832400000,26.206,27.344,26.003,26.432,488250.726,2021-05-24 05:00:00
1621836000000,26.415,27.665,26.037,27.607,445857.511,2021-05-24 06:00:00
1621839600000,27.605,28.85,27.601,28.533,1116187.236,2021-05-24 07:00:00
1621843200000,28.548,30.182,28.146,29.75,1242338.434,2021-05-24 08:00:00
1621846800000,29.74,29.78,27.512,27.559,826120.967,2021-05-24 09:00:00
1621850400000,27.54,28.498,27.069,28.106,710088.023,2021-05-24 10:00:00
1621854000000,28.1,31.0,28.0,30.282,1046259.498,2021-05-24 11:00:00
1621857600000,30.303,32.0,29.584,30.443,1295458.791,2021-05-24 12:00:00
1621861200000,30.436,30.919,29.118,29.5,784552.273,2021-05-24 13:00:00
1621864800000,29.499,30.162,29.205,29.793,531501.269,2021-05-24 14:00:00
1621868400000,29.79,30.99,29.268,30.287,554424.57,2021-05-24 15:00:00
1621872000000,30.305,30.75,28.6,29.29,632969.375,2021-05-24 16:00:00
1621875600000,29.29,30.498,28.925,30.326,373797.137,2021-05-24 17:00:00
1621879200000,30.35,31.228,29.698,30.486,441394.977,2021-05-24 18:00:00
1621882800000,30.519,32.0,29.878,31.925,591978.543,2021-05-24 19:00:00
1621886400000,31.855,32.19,30.65,31.316,560380.989,2021-05-24 20:00:00
1621890000000,31.317,32.0,30.806,30.948,310642.093,2021-05-24 21:00:00
1621893600000,30.933,31.453,29.808,30.471,257929.573,2021-05-24 22:00:00
1621897200000,30.462,31.416,30.369,31.416,209655.975,2021-05-24 23:00:00
1621900800000,31.42,33.195,30.907,32.101,658789.869,2021-05-25 00:00:00
1621904400000,32.078,32.687,30.854,31.203,405657.37,2021-05-25 01:00:00
1621908000000,31.225,31.42,29.504,29.697,412944.394,2021-05-25 02:00:00
1621911600000,29.697,29.704,28.709,29.192,499570.528,2021-05-25 03:00:00
1621915200000,29.174,29.677,27.739,28.713,564785.315,2021-05-25 04:00:00
1621918800000,28.713,28.818,27.617,28.505,446477.577,2021-05-25 05:00:00
1621922400000,28.513,29.948,28.2,29.834,506581.828,2021-05-25 06:00:00
1621926000000,29.861,30.148,28.91,29.574,378574.786,2021-05-25 07:00:00
1621929600000,29.602,29.626,28.162,28.555,374183.375,2021-05-25 08:00:00
1621933200000,28.58,28.983,28.07,28.225,280253.4,2021-05-25 09:00:00
1621936800000,28.197,28.213,25.915,26.773,1016480.506,2021-05-25 10:00:00
1621940400000,26.756,27.5,26.226,26.313,551310.468,2021-05-25 11:00:00
1621944000000,26.277,27.171,26.108,27.028,433519.758,2021-05-25 12:00:00
1621947600000,27.025,28.742,26.961,27.845,551031.694,2021-05-25 13:00:00
1621951200000,27.845,29.583,27.762,28.864,525393.612,2021-05-25 14:00:00
1621954800000,28.836,29.674,28.107,29.5,574196.95,2021-05-25 15:00:00
1621958400000,29.578,29.97,28.961,29.293,354643.435,2021-05-25 16:00:00
1621962000000,29.306,29.871,28.572,29.166,288483.389,2021-05-25 17:00:00
1621965600000,29.205,29.341,28.831,28.925,259333.313,2021-05-25 18:00:00
1621969200000,28.906,29.3,28.152,28.381,214824.473,2021-05-25 19:00:00
1621972800000,28.412,28.955,28.31,28.874,209220.171,2021-05-25 20:00:00
1621976400000,28.874,30.0,28.813,29.934,179951.27,2021-05-25 21:00:00
1621980000000,29.96,31.29,29.948,30.927,340617.411,2021-05-25 22:00:00
1621983600000,30.925,30.975,29.78,29.973,274108.716,2021-05-25 23:00:00
1621987200000,29.985,30.584,28.858,29.516,655078.573,2021-05-26 00:00:00
1621990800000,29.523,31.535,29.284,31.11,345667.099,2021-05-26 01:00:00
1621994400000,31.109,32.387,31.097,31.679,508250.17,2021-05-26 02:00:00
1621998000000,31.68,32.499,31.398,32.487,281439.774,2021-05-26 03:00:00
1622001600000,32.497,32.7,31.404,32.618,430764.638,2021-05-26 04:00:00
1622005200000,32.621,34.0,32.48,33.122,521597.17,2021-05-26 05:00:00
1622008800000,33.12,35.648,33.027,35.259,802965.995,2021-05-26 06:00:00
1622012400000,35.264,35.55,34.785,35.029,506368.852,2021-05-26 07:00:00
1622016000000,35.044,35.288,32.992,33.951,717024.355,2021-05-26 08:00:00
1622019600000,33.939,34.748,33.806,34.577,251528.674,2021-05-26 09:00:00
1622023200000,34.599,35.2,33.838,34.912,442123.165,2021-05-26 10:00:00
1622026800000,34.913,36.35,34.284,36.176,516578.094,2021-05-26 11:00:00
1622030400000,36.187,37.25,35.838,36.158,647924.905,2021-05-26 12:00:00
1622034000000,36.148,36.166,33.3,33.48,955832.536,2021-05-26 13:00:00
1622037600000,33.48,34.95,33.239,34.304,491134.548,2021-05-26 14:00:00
1622041200000,34.306,34.489,33.352,34.301,471000.484,2021-05-26 15:00:00
1622044800000,34.289,35.23,33.705,34.048,439932.87,2021-05-26 16:00:00
1622048400000,34.046,34.679,33.26,34.628,305235.994,2021-05-26 17:00:00
1622052000000,34.644,34.7,33.866,34.297,173448.543,2021-05-26 18:00:00
1622055600000,34.293,34.3,32.678,33.535,378665.792,2021-05-26 19:00:00
1622059200000,33.536,34.693,33.366,34.14,209404.185,2021-05-26 20:00:00
1622062800000,34.108,35.0,33.913,34.939,181460.507,2021-05-26 21:00:00
1622066400000,34.936,35.4,34.704,35.252,212902.501,2021-05-26 22:00:00
1622070000000,35.261,35.769,34.85,35.43,155013.81,2021-05-26 23:00:00
1622073600000,35.427,35.594,34.273,34.611,297397.514,2021-05-27 00:00:00
1622077200000,34.624,34.63,31.724,32.075,501607.599,2021-05-27 01:00:00
1622080800000,32.068,32.807,31.715,32.238,275992.774,2021-05-27 02:00:00
1622084400000,32.238,32.256,30.976,31.852,311219.588,2021-05-27 03:00:00
1622088000000,31.851,32.455,31.423,32.403,218356.118,2021-05-27 04:00:00
1622091600000,32.42,33.269,31.757,33.239,221583.809,2021-05-27 05:00:00
1622095200000,33.237,33.368,32.524,33.209,173863.085,2021-05-27 06:00:00
1622098800000,33.215,33.462,32.751,33.133,144938.711,2021-05-27 07:00:00
1622102400000,33.149,34.613,32.351,34.075,348142.779,2021-05-27 08:00:00
1622106000000,34.049,34.548,33.832,34.074,205284.071,2021-05-27 09:00:00
1622109600000,34.078,34.5,33.752,33.819,190285.279,2021-05-27 10:00:00
1622113200000,33.832,35.245,33.811,35.054,295882.938,2021-05-27 11:00:00
1622116800000,35.054,35.272,33.762,33.795,292781.077,2021-05-27 12:00:00
1622120400000,33.766,35.0,33.759,34.425,339179.176,2021-05-27 13:00:00
1622124000000,34.439,34.99,34.439,34.676,155463.003,2021-05-27 14:00:00
1622127600000,34.688,34.78,34.0,34.165,180395.245,2021-05-27 15:00:00
1622131200000,34.14,34.25,32.775,33.265,273048.315,2021-05-27 16:00:00
1622134800000,33.278,34.476,33.157,34.38,117950.353,2021-05-27 17:00:00
1622138400000,34.363,34.5,33.745,34.31,102322.316,2021-05-27 18:00:00
1622142000000,34.311,34.567,33.822,34.439,132348.32,2021-05-27 19:00:00
1622145600000,34.467,35.445,34.212,34.481,303328.742,2021-05-27 20:00:00
1622149200000,34.492,35.058,33.688,34.94,219317.549,2021-05-27 21:00:00
1622152800000,34.956,35.081,33.917,34.121,230634.36,2021-05-27 22:00:00
1622156400000,34.126,34.251,33.385,33.747,167531.955,2021-05-27 23:00:00
1622160000000,33.761,34.551,33.29,33.46,201432.083,2021-05-28 00:00:00
1622163600000,33.475,33.652,33.02,33.472,139612.318,2021-05-28 01:00:00
1622167200000,33.478,34.085,33.326,34.045,92499.008,2021-05-28 02:00:00
1622170800000,34.033,34.033,33.346,33.824,92640.626,2021-05-28 03:00:00
1622174400000,33.829,33.845,32.201,32.353,222159.715,2021-05-28 04:00:00
1622178000000,32.34,32.66,31.085,31.418,282205.469,2021-05-28 05:00:00
1622181600000,31.413,31.6,30.0,30.629,511025.514,2021-05-28 06:00:00
1622185200000,30.655,31.312,30.241,31.046,253018.293,2021-05-28 07:00:00
1622188800000,31.034,31.282,29.652,29.981,268836.962,2021-05-28 08:00:00
1622192400000,29.974,30.059,28.63,29.587,704269.105,2021-05-28 09:00:00
1622196000000,29.585,29.975,29.07,29.515,220226.802,2021-05-28 10:00:00
1622199600000,29.515,29.669,28.211,28.48,390561.809,2021-05-28 11:00:00
1622203200000,28.51,30.817,28.27,30.628,476956.632,2021-05-28 12:00:00
1622206800000,30.651,31.827,30.642,31.663,396663.613,2021-05-28 13:00:00
1622210400000,31.662,31.842,30.78,30.939,285704.193,2021-05-28 14:00:00
1622214000000,30.938,31.453,30.714,31.149,159577.967,2021-05-28 15:00:00
1622217600000,31.149,31.275,30.197,30.337,203392.896,2021-05-28 16:00:00
1622221200000,30.355,30.98,30.186,30.748,141413.323,2021-05-28 17:00:00
1622224800000,30.766,30.871,30.209,30.712,124908.727,2021-05-28 18:00:00
1622228400000,30.697,31.5,30.545,30.815,193558.47,2021-05-28 19:00:00
1622232000000,30.803,31.239,29.229,29.287,241952.977,2021-05-28 20:00:00
1622235600000,29.293,29.697,28.0,28.48,385646.104,2021-05-28 21:00:00
1622239200000,28.48,29.243,28.275,28.448,255937.653,2021-05-28 22:00:00
1622242800000,28.446,29.155,28.3,28.989,126526.492,2021-05-28 23:00:00
1622246400000,28.993,29.643,28.634,29.543,181621.866,2021-05-29 00:00:00
1622250000000,29.542,29.81,29.402,29.533,124352.277,2021-05-29 01:00:00
1622253600000,29.541,29.751,29.119,29.273,99948.064,2021-05-29 02:00:00
1622257200000,29.266,29.986,29.059,29.451,115424.482,2021-05-29 03:00:00
1622260800000,29.449,29.587,28.435,28.547,134641.673,2021-05-29 04:00:00
1622264400000,28.544,29.785,28.516,29.48,241174.986,2021-05-29 05:00:00
1622268000000,29.48,30.066,29.435,29.603,143694.939,2021-05-29 06:00:00
1622271600000,29.603,29.802,29.102,29.139,117143.789,2021-05-29 07:00:00
1622275200000,29.126,29.393,28.5,28.62,188748.728,2021-05-29 08:00:00
1622278800000,28.584,28.784,28.093,28.678,163615.686,2021-05-29 09:00:00
1622282400000,28.658,28.811,28.445,28.576,104825.234,2021-05-29 10:00:00
1622286000000,28.576,28.844,27.641,28.728,319637.422,2021-05-29 11:00:00
1622289600000,28.749,28.749,27.746,27.811,159049.111,2021-05-29 12:00:00
1622293200000,27.817,27.835,26.754,27.357,306938.353,2021-05-29 13:00:00
1622296800000,27.355,27.683,26.755,26.997,188164.79,2021-05-29 14:00:00
1622300400000,26.998,27.049,26.376,26.982,204069.956,2021-05-29 15:00:00
1622304000000,26.981,27.518,26.57,27.517,168625.027,2021-05-29 16:00:00
1622307600000,27.479,27.495,26.216,26.379,164814.493,2021-05-29 17:00:00
1622311200000,26.349,26.745,26.05,26.496,157481.927,2021-05-29 18:00:00
1622314800000,26.5,26.526,25.713,26.041,139533.451,2021-05-29 19:00:00
1622318400000,26.041,26.317,25.7,26.201,127268.113,2021-05-29 20:00:00
1622322000000,26.221,27.385,26.144,27.187,145572.184,2021-05-29 21:00:00
1622325600000,27.185,27.389,26.804,27.242,108670.886,2021-05-29 22:00:00
1622329200000,27.234,27.683,26.907,27.388,106532.163,2021-05-29 23:00:00
1622332800000,27.407,27.672,25.956,26.248,303363.815,2021-05-30 00:00:00
1622336400000,26.246,26.25,25.801,26.064,198400.025,2021-05-30 01:00:00
1622340000000,26.033,26.605,25.586,26.551,101315.25,2021-05-30 02:00:00
1622343600000,26.574,26.918,26.314,26.764,122655.76,2021-05-30 03:00:00
1622347200000,26.797,27.272,26.682,27.09,98006.491,2021-05-30 04:00:00
1622350800000,27.091,28.372,27.073,28.259,249781.043,2021-05-30 05:00:00
1622354400000,28.274,28.983,28.272,28.982,269137.128,2021-05-30 06:00:00
1622358000000,28.984,29.612,28.635,29.578,235219.747,2021-05-30 07:00:00
1622361600000,29.581,29.781,28.954,29.195,236078.463,2021-05-30 08:00:00
1622365200000,29.18,29.392,28.813,29.141,204307.589,2021-05-30 09:00:00
1622368800000,29.149,29.242,28.763,28.799,105808.079,2021-05-30 10:00:00
1622372400000,28.8,29.448,28.519,29.412,161185.598,2021-05-30 11:00:00
1622376000000,29.409,29.469,28.296,28.62,236534.405,2021-05-30 12:00:00
1622379600000,28.62,28.818,28.425,28.729,102576.588,2021-05-30 13:00:00
1622383200000,28.715,28.728,27.67,27.716,173325.22,2021-05-30 14:00:00
1622386800000,27.702,27.946,27.388,27.803,151324.536,2021-05-30 15:00:00
1622390400000,27.801,28.191,27.583,28.08,146635.766,2021-05-30 16:00:00
1622394000000,28.075,28.834,28.053,28.721,148192.641,2021-05-30 17:00:00
1622397600000,28.708,29.374,28.675,29.275,178906.817,2021-05-30 18:00:00
1622401200000,29.285,29.436,29.021,29.109,98747.63,2021-05-30 19:00:00
1622404800000,29.094,29.491,28.763,29.155,163908.736,2021-05-30 20:00:00
1622408400000,29.155,29.2,28.793,28.916,77474.714,2021-05-30 21:00:00
1622412000000,28.911,29.12,28.527,28.628,104753.449,2021-05-30 22:00:00
1622415600000,28.623,28.8,28.423,28.588,96601.429,2021-05-30 23:00:00
1622419200000,28.573,29.029,28.208,28.363,124352.121,2021-05-31 00:00:00
1622422800000,28.336,28.505,27.627,27.712,110743.785,2021-05-31 01:00:00
1622426400000,27.683,28.081,27.489,27.933,111173.158,2021-05-31 02:00:00
1622430000000,27.923,28.07,27.585,28.059,90571.775,2021-05-31 03:00:00
1622433600000,28.042,28.178,27.639,28.129,104563.017,2021-05-31 04:00:00
1622437200000,28.117,28.54,27.887,28.393,105661.651,2021-05-31 05:00:00
1622440800000,28.393,29.371,28.367,29.234,186237.642,2021-05-31 06:00:00
1622444400000,29.226,30.787,29.185,30.599,336502.684,2021-05-31 07:00:00
1622448000000,30.603,31.77,30.3,31.65,487182.063,2021-05-31 08:00:00
1622451600000,31.637,31.876,30.858,30.966,286333.483,2021-05-31 09:00:00
1622455200000,30.968,32.3,30.964,32.092,409293.409,2021-05-31 10:00:00
1622458800000,32.092,32.414,31.51,31.55,277506.695,2021-05-31 11:00:00
1622462400000,31.549,32.107,30.941,31.03,260084.431,2021-05-31 12:00:00
1622466000000,31.032,31.736,31.006,31.216,223686.42,2021-05-31 13:00:00
1622469600000,31.22,31.315,30.533,31.179,262131.89,2021-05-31 14:00:00
1622473200000,31.186,32.797,31.151,32.646,368400.073,2021-05-31 15:00:00
1622476800000,32.642,33.014,32.358,32.799,327303.492,2021-05-31 16:00:00
1622480400000,32.788,32.83,31.712,32.044,326585.494,2021-05-31 17:00:00
1622484000000,32.045,32.061,31.298,31.59,201310.675,2021-05-31 18:00:00
1622487600000,31.577,31.824,31.31,31.607,112512.142,2021-05-31 19:00:00
1622491200000,31.607,31.927,31.415,31.451,108257.078,2021-05-31 20:00:00
1622494800000,31.435,32.156,31.353,32.141,117537.973,2021-05-31 21:00:00
1622498400000,32.146,32.355,31.924,32.14,97738.833,2021-05-31 22:00:00
1622502000000,32.167,32.977,32.153,32.75,137616.487,2021-05-31 23:00:00
1622505600000,32.759,32.923,32.428,32.434,158615.523,2021-06-01 00:00:00
1622509200000,32.449,32.48,31.4,31.679,211570.39,2021-06-01 01:00:00
1622512800000,31.699,31.862,31.241,31.816,109554.15,2021-06-01 02:00:00
1622516400000,31.81,32.43,31.68,32.207,233011.971,2021-06-01 03:00:00
1622520000000,32.208,32.514,31.925,32.279,150815.464,2021-06-01 04:00:00
1622523600000,32.28,32.964,32.104,32.856,153588.191,2021-06-01 05:00:00
1622527200000,32.859,33.285,32.194,32.463,260407.726,2021-06-01 06:00:00
1622530800000,32.478,32.718,31.899,32.121,135198.543,2021-06-01 07:00:00
1622534400000,32.122,32.327,30.6,31.083,311912.332,2021-06-01 08:00:00
1622538000000,31.095,31.436,30.701,31.07,181609.377,2021-06-01 09:00:00
1622541600000,31.085,32.029,30.94,31.903,193517.694,2021-06-01 10:00:00
1622545200000,31.904,32.211,31.7,32.057,137191.522,2021-06-01 11:00:00
1622548800000,32.057,32.066,31.013,31.074,194289.547,2021-06-01 12:00:00
1622552400000,31.076,32.199,30.805,31.935,245834.636,2021-06-01 13:00:00
1622556000000,31.939,32.291,31.29,31.493,160935.33,2021-06-01 14:00:00
1622559600000,31.478,31.478,30.82,31.185,176548.617,2021-06-01 15:00:00
1622563200000,31.202,31.464,30.778,30.866,154941.389,2021-06-01 16:00:00
1622566800000,30.866,31.149,30.567,31.092,118108.534,2021-06-01 17:00:00
1622570400000,31.092,31.43,31.063,31.255,73061.04,2021-06-01 18:00:00
1622574000000,31.255,31.306,29.852,30.08,280898.098,2021-06-01 19:00:00
1622577600000,30.091,30.589,30.0,30.53,162080.145,2021-06-01 20:00:00
1622581200000,30.53,30.818,30.295,30.764,87940.177,2021-06-01 21:00:00
1622584800000,30.759,30.846,30.417,30.638,75763.449,2021-06-01 22:00:00
1622588400000,30.636,31.142,30.601,30.938,79471.357,2021-06-01 23:00:00
1622592000000,30.931,31.101,30.625,30.681,99214.768,2021-06-02 00:00:00
1622595600000,30.691,30.897,30.402,30.871,52288.383,2021-06-02 01:00:00
1622599200000,30.888,31.195,30.729,30.875,81159.406,2021-06-02 02:00:00
1622602800000,30.878,31.262,30.878,31.038,86149.121,2021-06-02 03:00:00
1622606400000,31.014,31.292,30.973,31.016,93368.063,2021-06-02 04:00:00
1622610000000,31.016,31.196,30.836,31.146,82266.675,2021-06-02 05:00:00
1622613600000,31.146,31.378,31.086,31.232,69569.833,2021-06-02 06:00:00
1622617200000,31.229,31.868,31.202,31.723,191740.508,2021-06-02 07:00:00
1622620800000,31.703,31.971,31.397,31.901,137988.665,2021-06-02 08:00:00
1622624400000,31.903,32.373,31.889,32.002,150907.972,2021-06-02 09:00:00
1622628000000,32.002,32.159,31.758,32.037,102347.413,2021-06-02 10:00:00
1622631600000,32.039,32.571,31.522,32.419,239172.74,2021-06-02 11:00:00
1622635200000,32.419,34.024,32.393,33.4,451285.278,2021-06-02 12:00:00
1622638800000,33.382,33.801,33.108,33.292,279128.565,2021-06-02 13:00:00
1622642400000,33.278,34.02,33.014,33.638,316034.212,2021-06-02 14:00:00
1622646000000,33.648,34.24,33.449,33.646,286918.994,2021-06-02 15:00:00
1622649600000,33.633,35.129,33.386,34.604,534738.52,2021-06-02 16:00:00
1622653200000,34.636,34.9,33.655,34.087,193278.805,2021-06-02 17:00:00
1622656800000,34.087,34.422,33.76,34.336,222602.074,2021-06-02 18:00:00
1622660400000,34.335,34.66,34.1,34.173,209001.197,2021-06-02 19:00:00
1622664000000,34.171,34.248,33.53,34.058,256613.384,2021-06-02 20:00:00
1622667600000,34.058,34.478,33.75,34.024,130092.219,2021-06-02 21:00:00
1622671200000,34.024,34.341,33.351,34.262,161688.14,2021-06-02 22:00:00
1622674800000,34.296,34.696,33.9,33.994,121734.198,2021-06-02 23:00:00
1622678400000,33.994,34.558,33.736,34.132,157956.793,2021-06-03 00:00:00
1622682000000,34.128,34.556,33.897,33.898,116278.603,2021-06-03 01:00:00
1622685600000,33.897,35.451,33.794,35.2,346982.089,2021-06-03 02:00:00
1622689200000,35.2,35.834,34.758,35.529,194255.692,2021-06-03 03:00:00
1622692800000,35.533,35.99,35.146,35.336,199238.956,2021-06-03 04:00:00
1622696400000,35.355,36.888,35.341,36.504,263623.422,2021-06-03 05:00:00
1622700000000,36.504,37.28,36.504,36.938,260599.441,2021-06-03 06:00:00
1622703600000,36.947,37.371,36.202,36.665,287264.672,2021-06-03 07:00:00
1622707200000,36.651,37.535,36.5,36.806,220224.709,2021-06-03 08:00:00
1622710800000,36.782,37.468,36.775,37.124,244200.065,2021-06-03 09:00:00
1622714400000,37.127,37.67,36.924,37.233,236408.85,2021-06-03 10:00:00
1622718000000,37.232,37.367,36.239,36.756,312695.151,2021-06-03 11:00:00
1622721600000,36.754,38.18,36.009,38.042,423494.952,2021-06-03 12:00:00
1622725200000,38.042,39.453,37.7,39.262,847488.251,2021-06-03 13:00:00
1622728800000,39.243,39.774,38.523,38.924,715487.589,2021-06-03 14:00:00
1622732400000,38.943,39.026,38.0,38.489,313343.169,2021-06-03 15:00:00
1622736000000,38.496,39.299,38.016,39.175,351796.428,2021-06-03 16:00:00
1622739600000,39.176,39.9,39.142,39.534,425300.865,2021-06-03 17:00:00
1622743200000,39.544,39.827,38.751,38.901,301043.15,2021-06-03 18:00:00
1622746800000,38.908,39.587,38.723,39.485,165007.595,2021-06-03 19:00:00
1622750400000,39.487,41.523,39.342,40.516,786973.713,2021-06-03 20:00:00
1622754000000,40.52,40.872,39.77,40.142,223500.044,2021-06-03 21:00:00
1622757600000,40.142,40.95,39.645,39.705,218138.248,2021-06-03 22:00:00
1622761200000,39.687,40.347,39.259,39.602,250922.647,2021-06-03 23:00:00
1622764800000,39.599,39.737,38.633,38.816,273812.372,2021-06-04 00:00:00
1622768400000,38.801,38.805,36.987,37.883,717175.119,2021-06-04 01:00:00
1622772000000,37.886,39.179,36.95,38.614,542172.08,2021-06-04 02:00:00
1622775600000,38.613,39.603,38.071,38.84,316357.184,2021-06-04 03:00:00
1622779200000,38.839,39.216,37.57,37.723,203948.463,2021-06-04 04:00:00
1622782800000,37.716,38.129,36.52,36.647,431273.132,2021-06-04 05:00:00
1622786400000,36.67,37.397,36.0,36.478,369559.354,2021-06-04 06:00:00
1622790000000,36.448,37.096,34.864,36.716,693581.398,2021-06-04 07:00:00
1622793600000,36.705,38.078,35.857,37.353,524856.472,2021-06-04 08:00:00
1622797200000,37.353,37.5,36.39,37.284,377879.103,2021-06-04 09:00:00
1622800800000,37.269,37.763,35.724,35.766,348391.627,2021-06-04 10:00:00
1622804400000,35.773,36.329,34.965,35.584,347945.232,2021-06-04 11:00:00
1622808000000,35.565,37.5,34.187,36.874,806643.106,2021-06-04 12:00:00
1622811600000,36.874,37.125,36.377,36.592,252467.017,2021-06-04 13:00:00
1622815200000,36.59,36.839,35.503,36.392,354338.153,2021-06-04 14:00:00
1622818800000,36.397,38.495,35.912,38.174,419370.173,2021-06-04 15:00:00
1622822400000,38.173,38.62,37.0,37.865,518978.485,2021-06-04 16:00:00
1622826000000,37.865,38.809,37.439,38.06,263455.623,2021-06-04 17:00:00
1622829600000,38.06,38.466,37.595,37.979,204560.59,2021-06-04 18:00:00
1622833200000,37.99,38.145,37.317,37.761,153460.65,2021-06-04 19:00:00
1622836800000,37.765,38.808,37.546,38.49,154947.649,2021-06-04 20:00:00
1622840400000,38.499,39.125,38.006,38.202,197364.638,2021-06-04 21:00:00
1622844000000,38.208,38.499,37.663,38.101,123943.2,2021-06-04 22:00:00
1622847600000,38.1,38.342,36.731,37.338,229335.118,2021-06-04 23:00:00
1622851200000,37.356,39.886,36.982,39.753,347323.838,2021-06-05 00:00:00
1622854800000,39.769,40.917,39.304,40.44,306664.51,2021-06-05 01:00:00
1622858400000,40.447,42.5,40.447,42.108,667429.467,2021-06-05 02:00:00
1622862000000,42.113,42.5,41.032,41.45,456177.75,2021-06-05 03:00:00
1622865600000,41.44,42.5,41.437,41.703,283520.266,2021-06-05 04:00:00
1622869200000,41.7,42.787,41.58,42.259,321073.723,2021-06-05 05:00:00
1622872800000,42.262,42.428,41.514,41.942,263350.512,2021-06-05 06:00:00
1622876400000,41.939,42.527,41.309,41.506,258995.573,2021-06-05 07:00:00
1622880000000,41.526,41.943,40.767,41.689,309817.359,2021-06-05 08:00:00
1622883600000,41.682,41.8,39.387,40.194,410205.053,2021-06-05 09:00:00
1622887200000,40.228,41.605,40.112,40.865,525655.115,2021-06-05 10:00:00
1622890800000,40.865,41.346,39.317,40.043,493453.241,2021-06-05 11:00:00
1622894400000,40.022,41.551,39.089,41.285,691596.573,2021-06-05 12:00:00
1622898000000,41.286,41.356,39.786,39.886,391228.231,2021-06-05 13:00:00
1622901600000,39.861,40.5,39.162,39.371,389792.437,2021-06-05 14:00:00
1622905200000,39.366,40.591,39.14,40.509,307456.517,2021-06-05 15:00:00
1622908800000,40.5,40.507,39.631,40.314,258150.632,2021-06-05 16:00:00
1622912400000,40.305,40.377,39.23,39.36,208603.959,2021-06-05 17:00:00
1622916000000,39.361,39.9,39.272,39.662,156920.107,2021-06-05 18:00:00
1622919600000,39.662,40.679,39.434,39.501,315600.353,2021-06-05 19:00:00
1622923200000,39.481,40.138,39.36,39.895,196562.645,2021-06-05 20:00:00
1622926800000,39.896,39.914,37.473,37.953,551810.507,2021-06-05 21:00:00
1622930400000,37.952,39.218,37.764,38.233,322185.762,2021-06-05 22:00:00
1622934000000,38.202,39.892,38.202,39.633,221249.065,2021-06-05 23:00:00
1622937600000,39.663,39.898,38.912,38.991,276823.879,2021-06-06 00:00:00
1622941200000,38.991,40.224,38.991,40.046,203829.308,2021-06-06 01:00:00
1622944800000,40.046,40.653,39.8,39.941,230667.473,2021-06-06 02:00:00
1622948400000,39.939,40.167,39.374,39.685,146514.308,2021-06-06 03:00:00
1622952000000,39.696,40.163,39.152,39.83,206704.145,2021-06-06 04:00:00
1622955600000,39.86,40.327,39.504,40.288,119616.855,2021-06-06 05:00:00
1622959200000,40.288,40.482,39.49,39.658,190821.489,2021-06-06 06:00:00
1622962800000,39.649,40.064,39.59,39.75,89641.301,2021-06-06 07:00:00
1622966400000,39.739,40.644,39.739,40.593,185775.348,2021-06-06 08:00:00
1622970000000,40.593,41.45,40.423,41.261,298279.793,2021-06-06 09:00:00
1622973600000,41.261,41.494,40.551,40.99,289582.094,2021-06-06 10:00:00
1622977200000,41.011,41.213,40.46,40.557,152782.999,2021-06-06 11:00:00
1622980800000,40.57,42.031,40.435,41.625,367060.287,2021-06-06 12:00:00
1622984400000,41.625,42.018,40.634,40.694,375766.829,2021-06-06 13:00:00
1622988000000,40.717,42.094,40.19,41.848,530943.568,2021-06-06 14:00:00
1622991600000,41.834,43.0,41.656,42.836,400030.716,2021-06-06 15:00:00
1622995200000,42.838,43.4,42.48,43.276,434986.947,2021-06-06 16:00:00
1622998800000,43.276,43.39,42.327,42.679,302210.583,2021-06-06 17:00:00
1623002400000,42.681,42.831,41.865,42.13,323850.768,2021-06-06 18:00:00
1623006000000,42.12,42.12,41.397,41.648,188306.566,2021-06-06 19:00:00
1623009600000,41.619,42.966,41.512,42.862,248651.432,2021-06-06 20:00:00
1623013200000,42.858,42.871,42.25,42.367,159008.088,2021-06-06 21:00:00
1623016800000,42.375,42.462,41.449,42.27,241230.85,2021-06-06 22:00:00
1623020400000,42.279,42.689,41.82,42.205,188578.668,2021-06-06 23:00:00
1623024000000,42.2,42.95,41.688,42.759,314422.846,2021-06-07 00:00:00
1623027600000,42.757,43.95,42.757,43.609,342544.145,2021-06-07 01:00:00
1623031200000,43.612,43.9,43.001,43.098,138268.418,2021-06-07 02:00:00
1623034800000,43.099,43.204,42.124,42.596,340176.834,2021-06-07 03:00:00
1623038400000,42.6,43.088,42.31,42.53,147232.186,2021-06-07 04:00:00
1623042000000,42.54,43.693,42.525,43.477,204885.177,2021-06-07 05:00:00
1623045600000,43.476,44.0,42.893,43.964,343709.001,2021-06-07 06:00:00
1623049200000,43.957,44.0,43.131,43.751,313588.918,2021-06-07 07:00:00
1623052800000,43.766,44.2,43.325,43.645,283841.957,2021-06-07 08:00:00
1623056400000,43.648,43.735,43.278,43.369,184296.381,2021-06-07 09:00:00
1623060000000,43.37,43.863,43.36,43.499,213835.031,2021-06-07 10:00:00
1623063600000,43.504,43.62,43.01,43.3,188274.951,2021-06-07 11:00:00
1623067200000,43.29,44.08,43.127,43.769,294969.656,2021-06-07 12:00:00
1623070800000,43.769,43.932,43.251,43.371,205131.923,2021-06-07 13:00:00
1623074400000,43.385,43.385,41.84,42.609,524093.653,2021-06-07 14:00:00
1623078000000,42.592,42.965,42.047,42.176,248822.283,2021-06-07 15:00:00
1623081600000,42.176,42.364,41.509,41.999,261610.609,2021-06-07 16:00:00
1623085200000,41.984,42.3,41.136,41.915,384528.791,2021-06-07 17:00:00
1623088800000,41.907,42.2,41.316,41.817,267724.399,2021-06-07 18:00:00
1623092400000,41.829,42.803,41.633,42.795,292904.089,2021-06-07 19:00:00
1623096000000,42.776,42.974,39.964,41.159,534731.148,2021-06-07 20:00:00
1623099600000,41.136,41.151,38.951,39.902,783720.658,2021-06-07 21:00:00
1623103200000,39.902,40.96,39.5,40.196,421867.54,2021-06-07 22:00:00
1623106800000,40.209,40.217,37.8,38.235,814850.741,2021-06-07 23:00:00
1623110400000,38.2,39.784,37.604,38.616,675783.61,2021-06-08 00:00:00
1623114000000,38.575,38.973,38.115,38.625,280631.401,2021-06-08 01:00:00
1623117600000,38.622,38.808,35.589,36.428,721906.871,2021-06-08 02:00:00
1623121200000,36.414,37.683,35.213,37.519,753485.802,2021-06-08 03:00:00
1623124800000,37.502,38.09,36.812,37.584,547968.839,2021-06-08 04:00:00
1623128400000,37.581,37.65,35.634,36.324,801550.04,2021-06-08 05:00:00
1623132000000,36.319,36.332,35.23,35.322,447416.766,2021-06-08 06:00:00
1623135600000,35.319,37.372,34.711,36.796,1090495.382,2021-06-08 07:00:00
1623139200000,36.809,38.154,36.688,36.799,650154.796,2021-06-08 08:00:00
1623142800000,36.818,37.181,35.626,35.996,501650.961,2021-06-08 09:00:00
1623146400000,35.99,36.946,35.403,35.697,454065.299,2021-06-08 10:00:00
1623150000000,35.7,37.5,35.45,37.25,548114.902,2021-06-08 11:00:00
1623153600000,37.26,37.5,36.173,36.765,408315.209,2021-06-08 12:00:00
1623157200000,36.778,37.126,35.672,35.813,761129.864,2021-06-08 13:00:00
1623160800000,35.8,36.434,34.38,34.863,1184826.906,2021-06-08 14:00:00
1623164400000,34.863,37.0,33.6,36.683,1212342.268,2021-06-08 15:00:00
1623168000000,36.665,38.5,36.5,37.35,1221827.419,2021-06-08 16:00:00
1623171600000,37.35,38.0,36.631,38.0,480270.207,2021-06-08 17:00:00
1623175200000,37.999,40.205,37.9,39.95,1082520.728,2021-06-08 18:00:00
1623178800000,39.93,41.444,39.272,41.145,747598.614,2021-06-08 19:00:00
1623182400000,41.145,42.2,40.013,41.959,917589.799,2021-06-08 20:00:00
1623186000000,41.949,42.181,40.743,40.967,531999.357,2021-06-08 21:00:00
1623189600000,40.965,42.596,40.929,41.498,523732.248,2021-06-08 22:00:00
1623193200000,41.455,42.339,41.078,41.245,357167.387,2021-06-08 23:00:00
1623196800000,41.245,41.632,39.9,40.667,623898.113,2021-06-09 00:00:00
1623200400000,40.679,41.783,40.097,40.356,401836.42,2021-06-09 01:00:00
1623204000000,40.353,41.0,39.291,40.77,474549.175,2021-06-09 02:00:00
1623207600000,40.768,40.995,39.898,40.577,344623.909,2021-06-09 03:00:00
1623211200000,40.566,41.498,39.63,41.441,424954.766,2021-06-09 04:00:00
1623214800000,41.441,42.549,41.16,41.987,571566.335,2021-06-09 05:00:00
1623218400000,41.981,43.984,41.9,43.535,798532.977,2021-06-09 06:00:00
1623222000000,43.532,43.843,42.624,42.979,509275.751,2021-06-09 07:00:00
1623225600000,42.992,43.466,42.049,42.436,666937.445,2021-06-09 08:00:00
1623229200000,42.436,43.595,42.266,42.505,432187.971,2021-06-09 09:00:00
1623232800000,42.519,43.49,42.332,42.831,368983.894,2021-06-09 10:00:00
1623236400000,42.84,43.9,42.607,43.551,422187.381,2021-06-09 11:00:00
1623240000000,43.563,44.0,42.453,42.716,600795.091,2021-06-09 12:00:00
1623243600000,42.705,43.0,42.014,42.6,588685.397,2021-06-09 13:00:00
1623247200000,42.59,43.35,41.322,41.658,529073.347,2021-06-09 14:00:00
1623250800000,41.662,43.486,41.635,42.536,774997.206,2021-06-09 15:00:00
1623254400000,42.522,43.173,41.863,42.196,544181.402,2021-06-09 16:00:00
1623258000000,42.203,42.495,41.288,41.516,485446.939,2021-06-09 17:00:00
1623261600000,41.524,41.9,40.967,41.341,305461.536,2021-06-09 18:00:00
1623265200000,41.34,41.945,41.061,41.748,181739.238,2021-06-09 19:00:00
1623268800000,41.748,42.24,41.523,42.003,167560.2,2021-06-09 20:00:00
1623272400000,41.999,42.538,41.733,42.081,136867.954,2021-06-09 21:00:00
1623276000000,42.055,42.782,41.947,42.418,194364.205,2021-06-09 22:00:00
1623279600000,42.442,42.444,41.824,42.032,215546.284,2021-06-09 23:00:00
1623283200000,42.032,42.075,40.851,41.414,281722.405,2021-06-10 00:00:00
1623286800000,41.427,41.945,40.86,40.86,188688.269,2021-06-10 01:00:00
1623290400000,40.86,41.352,40.6,41.338,192441.306,2021-06-10 02:00:00
1623294000000,41.34,41.468,40.724,40.724,192262.49,2021-06-10 03:00:00
1623297600000,40.745,41.739,40.62,41.567,162806.185,2021-06-10 04:00:00
1623301200000,41.534,41.814,40.889,41.564,176227.824,2021-06-10 05:00:00
1623304800000,41.569,42.4,41.153,42.163,260167.597,2021-06-10 06:00:00
1623308400000,42.152,42.398,41.83,42.124,166717.898,2021-06-10 07:00:00
1623312000000,42.127,42.128,41.1,41.445,218670.864,2021-06-10 08:00:00
1623315600000,41.428,42.83,41.068,42.664,382086.56,2021-06-10 09:00:00
1623319200000,42.644,43.097,42.201,42.23,351366.393,2021-06-10 10:00:00
1623322800000,42.23,42.775,41.877,41.979,163330.911,2021-06-10 11:00:00
1623326400000,41.966,42.174,41.63,41.963,170906.976,2021-06-10 12:00:00
1623330000000,41.981,42.1,41.344,41.912,193019.725,2021-06-10 13:00:00
1623333600000,41.92,42.28,41.389,41.591,213386.561,2021-06-10 14:00:00
1623337200000,41.595,41.755,40.804,41.111,190913.843,2021-06-10 15:00:00
1623340800000,41.121,41.3,40.2,40.323,300253.34,2021-06-10 16:00:00
1623344400000,40.327,40.644,39.459,40.556,383655.283,2021-06-10 17:00:00
1623348000000,40.55,41.384,40.5,41.364,257348.808,2021-06-10 18:00:00
1623351600000,41.348,41.55,40.513,40.946,201389.734,2021-06-10 19:00:00
1623355200000,40.95,41.14,40.0,41.114,215103.535,2021-06-10 20:00:00
1623358800000,41.115,41.136,40.52,40.772,99234.292,2021-06-10 21:00:00
1623362400000,40.774,41.395,40.714,41.302,103903.126,2021-06-10 22:00:00
1623366000000,41.314,41.5,40.954,41.105,89504.146,2021-06-10 23:00:00
1623369600000,41.091,41.376,40.265,40.4,184237.805,2021-06-11 00:00:00
1623373200000,40.414,40.59,39.598,40.0,179145.309,2021-06-11 01:00:00
1623376800000,40.009,40.258,39.28,40.213,150489.663,2021-06-11 02:00:00
1623380400000,40.213,40.5,39.72,40.171,157875.921,2021-06-11 03:00:00
1623384000000,40.167,40.359,39.658,39.985,148997.125,2021-06-11 04:00:00
1623387600000,39.981,40.1,39.354,39.405,134001.059,2021-06-11 05:00:00
1623391200000,39.407,39.516,38.388,38.428,282122.12,2021-06-11 06:00:00
1623394800000,38.446,39.173,38.317,38.729,266649.208,2021-06-11 07:00:00
1623398400000,38.733,39.26,38.662,38.755,162366.654,2021-06-11 08:00:00
1623402000000,38.75,39.684,38.75,39.315,171850.633,2021-06-11 09:00:00
1623405600000,39.317,39.85,39.305,39.555,132298.95,2021-06-11 10:00:00
1623409200000,39.572,39.691,39.155,39.314,113468.956,2021-06-11 11:00:00
1623412800000,39.351,39.413,38.889,39.11,131890.671,2021-06-11 12:00:00
1623416400000,39.101,39.99,39.057,39.628,141522.078,2021-06-11 13:00:00
1623420000000,39.631,39.683,39.132,39.186,100086.77,2021-06-11 14:00:00
1623423600000,39.211,39.246,37.75,37.8,289523.256,2021-06-11 15:00:00
1623427200000,37.806,38.27,36.978,37.12,333559.397,2021-06-11 16:00:00
1623430800000,37.117,37.68,36.823,37.596,259625.472,2021-06-11 17:00:00
1623434400000,37.616,37.932,36.808,37.82,208040.155,2021-06-11 18:00:00
1623438000000,37.814,37.881,37.06,37.143,124402.682,2021-06-11 19:00:00
1623441600000,37.143,37.31,36.075,36.107,247760.019,2021-06-11 20:00:00
1623445200000,36.107,36.672,35.074,36.356,343562.596,2021-06-11 21:00:00
1623448800000,36.331,37.247,35.939,36.221,251769.217,2021-06-11 22:00:00
1623452400000,36.222,36.394,35.193,36.157,245744.362,2021-06-11 23:00:00
1623456000000,36.131,36.187,35.03,35.614,181133.461,2021-06-12 00:00:00
1623459600000,35.617,35.825,34.5,34.851,276325.041,2021-06-12 01:00:00
1623463200000,34.827,35.365,34.1,34.531,363049.285,2021-06-12 02:00:00
1623466800000,34.533,35.95,34.415,35.431,276512.429,2021-06-12 03:00:00
1623470400000,35.426,36.488,34.936,35.026,458576.744,2021-06-12 04:00:00
1623474000000,35.023,35.591,34.56,35.245,263510.641,2021-06-12 05:00:00
1623477600000,35.253,35.79,35.036,35.636,205574.349,2021-06-12 06:00:00
1623481200000,35.638,36.5,35.63,36.122,276961.954,2021-06-12 07:00:00
1623484800000,36.087,36.684,35.629,35.764,265912.719,2021-06-12 08:00:00
1623488400000,35.769,36.698,35.519,36.202,226651.005,2021-06-12 09:00:00
1623492000000,36.206,36.6,35.0,36.452,406656.875,2021-06-12 10:00:00
1623495600000,36.466,36.65,35.978,36.624,170679.254,2021-06-12 11:00:00
1623499200000,36.65,37.64,36.301,37.149,361478.993,2021-06-12 12:00:00
1623502800000,37.172,37.266,36.759,36.847,173313.644,2021-06-12 13:00:00
1623506400000,36.847,36.928,36.125,36.479,176798.238,2021-06-12 14:00:00
1623510000000,36.48,36.976,36.222,36.586,159656.953,2021-06-12 15:00:00
1623513600000,36.587,37.266,36.438,36.959,126832.775,2021-06-12 16:00:00
1623517200000,36.962,37.315,36.76,36.886,148963.732,2021-06-12 17:00:00
1623520800000,36.911,37.05,36.574,36.69,111359.255,2021-06-12 18:00:00
1623524400000,36.69,37.036,36.376,36.441,109458.323,2021-06-12 19:00:00
1623528000000,36.472,37.199,36.471,37.04,133606.171,2021-06-12 20:00:00
1623531600000,37.05,37.6,36.806,37.3,145985.64,2021-06-12 21:00:00
1623535200000,37.317,37.445,36.557,37.071,106372.268,2021-06-12 22:00:00
1623538800000,37.057,37.271,36.277,36.476,70873.249,2021-06-12 23:00:00
1623542400000,36.492,37.143,36.119,37.058,126519.912,2021-06-13 00:00:00
1623546000000,37.031,37.355,36.798,37.011,76763.156,2021-06-13 01:00:00
1623549600000,37.019,37.181,36.369,36.425,74890.977,2021-06-13 02:00:00
1623553200000,36.424,36.424,35.526,35.753,156885.338,2021-06-13 03:00:00
1623556800000,35.753,36.121,35.552,35.89,123008.167,2021-06-13 04:00:00
1623560400000,35.889,35.959,35.457,35.734,101458.871,2021-06-13 05:00:00
1623564000000,35.724,36.123,35.302,36.049,163675.474,2021-06-13 06:00:00
1623567600000,36.049,36.273,35.615,35.743,107676.697,2021-06-13 07:00:00
1623571200000,35.74,36.233,35.505,35.956,141535.913,2021-06-13 08:00:00
1623574800000,35.953,36.1,35.727,35.956,88338.538,2021-06-13 09:00:00
1623578400000,35.956,36.382,35.834,36.065,111468.15,2021-06-13 10:00:00
1623582000000,36.074,36.147,35.723,35.856,106715.449,2021-06-13 11:00:00
1623585600000,35.851,36.163,35.5,35.658,103879.511,2021-06-13 12:00:00
1623589200000,35.646,35.728,35.393,35.461,85467.877,2021-06-13 13:00:00
1623592800000,35.461,35.614,34.72,34.813,198464.008,2021-06-13 14:00:00
1623596400000,34.813,35.15,34.72,34.969,103573.094,2021-06-13 15:00:00
1623600000000,34.964,36.221,34.905,36.003,290409.626,2021-06-13 16:00:00
1623603600000,36.016,37.257,35.8,36.986,253309.304,2021-06-13 17:00:00
1623607200000,36.985,39.0,36.974,38.382,571669.803,2021-06-13 18:00:00
1623610800000,38.39,38.485,37.553,38.1,243095.353,2021-06-13 19:00:00
1623614400000,38.1,39.442,38.1,39.205,403299.112,2021-06-13 20:00:00
1623618000000,39.181,39.258,38.459,38.796,186759.103,2021-06-13 21:00:00
1623621600000,38.825,38.952,38.228,38.79,149382.554,2021-06-13 22:00:00
1623625200000,38.789,38.89,38.351,38.706,95083.125,2021-06-13 23:00:00
1623628800000,38.713,39.077,38.12,38.266,159179.568,2021-06-14 00:00:00
1623632400000,38.27,39.244,38.21,38.63,250147.393,2021-06-14 01:00:00
1623636000000,38.635,38.847,38.315,38.434,113881.827,2021-06-14 02:00:00
1623639600000,38.443,38.527,37.645,37.871,135712.852,2021-06-14 03:00:00
1623643200000,37.88,38.124,37.631,37.99,117229.469,2021-06-14 04:00:00
1623646800000,37.995,38.282,37.7,38.19,127691.494,2021-06-14 05:00:00
1623650400000,38.2,38.235,37.678,38.086,115590.741,2021-06-14 06:00:00
1623654000000,38.074,38.171,37.615,37.783,148487.168,2021-06-14 07:00:00
1623657600000,37.792,37.862,36.981,37.134,207092.187,2021-06-14 08:00:00
1623661200000,37.125,37.555,37.061,37.137,122657.387,2021-06-14 09:00:00
1623664800000,37.142,37.514,37.015,37.486,100024.014,2021-06-14 10:00:00
1623668400000,37.481,37.649,37.144,37.323,100159.814,2021-06-14 11:00:00
1623672000000,37.32,37.349,36.627,37.128,184604.337,2021-06-14 12:00:00
1623675600000,37.136,38.95,37.03,38.28,482362.551,2021-06-14 13:00:00
1623679200000,38.281,38.845,37.951,38.265,356580.72,2021-06-14 14:00:00
1623682800000,38.273,40.012,38.265,39.862,417207.146,2021-06-14 15:00:00
1623686400000,39.88,40.561,39.141,39.673,536830.656,2021-06-14 16:00:00
1623690000000,39.651,39.999,39.385,39.726,198403.743,2021-06-14 17:00:00
1623693600000,39.723,39.879,38.6,38.769,203322.039,2021-06-14 18:00:00
1623697200000,38.764,39.104,38.462,39.002,140302.64,2021-06-14 19:00:00
1623700800000,39.005,39.253,38.643,38.741,95141.316,2021-06-14 20:00:00
1623704400000,38.742,39.293,38.699,39.159,110485.465,2021-06-14 21:00:00
1623708000000,39.165,39.437,38.934,39.122,76126.159,2021-06-14 22:00:00
1623711600000,39.118,39.88,39.02,39.694,90923.593,2021-06-14 23:00:00
1623715200000,39.7,40.155,39.323,39.637,182873.437,2021-06-15 00:00:00
1623718800000,39.668,40.09,39.355,39.569,124307.588,2021-06-15 01:00:00
1623722400000,39.575,40.623,39.55,40.551,205836.153,2021-06-15 02:00:00
1623726000000,40.555,40.991,40.167,40.545,146566.739,2021-06-15 03:00:00
1623729600000,40.546,41.2,40.416,41.196,123450.367,2021-06-15 04:00:00
1623733200000,41.196,41.344,40.357,40.631,242026.754,2021-06-15 05:00:00
1623736800000,40.613,41.215,40.482,40.738,140748.881,2021-06-15 06:00:00
1623740400000,40.738,41.31,40.465,41.294,151616.394,2021-06-15 07:00:00
1623744000000,41.309,41.741,40.26,40.372,359862.814,2021-06-15 08:00:00
1623747600000,40.37,41.124,40.034,40.854,215345.093,2021-06-15 09:00:00
1623751200000,40.847,41.05,40.55,40.593,94713.476,2021-06-15 10:00:00
1623754800000,40.598,40.938,40.111,40.538,158013.388,2021-06-15 11:00:00
1623758400000,40.516,41.019,40.41,40.9,143633.636,2021-06-15 12:00:00
1623762000000,40.892,40.9,40.308,40.5,87237.42,2021-06-15 13:00:00
1623765600000,40.516,40.538,39.52,39.899,184214.928,2021-06-15 14:00:00
1623769200000,39.859,40.076,39.459,39.981,107812.669,2021-06-15 15:00:00
1623772800000,39.997,40.497,39.968,40.378,133142.179,2021-06-15 16:00:00
1623776400000,40.377,41.29,40.245,41.288,175864.895,2021-06-15 17:00:00
1623780000000,41.289,41.53,40.62,40.78,238928.635,2021-06-15 18:00:00
1623783600000,40.784,41.0,39.886,40.043,130328.874,2021-06-15 19:00:00
1623787200000,40.054,40.323,39.565,40.009,111341.636,2021-06-15 20:00:00
1623790800000,40.005,40.229,39.154,39.503,123491.005,2021-06-15 21:00:00
1623794400000,39.51,39.975,39.4,39.905,93948.654,2021-06-15 22:00:00
1623798000000,39.905,39.99,39.45,39.536,50693.946,2021-06-15 23:00:00
1623801600000,39.513,39.526,38.785,38.949,137355.482,2021-06-16 00:00:00
1623805200000,38.95,39.363,38.691,39.348,92247.54,2021-06-16 01:00:00
1623808800000,39.338,39.424,38.978,39.214,56453.715,2021-06-16 02:00:00
1623812400000,39.219,39.25,38.903,39.041,73272.58,2021-06-16 03:00:00
1623816000000,39.051,39.563,38.89,39.445,79088.036,2021-06-16 04:00:00
1623819600000,39.441,39.89,39.27,39.733,85442.4,2021-06-16 05:00:00
1623823200000,39.734,39.868,39.493,39.7,88743.388,2021-06-16 06:00:00
1623826800000,39.696,39.915,39.4,39.439,77630.123,2021-06-16 07:00:00
1623830400000,39.442,39.788,39.375,39.593,58752.284,2021-06-16 08:00:00
1623834000000,39.583,39.633,39.224,39.322,59329.787,2021-06-16 09:00:00
1623837600000,39.319,39.399,38.443,38.773,151153.8,2021-06-16 10:00:00
1623841200000,38.772,38.773,37.7,38.082,279152.274,2021-06-16 11:00:00
1623844800000,38.082,38.23,37.655,37.839,221418.442,2021-06-16 12:00:00
1623848400000,37.847,38.3,37.455,38.121,143855.905,2021-06-16 13:00:00
1623852000000,38.125,38.333,37.601,37.724,103825.58,2021-06-16 14:00:00
1623855600000,37.749,39.787,37.5,39.539,414806.417,2021-06-16 15:00:00
1623859200000,39.535,41.75,38.57,38.912,1645548.507,2021-06-16 16:00:00
1623862800000,38.897,39.53,38.6,39.444,221668.69,2021-06-16 17:00:00
1623866400000,39.439,39.996,38.633,39.565,353011.413,2021-06-16 18:00:00
1623870000000,39.565,39.868,39.432,39.499,135359.132,2021-06-16 19:00:00
1623873600000,39.499,39.685,39.176,39.315,96618.479,2021-06-16 20:00:00
1623877200000,39.301,40.523,39.133,40.269,188276.987,2021-06-16 21:00:00
1623880800000,40.271,40.524,39.086,39.533,157035.369,2021-06-16 22:00:00
1623884400000,39.528,39.839,38.728,39.728,135285.538,2021-06-16 23:00:00
1623888000000,39.73,40.3,39.444,40.055,150715.04,2021-06-17 00:00:00
1623891600000,40.078,40.5,40.015,40.052,130324.587,2021-06-17 01:00:00
1623895200000,40.041,40.564,39.904,40.194,89112.988,2021-06-17 02:00:00
1623898800000,40.178,40.421,40.053,40.291,85386.473,2021-06-17 03:00:00
1623902400000,40.298,40.471,39.803,39.967,78725.116,2021-06-17 04:00:00
1623906000000,39.947,40.265,39.855,40.042,69210.426,2021-06-17 05:00:00
1623909600000,40.061,40.95,40.04,40.673,160940.221,2021-06-17 06:00:00
1623913200000,40.672,41.044,40.667,41.005,161841.753,2021-06-17 07:00:00
1623916800000,41.006,41.068,40.414,40.656,127164.579,2021-06-17 08:00:00
1623920400000,40.67,41.192,40.555,41.191,113385.056,2021-06-17 09:00:00
1623924000000,41.192,41.264,40.823,40.896,124057.301,2021-06-17 10:00:00
1623927600000,40.9,41.099,40.551,40.646,92570.771,2021-06-17 11:00:00
1623931200000,40.666,40.722,39.614,39.823,201421.146,2021-06-17 12:00:00
1623934800000,39.825,40.08,39.422,39.971,113408.304,2021-06-17 13:00:00
1623938400000,39.971,40.75,39.683,40.559,174264.302,2021-06-17 14:00:00
1623942000000,40.559,40.577,39.916,40.27,140017.089,2021-06-17 15:00:00
1623945600000,40.27,40.385,39.51,39.646,166549.701,2021-06-17 16:00:00
1623949200000,39.646,39.755,38.211,38.4,352303.726,2021-06-17 17:00:00
1623952800000,38.412,39.166,38.332,38.947,180656.32,2021-06-17 18:00:00
1623956400000,38.955,39.507,38.786,39.291,107877.437,2021-06-17 19:00:00
1623960000000,39.279,39.579,38.574,39.27,146295.606,2021-06-17 20:00:00
1623963600000,39.238,39.644,38.89,39.106,116124.735,2021-06-17 21:00:00
1623967200000,39.117,39.179,38.555,39.1,86091.783,2021-06-17 22:00:00
1623970800000,39.101,39.5,38.907,39.265,106177.518,2021-06-17 23:00:00
1623974400000,39.259,39.31,38.73,38.871,55788.399,2021-06-18 00:00:00
1623978000000,38.873,38.916,38.475,38.715,87451.651,2021-06-18 01:00:00
1623981600000,38.693,38.931,38.2,38.778,89248.969,2021-06-18 02:00:00
1623985200000,38.776,39.342,38.716,39.172,52907.823,2021-06-18 03:00:00
1623988800000,39.19,39.322,38.883,39.179,57852.123,2021-06-18 04:00:00
1623992400000,39.188,39.502,38.76,38.947,102843.179,2021-06-18 05:00:00
1623996000000,38.915,39.074,38.55,38.643,55177.715,2021-06-18 06:00:00
1623999600000,38.652,39.102,38.631,39.015,54358.744,2021-06-18 07:00:00
1624003200000,39.018,39.13,38.841,39.044,57983.619,2021-06-18 08:00:00
1624006800000,39.047,39.1,38.2,38.242,85308.842,2021-06-18 09:00:00
1624010400000,38.242,38.556,37.828,38.507,248198.757,2021-06-18 10:00:00
1624014000000,38.511,38.72,38.038,38.215,142801.76,2021-06-18 11:00:00
1624017600000,38.227,38.292,37.4,37.449,237207.016,2021-06-18 12:00:00
1624021200000,37.44,37.699,36.7,37.002,401311.604,2021-06-18 13:00:00
1624024800000,37.004,37.164,36.05,36.291,396194.36,2021-06-18 14:00:00
1624028400000,36.291,36.546,35.485,35.554,293011.818,2021-06-18 15:00:00
1624032000000,35.544,36.84,35.5,36.378,202182.617,2021-06-18 16:00:00
1624035600000,36.38,36.488,35.682,35.734,198339.325,2021-06-18 17:00:00
1624039200000,35.708,35.896,34.898,35.55,278671.492,2021-06-18 18:00:00
1624042800000,35.539,36.105,35.3,35.414,226624.01,2021-06-18 19:00:00
1624046400000,35.409,36.84,35.291,36.412,195618.891,2021-06-18 20:00:00
1624050000000,36.403,36.864,36.232,36.796,89375.691,2021-06-18 21:00:00
1624053600000,36.811,36.816,36.0,36.478,99642.186,2021-06-18 22:00:00
1624057200000,36.455,36.82,36.176,36.82,69038.215,2021-06-18 23:00:00
1624060800000,36.802,37.28,36.603,36.849,131404.456,2021-06-19 00:00:00
1624064400000,36.843,37.318,36.774,36.961,96059.191,2021-06-19 01:00:00
1624068000000,36.99,37.13,36.06,36.196,101270.612,2021-06-19 02:00:00
1624071600000,36.2,36.282,35.01,35.68,252175.766,2021-06-19 03:00:00
1624075200000,35.684,35.931,35.308,35.672,92969.676,2021-06-19 04:00:00
1624078800000,35.688,36.182,35.684,36.121,59539.247,2021-06-19 05:00:00
1624082400000,36.132,36.399,35.962,36.192,79847.281,2021-06-19 06:00:00
1624086000000,36.216,36.349,35.775,36.331,58492.22,2021-06-19 07:00:00
1624089600000,36.327,36.37,36.032,36.243,45333.227,2021-06-19 08:00:00
1624093200000,36.25,36.393,35.768,35.916,78340.254,2021-06-19 09:00:00
1624096800000,35.917,36.198,35.768,35.896,60900.493,2021-06-19 10:00:00
1624100400000,35.896,36.463,35.896,36.343,79886.338,2021-06-19 11:00:00
1624104000000,36.345,36.95,35.858,36.231,168124.723,2021-06-19 12:00:00
1624107600000,36.231,36.293,35.852,36.042,87479.62,2021-06-19 13:00:00
1624111200000,36.043,36.488,35.982,36.424,76123.653,2021-06-19 14:00:00
1624114800000,36.436,36.48,35.887,36.268,63127.431,2021-06-19 15:00:00
1624118400000,36.27,36.386,35.797,35.955,78961.181,2021-06-19 16:00:00
1624122000000,35.954,35.989,35.643,35.688,71273.097,2021-06-19 17:00:00
1624125600000,35.68,35.681,34.901,35.359,161366.263,2021-06-19 18:00:00
1624129200000,35.355,35.91,35.256,35.566,87923.495,2021-06-19 19:00:00
1624132800000,35.547,35.772,35.31,35.651,103112.671,2021-06-19 20:00:00
1624136400000,35.657,36.037,35.636,35.77,59912.248,2021-06-19 21:00:00
1624140000000,35.782,35.806,35.1,35.571,68042.106,2021-06-19 22:00:00
1624143600000,35.568,35.768,35.107,35.19,54972.779,2021-06-19 23:00:00
1624147200000,35.195,35.427,34.329,34.988,160442.784,2021-06-20 00:00:00
1624150800000,34.988,35.276,34.822,35.1,45061.632,2021-06-20 01:00:00
1624154400000,35.094,35.094,34.456,34.997,53867.954,2021-06-20 02:00:00
1624158000000,34.985,35.253,34.733,34.972,47511.078,2021-06-20 03:00:00
1624161600000,34.968,35.482,34.874,35.449,40350.822,2021-06-20 04:00:00
1624165200000,35.439,35.638,35.336,35.48,43270.048,2021-06-20 05:00:00
1624168800000,35.496,35.61,35.219,35.316,43282.613,2021-06-20 06:00:00
1624172400000,35.3,35.495,34.984,35.318,61948.92,2021-06-20 07:00:00
1624176000000,35.328,35.434,34.9,35.055,49674.24,2021-06-20 08:00:00
1624179600000,35.047,35.15,34.435,34.474,87175.033,2021-06-20 09:00:00
1624183200000,34.475,34.577,32.633,33.187,582063.558,2021-06-20 10:00:00
1624186800000,33.193,33.367,32.237,32.493,282876.005,2021-06-20 11:00:00
1624190400000,32.491,33.118,31.3,32.992,515250.28,2021-06-20 12:00:00
1624194000000,32.996,33.565,32.615,32.688,299309.326,2021-06-20 13:00:00
1624197600000,32.664,33.428,32.149,33.428,196841.749,2021-06-20 14:00:00
1624201200000,33.428,34.5,33.22,33.764,280616.953,2021-06-20 15:00:00
1624204800000,33.759,34.399,33.5,33.828,151979.493,2021-06-20 16:00:00
1624208400000,33.838,34.253,33.481,33.7,152489.235,2021-06-20 17:00:00
1624212000000,33.698,34.368,33.629,34.321,96294.11,2021-06-20 18:00:00
1624215600000,34.34,35.48,34.218,35.019,255763.408,2021-06-20 19:00:00
1624219200000,35.035,35.949,34.951,35.781,187748.727,2021-06-20 20:00:00
1624222800000,35.788,35.937,35.0,35.015,156301.399,2021-06-20 21:00:00
1624226400000,35.038,35.281,34.744,35.152,91564.921,2021-06-20 22:00:00
1624230000000,35.147,35.423,34.923,35.257,57137.242,2021-06-20 23:00:00
1624233600000,35.248,35.499,34.56,35.023,88219.832,2021-06-21 00:00:00
1624237200000,35.031,35.165,33.91,33.994,93268.596,2021-06-21 01:00:00
1624240800000,33.977,34.274,32.821,33.241,232353.925,2021-06-21 02:00:00
1624244400000,33.221,33.264,32.571,32.77,118765.656,2021-06-21 03:00:00
1624248000000,32.771,32.828,31.18,32.797,387804.154,2021-06-21 04:00:00
1624251600000,32.798,33.3,32.062,33.146,270150.085,2021-06-21 05:00:00
1624255200000,33.144,33.392,30.179,30.877,603717.46,2021-06-21 06:00:00
1624258800000,30.873,31.842,30.569,31.071,322064.596,2021-06-21 07:00:00
1624262400000,31.062,31.641,30.678,31.109,224479.07,2021-06-21 08:00:00
1624266000000,31.106,31.872,30.317,31.335,413595.822,2021-06-21 09:00:00
1624269600000,31.327,31.857,29.734,29.877,481474.263,2021-06-21 10:00:00
1624273200000,29.882,30.911,28.353,30.498,905735.697,2021-06-21 11:00:00
1624276800000,30.498,30.738,29.326,29.779,447744.943,2021-06-21 12:00:00
1624280400000,29.791,31.349,29.01,31.309,513937.702,2021-06-21 13:00:00
1624284000000,31.299,31.4,30.163,30.287,320219.871,2021-06-21 14:00:00
1624287600000,30.297,30.433,29.017,29.642,328774.04,2021-06-21 15:00:00
1624291200000,29.684,30.022,28.442,28.535,366175.201,2021-06-21 16:00:00
1624294800000,28.52,29.171,27.506,27.715,374345.272,2021-06-21 17:00:00
1624298400000,27.741,29.024,27.673,28.835,184974.247,2021-06-21 18:00:00
1624302000000,28.836,28.93,27.801,28.58,149326.984,2021-06-21 19:00:00
1624305600000,28.596,28.75,28.0,28.315,129344.137,2021-06-21 20:00:00
1624309200000,28.311,28.33,26.53,26.752,439912.342,2021-06-21 21:00:00
1624312800000,26.774,28.0,25.925,25.989,434135.384,2021-06-21 22:00:00
1624316400000,25.989,27.468,25.972,26.59,383397.348,2021-06-21 23:00:00
1624320000000,26.597,27.016,25.0,26.95,684913.872,2021-06-22 00:00:00
1624323600000,26.935,28.813,26.935,27.212,746363.261,2021-06-22 01:00:00
1624327200000,27.196,28.095,26.543,28.027,307327.627,2021-06-22 02:00:00
1624330800000,28.029,28.6,27.444,27.938,331136.528,2021-06-22 03:00:00
1624334400000,27.972,28.113,27.162,27.692,236025.552,2021-06-22 04:00:00
1624338000000,27.716,28.039,26.422,26.532,181950.077,2021-06-22 05:00:00
1624341600000,26.55,27.041,26.054,26.875,247014.774,2021-06-22 06:00:00
1624345200000,26.871,26.912,26.142,26.495,171135.631,2021-06-22 07:00:00
1624348800000,26.495,26.526,24.515,24.928,586031.205,2021-06-22 08:00:00
1624352400000,24.93,25.162,23.53,24.202,586113.516,2021-06-22 09:00:00
1624356000000,24.204,24.785,23.011,23.973,696468.75,2021-06-22 10:00:00
1624359600000,23.978,24.15,22.01,22.044,561513.147,2021-06-22 11:00:00
1624363200000,22.058,22.869,20.6,22.251,1777180.32,2021-06-22 12:00:00
1624366800000,22.205,22.988,20.187,21.005,1168643.676,2021-06-22 13:00:00
1624370400000,21.008,25.0,20.898,24.503,1513383.422,2021-06-22 14:00:00
1624374000000,24.586,26.754,23.639,25.66,1750643.886,2021-06-22 15:00:00
1624377600000,25.666,28.148,25.483,28.054,1348276.456,2021-06-22 16:00:00
1624381200000,28.053,28.286,26.267,27.521,701514.958,2021-06-22 17:00:00
1624384800000,27.532,27.99,26.909,27.249,486104.816,2021-06-22 18:00:00
1624388400000,27.249,27.319,26.26,26.446,455332.524,2021-06-22 19:00:00
1624392000000,26.441,27.87,26.397,27.688,309556.406,2021-06-22 20:00:00
1624395600000,27.687,27.8,26.224,26.793,320821.946,2021-06-22 21:00:00
1624399200000,26.774,27.498,26.459,27.002,259541.594,2021-06-22 22:00:00
1624402800000,26.992,27.24,25.757,26.958,361832.012,2021-06-22 23:00:00
1624406400000,26.957,29.66,25.626,29.393,1116834.587,2021-06-23 00:00:00
1624410000000,29.387,31.023,28.73,30.991,983310.429,2021-06-23 01:00:00
1624413600000,31.0,31.315,29.617,29.716,666643.889,2021-06-23 02:00:00
1624417200000,29.709,30.141,29.5,29.974,273391.246,2021-06-23 03:00:00
1624420800000,29.952,30.461,29.6,29.925,309506.653,2021-06-23 04:00:00
1624424400000,29.947,30.96,29.525,30.693,518553.544,2021-06-23 05:00:00
1624428000000,30.709,30.812,29.954,30.159,422024.516,2021-06-23 06:00:00
1624431600000,30.148,30.921,30.095,30.64,323682.453,2021-06-23 07:00:00
1624435200000,30.625,31.621,30.224,30.257,529634.319,2021-06-23 08:00:00
1624438800000,30.258,31.255,30.025,30.501,327836.136,2021-06-23 09:00:00
1624442400000,30.497,31.212,30.481,31.174,253239.035,2021-06-23 10:00:00
1624446000000,31.174,31.848,30.755,30.987,474382.285,2021-06-23 11:00:00
1624449600000,30.994,31.798,30.8,31.715,359670.125,2021-06-23 12:00:00
1624453200000,31.731,32.9,30.977,31.107,957440.6,2021-06-23 13:00:00
1624456800000,31.106,31.777,30.51,31.106,553403.762,2021-06-23 14:00:00
1624460400000,31.106,31.198,28.949,29.056,1002687.831,2021-06-23 15:00:00
1624464000000,29.056,30.799,28.905,29.962,640586.951,2021-06-23 16:00:00
1624467600000,29.962,30.067,29.18,29.6,210472.126,2021-06-23 17:00:00
1624471200000,29.6,29.902,28.37,29.342,609758.632,2021-06-23 18:00:00
1624474800000,29.298,29.589,28.358,28.45,278827.09,2021-06-23 19:00:00
1624478400000,28.445,29.6,28.3,28.994,335287.409,2021-06-23 20:00:00
1624482000000,28.994,30.014,28.825,29.752,241936.062,2021-06-23 21:00:00
1624485600000,29.736,30.592,29.5,30.417,287438.309,2021-06-23 22:00:00
1624489200000,30.417,31.041,29.73,30.837,289763.264,2021-06-23 23:00:00
1624492800000,30.835,31.279,29.874,29.952,327196.727,2021-06-24 00:00:00
1624496400000,29.956,30.385,28.682,28.977,368190.669,2021-06-24 01:00:00
1624500000000,28.999,29.244,28.53,28.72,470730.858,2021-06-24 02:00:00
1624503600000,28.701,29.95,28.501,28.982,410859.089,2021-06-24 03:00:00
1624507200000,28.981,29.362,28.481,28.767,225323.918,2021-06-24 04:00:00
1624510800000,28.752,29.681,28.632,29.334,222187.609,2021-06-24 05:00:00
1624514400000,29.33,29.383,28.628,29.188,214084.861,2021-06-24 06:00:00
1624518000000,29.178,29.95,28.956,29.429,254647.097,2021-06-24 07:00:00
1624521600000,29.441,30.055,29.316,30.048,181245.751,2021-06-24 08:00:00
1624525200000,30.048,30.436,29.656,29.902,317972.006,2021-06-24 09:00:00
1624528800000,29.917,30.247,29.73,29.993,150515.293,2021-06-24 10:00:00
1624532400000,29.982,30.811,29.977,30.731,262975.725,2021-06-24 11:00:00
1624536000000,30.728,30.993,30.13,30.467,327489.345,2021-06-24 12:00:00
1624539600000,30.477,30.512,30.0,30.376,241542.11,2021-06-24 13:00:00
1624543200000,30.394,30.777,30.138,30.721,168573.003,2021-06-24 14:00:00
1624546800000,30.712,31.63,30.569,30.719,512976.362,2021-06-24 15:00:00
1624550400000,30.725,33.0,30.269,32.38,732119.411,2021-06-24 16:00:00
1624554000000,32.363,33.0,32.058,32.828,574903.358,2021-06-24 17:00:00
1624557600000,32.856,33.0,32.226,32.284,242622.62,2021-06-24 18:00:00
1624561200000,32.3,32.527,31.553,32.108,247332.848,2021-06-24 19:00:00
1624564800000,32.108,32.5,31.657,32.264,231018.329,2021-06-24 20:00:00
1624568400000,32.26,32.392,31.9,32.276,148576.389,2021-06-24 21:00:00
1624572000000,32.276,32.301,31.65,31.863,176592.326,2021-06-24 22:00:00
1624575600000,31.884,32.085,31.137,31.141,204417.208,2021-06-24 23:00:00
1624579200000,31.144,32.176,31.1,31.425,338128.797,2021-06-25 00:00:00
1624582800000,31.418,31.947,31.1,31.929,164140.719,2021-06-25 01:00:00
1624586400000,31.927,32.8,31.831,32.323,289551.947,2021-06-25 02:00:00
1624590000000,32.333,32.8,32.034,32.679,201445.558,2021-06-25 03:00:00
1624593600000,32.652,32.989,31.951,32.171,164381.55,2021-06-25 04:00:00
1624597200000,32.176,32.36,31.432,31.687,233440.093,2021-06-25 05:00:00
1624600800000,31.669,32.26,31.636,31.96,194049.642,2021-06-25 06:00:00
1624604400000,31.947,32.001,30.819,31.265,325541.39,2021-06-25 07:00:00
1624608000000,31.261,31.47,30.555,31.315,207880.746,2021-06-25 08:00:00
1624611600000,31.323,31.826,30.346,30.389,286808.148,2021-06-25 09:00:00
1624615200000,30.4,30.998,30.228,30.775,288417.852,2021-06-25 10:00:00
1624618800000,30.777,31.029,29.393,29.574,493069.688,2021-06-25 11:00:00
1624622400000,29.593,30.357,29.02,29.703,456503.585,2021-06-25 12:00:00
1624626000000,29.703,30.083,29.171,29.779,349652.962,2021-06-25 13:00:00
1624629600000,29.788,30.792,29.21,29.43,497089.175,2021-06-25 14:00:00
1624633200000,29.429,29.84,28.65,29.058,501184.75,2021-06-25 15:00:00
1624636800000,29.07,29.604,28.1,28.712,511813.595,2021-06-25 16:00:00
1624640400000,28.7,29.37,27.949,28.28,498230.975,2021-06-25 17:00:00
1624644000000,28.308,29.5,28.166,28.739,319749.195,2021-06-25 18:00:00
1624647600000,28.74,29.78,28.411,29.416,318786.216,2021-06-25 19:00:00
1624651200000,29.417,29.671,28.97,29.517,136097.149,2021-06-25 20:00:00
1624654800000,29.5,29.5,28.777,28.986,180021.989,2021-06-25 21:00:00
1624658400000,28.964,29.39,28.32,28.367,209042.921,2021-06-25 22:00:00
1624662000000,28.38,29.299,28.31,28.641,128114.534,2021-06-25 23:00:00
1624665600000,28.619,30.181,28.32,29.903,452179.26,2021-06-26 00:00:00
1624669200000,29.904,29.985,28.638,29.523,340267.261,2021-06-26 01:00:00
1624672800000,29.527,29.699,28.632,29.209,223444.728,2021-06-26 02:00:00
1624676400000,29.255,29.56,29.051,29.203,118336.191,2021-06-26 03:00:00
1624680000000,29.219,29.895,29.1,29.744,116862.95,2021-06-26 04:00:00
1624683600000,29.763,30.0,29.4,29.553,142567.106,2021-06-26 05:00:00
1624687200000,29.549,29.999,29.071,29.157,175594.003,2021-06-26 06:00:00
1624690800000,29.148,29.27,27.171,27.309,574342.599,2021-06-26 07:00:00
1624694400000,27.288,27.689,26.659,27.116,646360.538,2021-06-26 08:00:00
1624698000000,27.119,27.98,26.84,27.778,482446.178,2021-06-26 09:00:00
1624701600000,27.792,27.946,27.339,27.799,305280.999,2021-06-26 10:00:00
1624705200000,27.779,29.011,27.779,28.806,412346.02,2021-06-26 11:00:00
1624708800000,28.794,28.99,28.019,28.019,255082.909,2021-06-26 12:00:00
1624712400000,28.041,28.75,27.232,27.47,360942.024,2021-06-26 13:00:00
1624716000000,27.468,28.528,27.098,28.127,368017.192,2021-06-26 14:00:00
1624719600000,28.141,28.51,27.688,28.43,255675.958,2021-06-26 15:00:00
1624723200000,28.408,28.478,27.433,28.184,276058.344,2021-06-26 16:00:00
1624726800000,28.184,28.487,27.686,28.401,180527.045,2021-06-26 17:00:00
1624730400000,28.401,28.619,28.189,28.441,187924.435,2021-06-26 18:00:00
1624734000000,28.423,28.574,28.158,28.275,80263.304,2021-06-26 19:00:00
1624737600000,28.259,28.316,27.702,28.002,127021.464,2021-06-26 20:00:00
1624741200000,28.0,28.147,27.655,28.094,103373.32,2021-06-26 21:00:00
1624744800000,28.091,28.829,28.076,28.805,104815.269,2021-06-26 22:00:00
1624748400000,28.805,29.754,28.582,29.698,203255.137,2021-06-26 23:00:00
1624752000000,29.691,30.0,29.186,29.764,385412.73,2021-06-27 00:00:00
1624755600000,29.769,30.841,29.594,30.489,337225.731,2021-06-27 01:00:00
1624759200000,30.489,30.929,30.251,30.737,215206.047,2021-06-27 02:00:00
1624762800000,30.739,30.919,30.33,30.65,302251.482,2021-06-27 03:00:00
1624766400000,30.661,30.857,30.206,30.435,189197.201,2021-06-27 04:00:00
1624770000000,30.443,30.592,29.862,30.044,231748.694,2021-06-27 05:00:00
1624773600000,30.044,30.333,29.623,29.911,138592.509,2021-06-27 06:00:00
1624777200000,29.885,30.685,29.876,30.613,282485.83,2021-06-27 07:00:00
1624780800000,30.609,30.8,30.169,30.207,254329.69,2021-06-27 08:00:00
1624784400000,30.216,30.55,29.773,29.983,252939.093,2021-06-27 09:00:00
1624788000000,29.983,30.491,29.869,30.357,188433.132,2021-06-27 10:00:00
1624791600000,30.36,30.85,30.194,30.445,329342.555,2021-06-27 11:00:00
1624795200000,30.458,31.2,30.319,30.596,286877.889,2021-06-27 12:00:00
1624798800000,30.596,31.1,30.385,30.585,312242.396,2021-06-27 13:00:00
1624802400000,30.583,30.78,30.269,30.523,274327.632,2021-06-27 14:00:00
1624806000000,30.517,30.546,29.987,30.17,377073.782,2021-06-27 15:00:00
1624809600000,30.17,30.5,29.952,30.089,184480.333,2021-06-27 16:00:00
1624813200000,30.074,30.22,29.837,30.096,112567.22,2021-06-27 17:00:00
1624816800000,30.092,30.1,29.75,29.874,123001.416,2021-06-27 18:00:00
1624820400000,29.862,30.077,29.601,29.917,91077.093,2021-06-27 19:00:00
1624824000000,29.917,30.058,29.74,29.769,69523.799,2021-06-27 20:00:00
1624827600000,29.783,30.189,29.618,30.0,101586.552,2021-06-27 21:00:00
1624831200000,29.999,31.411,29.958,31.32,548219.588,2021-06-27 22:00:00
1624834800000,31.337,31.95,31.075,31.897,263069.52,2021-06-27 23:00:00
1624838400000,31.883,32.0,31.218,31.418,220015.218,2021-06-28 00:00:00
1624842000000,31.419,31.567,31.0,31.0,114466.383,2021-06-28 01:00:00
1624845600000,31.0,31.499,30.961,31.212,81818.321,2021-06-28 02:00:00
1624849200000,31.228,31.625,31.21,31.44,102266.552,2021-06-28 03:00:00
1624852800000,31.44,31.569,31.073,31.307,160307.976,2021-06-28 04:00:00
1624856400000,31.332,31.552,31.245,31.485,73234.135,2021-06-28 05:00:00
1624860000000,31.497,31.633,31.288,31.515,99704.735,2021-06-28 06:00:00
1624863600000,31.526,32.75,31.39,32.548,285922.154,2021-06-28 07:00:00
1624867200000,32.544,32.96,32.157,32.575,349513.987,2021-06-28 08:00:00
1624870800000,32.576,32.69,31.94,32.041,211007.486,2021-06-28 09:00:00
1624874400000,32.02,32.173,31.475,31.69,252396.341,2021-06-28 10:00:00
1624878000000,31.681,31.834,31.453,31.584,136789.333,2021-06-28 11:00:00
1624881600000,31.586,32.335,31.448,31.715,249053.337,2021-06-28 12:00:00
1624885200000,31.707,31.738,31.307,31.4,145850.149,2021-06-28 13:00:00
1624888800000,31.405,31.841,31.315,31.816,117736.807,2021-06-28 14:00:00
1624892400000,31.817,34.34,31.713,34.035,794031.526,2021-06-28 15:00:00
1624896000000,34.049,34.081,33.281,33.757,310098.212,2021-06-28 16:00:00
1624899600000,33.76,33.783,32.831,33.205,305028.736,2021-06-28 17:00:00
1624903200000,33.205,33.715,32.908,33.526,197917.738,2021-06-28 18:00:00
1624906800000,33.512,33.844,33.283,33.53,187783.539,2021-06-28 19:00:00
1624910400000,33.524,33.933,33.2,33.682,125219.258,2021-06-28 20:00:00
1624914000000,33.682,34.31,33.483,33.866,142076.034,2021-06-28 21:00:00
1624917600000,33.866,33.938,32.8,33.069,234574.273,2021-06-28 22:00:00
1624921200000,33.067,33.094,32.554,33.001,99915.783,2021-06-28 23:00:00
1624924800000,33.018,33.813,32.8,33.663,141175.397,2021-06-29 00:00:00
1624928400000,33.668,33.769,33.112,33.307,93539.842,2021-06-29 01:00:00
1624932000000,33.299,33.569,32.724,32.762,104159.539,2021-06-29 02:00:00
1624935600000,32.771,33.275,32.665,33.133,86576.813,2021-06-29 03:00:00
1624939200000,33.13,33.63,33.1,33.297,118497.104,2021-06-29 04:00:00
1624942800000,33.323,33.432,32.965,33.322,89901.275,2021-06-29 05:00:00
1624946400000,33.321,34.0,33.076,33.917,147972.112,2021-06-29 06:00:00
1624950000000,33.928,34.0,33.37,33.478,194891.478,2021-06-29 07:00:00
1624953600000,33.478,34.23,33.274,33.949,213495.185,2021-06-29 08:00:00
1624957200000,33.95,34.278,33.781,34.195,164277.798,2021-06-29 09:00:00
1624960800000,34.199,34.5,33.698,34.421,258435.298,2021-06-29 10:00:00
1624964400000,34.414,34.467,34.1,34.313,161399.142,2021-06-29 11:00:00
1624968000000,34.315,34.98,34.151,34.644,346376.604,2021-06-29 12:00:00
1624971600000,34.649,35.35,34.513,35.327,444144.383,2021-06-29 13:00:00
1624975200000,35.322,35.837,35.182,35.288,375425.337,2021-06-29 14:00:00
1624978800000,35.295,35.571,34.82,35.28,260964.513,2021-06-29 15:00:00
1624982400000,35.282,35.69,34.738,35.546,189869.031,2021-06-29 16:00:00
1624986000000,35.538,35.666,35.0,35.172,179729.766,2021-06-29 17:00:00
1624989600000,35.183,35.235,34.572,34.813,154374.384,2021-06-29 18:00:00
1624993200000,34.82,35.021,34.61,34.795,92670.959,2021-06-29 19:00:00
1624996800000,34.801,35.0,34.118,34.219,187527.195,2021-06-29 20:00:00
1625000400000,34.232,34.826,34.143,34.743,108747.351,2021-06-29 21:00:00
1625004000000,34.743,34.845,33.8,34.348,183717.064,2021-06-29 22:00:00
1625007600000,34.345,34.727,33.656,33.97,178418.222,2021-06-29 23:00:00
1625011200000,33.974,34.247,33.214,33.663,211888.956,2021-06-30 00:00:00
1625014800000,33.664,33.795,33.211,33.743,107077.384,2021-06-30 01:00:00
1625018400000,33.74,34.0,33.52,33.722,94916.668,2021-06-30 02:00:00
1625022000000,33.723,33.73,32.103,32.24,368174.912,2021-06-30 03:00:00
1625025600000,32.244,32.666,31.819,31.881,272695.516,2021-06-30 04:00:00
1625029200000,31.869,32.696,31.768,32.371,230244.182,2021-06-30 05:00:00
1625032800000,32.37,33.04,32.313,32.78,226382.189,2021-06-30 06:00:00
1625036400000,32.759,33.542,32.53,33.515,190380.756,2021-06-30 07:00:00
1625040000000,33.514,33.799,32.351,32.545,235303.336,2021-06-30 08:00:00
1625043600000,32.536,32.969,32.058,32.438,219720.759,2021-06-30 09:00:00
1625047200000,32.451,32.959,32.411,32.714,133934.486,2021-06-30 10:00:00
1625050800000,32.718,33.313,32.645,33.005,240131.099,2021-06-30 11:00:00
1625054400000,33.018,33.3,32.449,32.623,131849.271,2021-06-30 12:00:00
1625058000000,32.622,32.709,32.1,32.573,150672.4,2021-06-30 13:00:00
1625061600000,32.57,32.728,32.085,32.161,127911.224,2021-06-30 14:00:00
1625065200000,32.179,32.321,31.555,31.923,254676.07,2021-06-30 15:00:00
1625068800000,31.914,32.25,31.621,31.811,163452.053,2021-06-30 16:00:00
1625072400000,31.816,32.691,31.816,32.663,141688.564,2021-06-30 17:00:00
1625076000000,32.637,33.46,32.429,33.427,183379.134,2021-06-30 18:00:00
1625079600000,33.427,34.488,33.075,34.322,315388.1,2021-06-30 19:00:00
1625083200000,34.321,35.368,33.846,34.62,559056.042,2021-06-30 20:00:00
1625086800000,34.62,35.25,34.579,35.239,273988.471,2021-06-30 21:00:00
1625090400000,35.208,35.6,34.812,35.417,239877.615,2021-06-30 22:00:00
1625094000000,35.412,36.0,35.368,35.51,288634.478,2021-06-30 23:00:00
1625097600000,35.51,35.567,35.077,35.223,160315.349,2021-07-01 00:00:00
1625101200000,35.239,35.457,34.551,34.785,176136.156,2021-07-01 01:00:00
1625104800000,34.784,34.855,33.928,34.2,195271.264,2021-07-01 02:00:00
1625108400000,34.2,34.593,33.624,33.794,134981.488,2021-07-01 03:00:00
1625112000000,33.78,34.523,33.715,34.438,113903.705,2021-07-01 04:00:00
1625115600000,34.478,34.566,34.012,34.459,109198.597,2021-07-01 05:00:00
1625119200000,34.458,34.96,33.049,33.289,298528.729,2021-07-01 06:00:00
1625122800000,33.283,33.545,32.351,32.391,480769.494,2021-07-01 07:00:00
1625126400000,32.387,32.95,32.33,32.807,216851.282,2021-07-01 08:00:00
1625130000000,32.795,33.192,32.394,32.668,188330.866,2021-07-01 09:00:00
1625133600000,32.668,33.112,32.17,32.849,185904.442,2021-07-01 10:00:00
1625137200000,32.851,34.35,32.783,34.262,305432.675,2021-07-01 11:00:00
1625140800000,34.261,34.35,33.65,33.849,258658.926,2021-07-01 12:00:00
1625144400000,33.846,34.155,33.12,33.161,209059.074,2021-07-01 13:00:00
1625148000000,33.16,33.503,32.839,33.267,209836.805,2021-07-01 14:00:00
1625151600000,33.266,33.829,33.196,33.486,165803.85,2021-07-01 15:00:00
1625155200000,33.478,33.675,33.147,33.191,145424.241,2021-07-01 16:00:00
1625158800000,33.201,34.196,33.119,34.062,145518.143,2021-07-01 17:00:00
1625162400000,34.055,34.232,33.42,33.568,135984.769,2021-07-01 18:00:00
1625166000000,33.595,33.715,33.034,33.694,194056.966,2021-07-01 19:00:00
1625169600000,33.681,33.897,33.385,33.848,144878.107,2021-07-01 20:00:00
1625173200000,33.825,34.113,33.532,34.043,101399.673,2021-07-01 21:00:00
1625176800000,34.015,34.283,33.839,33.839,86099.174,2021-07-01 22:00:00
1625180400000,33.839,33.982,33.26,33.271,126581.124,2021-07-01 23:00:00
1625184000000,33.27,33.99,32.965,33.988,200904.717,2021-07-02 00:00:00
1625187600000,33.99,34.017,33.069,33.2,170608.28,2021-07-02 01:00:00
1625191200000,33.212,33.282,32.65,33.023,110311.412,2021-07-02 02:00:00
1625194800000,33.01,33.049,31.983,32.197,194967.664,2021-07-02 03:00:00
1625198400000,32.167,32.731,31.95,32.349,293761.606,2021-07-02 04:00:00
1625202000000,32.349,32.4,31.5,31.815,309041.532,2021-07-02 05:00:00
1625205600000,31.814,32.06,31.367,31.854,200901.301,2021-07-02 06:00:00
1625209200000,31.833,32.533,31.735,32.48,255609.907,2021-07-02 07:00:00
1625212800000,32.492,32.749,32.067,32.237,185941.441,2021-07-02 08:00:00
1625216400000,32.237,32.266,31.494,31.719,157624.738,2021-07-02 09:00:00
1625220000000,31.723,32.139,31.5,31.924,124089.126,2021-07-02 10:00:00
1625223600000,31.96,32.265,31.68,31.893,131672.122,2021-07-02 11:00:00
1625227200000,31.893,32.255,31.733,32.128,202807.455,2021-07-02 12:00:00
1625230800000,32.128,32.69,31.977,32.405,206238.193,2021-07-02 13:00:00
1625234400000,32.4,32.945,32.102,32.935,224313.154,2021-07-02 14:00:00
1625238000000,32.944,32.996,32.512,32.975,196736.896,2021-07-02 15:00:00
1625241600000,32.994,33.01,32.652,32.8,228575.292,2021-07-02 16:00:00
1625245200000,32.807,33.198,32.611,32.827,123472.94,2021-07-02 17:00:00
1625248800000,32.839,33.135,32.756,32.935,141330.085,2021-07-02 18:00:00
1625252400000,32.936,33.312,32.823,33.255,100344.784,2021-07-02 19:00:00
1625256000000,33.26,33.38,32.649,32.712,132671.045,2021-07-02 20:00:00
1625259600000,32.71,33.176,32.687,33.051,55770.59,2021-07-02 21:00:00
1625263200000,33.053,33.776,32.955,33.68,122802.459,2021-07-02 22:00:00
1625266800000,33.677,34.217,33.404,34.0,253701.537,2021-07-02 23:00:00
1625270400000,34.001,34.308,33.492,33.643,180533.079,2021-07-03 00:00:00
1625274000000,33.64,33.938,33.48,33.779,56253.229,2021-07-03 01:00:00
1625277600000,33.786,34.016,33.609,33.866,73727.059,2021-07-03 02:00:00
1625281200000,33.849,33.857,33.217,33.517,200261.307,2021-07-03 03:00:00
1625284800000,33.517,33.634,33.343,33.574,57167.598,2021-07-03 04:00:00
1625288400000,33.573,34.157,33.333,34.102,164485.468,2021-07-03 05:00:00
1625292000000,34.105,34.25,33.711,33.764,136053.748,2021-07-03 06:00:00
1625295600000,33.759,35.0,33.632,34.783,248857.135,2021-07-03 07:00:00
1625299200000,34.771,34.998,34.548,34.782,165168.653,2021-07-03 08:00:00
1625302800000,34.782,35.39,34.777,35.096,210920.678,2021-07-03 09:00:00
1625306400000,35.1,35.406,35.007,35.207,121263.788,2021-07-03 10:00:00
1625310000000,35.219,35.252,34.765,35.1,155581.016,2021-07-03 11:00:00
1625313600000,35.101,35.3,34.729,34.786,162752.886,2021-07-03 12:00:00
1625317200000,34.788,34.91,34.462,34.8,222678.379,2021-07-03 13:00:00
1625320800000,34.8,35.041,34.625,34.876,91935.409,2021-07-03 14:00:00
1625324400000,34.877,34.99,34.626,34.818,84660.705,2021-07-03 15:00:00
1625328000000,34.82,34.9,34.636,34.78,77229.77,2021-07-03 16:00:00
1625331600000,34.778,35.198,34.772,35.077,103722.968,2021-07-03 17:00:00
1625335200000,35.09,35.147,34.719,34.736,81980.846,2021-07-03 18:00:00
1625338800000,34.739,34.898,34.658,34.828,58782.332,2021-07-03 19:00:00
1625342400000,34.844,34.9,34.503,34.729,100366.562,2021-07-03 20:00:00
1625346000000,34.72,34.78,34.252,34.261,82949.797,2021-07-03 21:00:00
1625349600000,34.271,34.49,33.898,34.418,134684.091,2021-07-03 22:00:00
1625353200000,34.404,34.552,34.033,34.498,91389.638,2021-07-03 23:00:00
1625356800000,34.497,34.546,33.964,33.98,75209.205,2021-07-04 00:00:00
1625360400000,33.989,34.14,33.625,33.66,85486.792,2021-07-04 01:00:00
1625364000000,33.66,34.087,33.533,33.95,64464.992,2021-07-04 02:00:00
1625367600000,33.947,34.118,33.816,33.817,47276.835,2021-07-04 03:00:00
1625371200000,33.817,34.593,33.74,34.55,165824.982,2021-07-04 04:00:00
1625374800000,34.55,35.189,34.475,35.034,222865.629,2021-07-04 05:00:00
1625378400000,35.034,35.371,34.846,35.277,143984.281,2021-07-04 06:00:00
1625382000000,35.287,35.448,35.127,35.343,156931.906,2021-07-04 07:00:00
1625385600000,35.343,35.531,34.896,35.13,136889.026,2021-07-04 08:00:00
1625389200000,35.141,35.337,34.929,35.265,83007.952,2021-07-04 09:00:00
1625392800000,35.266,35.4,35.089,35.377,81902.721,2021-07-04 10:00:00
1625396400000,35.381,35.398,35.1,35.172,66823.569,2021-07-04 11:00:00
1625400000000,35.169,35.248,34.347,34.452,250125.61,2021-07-04 12:00:00
1625403600000,34.459,34.78,34.383,34.699,85373.68,2021-07-04 13:00:00
1625407200000,34.693,34.97,34.637,34.886,83491.401,2021-07-04 14:00:00
1625410800000,34.886,34.995,34.69,34.895,104018.615,2021-07-04 15:00:00
1625414400000,34.895,35.284,34.852,35.03,180631.235,2021-07-04 16:00:00
1625418000000,35.029,35.205,34.878,35.105,133328.057,2021-07-04 17:00:00
1625421600000,35.113,35.181,34.955,35.069,61902.966,2021-07-04 18:00:00
1625425200000,35.071,35.122,34.929,35.019,51572.037,2021-07-04 19:00:00
1625428800000,35.018,35.069,34.77,34.929,91472.06,2021-07-04 20:00:00
1625432400000,34.924,35.33,34.835,35.282,147059.374,2021-07-04 21:00:00
1625436000000,35.277,35.281,34.18,34.236,241839.701,2021-07-04 22:00:00
1625439600000,34.247,34.551,34.053,34.28,210730.792,2021-07-04 23:00:00
1625443200000,34.278,34.384,33.86,34.091,150424.5,2021-07-05 00:00:00
1625446800000,34.09,34.262,33.871,33.95,74155.01,2021-07-05 01:00:00
1625450400000,33.927,34.099,33.595,33.843,111717.108,2021-07-05 02:00:00
1625454000000,33.851,33.944,33.446,33.63,112629.448,2021-07-05 03:00:00
1625457600000,33.631,33.939,33.27,33.709,123515.317,2021-07-05 04:00:00
1625461200000,33.701,33.997,33.625,33.976,78044.015,2021-07-05 05:00:00
1625464800000,33.991,34.209,33.866,34.198,99026.777,2021-07-05 06:00:00
1625468400000,34.187,34.187,33.72,33.993,49887.106,2021-07-05 07:00:00
1625472000000,33.999,34.035,33.656,33.834,57553.318,2021-07-05 08:00:00
1625475600000,33.844,34.015,33.785,33.961,55011.661,2021-07-05 09:00:00
1625479200000,33.965,34.49,33.919,34.381,120539.009,2021-07-05 10:00:00
1625482800000,34.365,34.413,32.941,33.166,305417.119,2021-07-05 11:00:00
1625486400000,33.162,33.485,33.064,33.319,122170.916,2021-07-05 12:00:00
1625490000000,33.322,33.664,33.086,33.325,202972.551,2021-07-05 13:00:00
1625493600000,33.326,33.389,33.15,33.311,132892.956,2021-07-05 14:00:00
1625497200000,33.323,33.323,32.63,32.768,278068.935,2021-07-05 15:00:00
1625500800000,32.772,33.052,32.758,32.9,77352.201,2021-07-05 16:00:00
1625504400000,32.904,33.087,32.37,33.049,174940.012,2021-07-05 17:00:00
1625508000000,33.048,33.331,33.016,33.138,249503.32,2021-07-05 18:00:00
1625511600000,33.15,33.438,33.134,33.235,112203.315,2021-07-05 19:00:00
1625515200000,33.239,33.356,32.806,33.016,97629.176,2021-07-05 20:00:00
1625518800000,33.014,33.667,33.01,33.526,99919.725,2021-07-05 21:00:00
1625522400000,33.526,33.55,33.235,33.327,42416.317,2021-07-05 22:00:00
1625526000000,33.327,33.453,32.823,32.908,80994.27,2021-07-05 23:00:00
1625529600000,32.908,33.408,32.883,33.348,122904.74,2021-07-06 00:00:00
1625533200000,33.333,33.474,33.007,33.049,65857.743,2021-07-06 01:00:00
1625536800000,33.044,33.362,32.956,33.349,36761.397,2021-07-06 02:00:00
1625540400000,33.361,33.385,33.03,33.345,65412.861,2021-07-06 03:00:00
1625544000000,33.339,34.18,33.323,34.058,204327.987,2021-07-06 04:00:00
1625547600000,34.065,34.396,34.0,34.307,116824.816,2021-07-06 05:00:00
1625551200000,34.318,34.368,34.0,34.101,79305.55,2021-07-06 06:00:00
1625554800000,34.111,34.351,34.078,34.224,73995.667,2021-07-06 07:00:00
1625558400000,34.228,35.041,34.15,34.762,248073.141,2021-07-06 08:00:00
1625562000000,34.781,34.902,33.625,34.002,270094.437,2021-07-06 09:00:00
1625565600000,34.014,34.044,33.309,33.47,224944.621,2021-07-06 10:00:00
1625569200000,33.467,33.938,33.352,33.722,103180.619,2021-07-06 11:00:00
1625572800000,33.718,34.533,33.526,34.474,313036.62,2021-07-06 12:00:00
1625576400000,34.488,34.584,33.773,34.19,173503.189,2021-07-06 13:00:00
1625580000000,34.182,34.3,33.644,33.885,154660.109,2021-07-06 14:00:00
1625583600000,33.875,33.875,33.4,33.818,252449.729,2021-07-06 15:00:00
1625587200000,33.823,33.879,33.335,33.665,121104.107,2021-07-06 16:00:00
1625590800000,33.657,33.666,33.203,33.471,113429.611,2021-07-06 17:00:00
1625594400000,33.464,33.789,33.305,33.606,146490.905,2021-07-06 18:00:00
1625598000000,33.605,33.799,33.452,33.687,39260.084,2021-07-06 19:00:00
1625601600000,33.698,33.779,33.38,33.509,50197.273,2021-07-06 20:00:00
1625605200000,33.509,33.54,33.226,33.37,41878.898,2021-07-06 21:00:00
1625608800000,33.37,33.746,33.244,33.668,42013.007,2021-07-06 22:00:00
1625612400000,33.66,34.42,33.56,34.226,229990.95,2021-07-06 23:00:00
1625616000000,34.221,34.432,33.82,34.245,118276.738,2021-07-07 00:00:00
1625619600000,34.257,34.75,34.231,34.709,190648.339,2021-07-07 01:00:00
1625623200000,34.72,34.774,34.316,34.583,65786.971,2021-07-07 02:00:00
1625626800000,34.582,34.857,34.487,34.799,117943.905,2021-07-07 03:00:00
1625630400000,34.81,34.826,34.54,34.723,89900.392,2021-07-07 04:00:00
1625634000000,34.724,34.865,34.612,34.735,84687.515,2021-07-07 05:00:00
1625637600000,34.74,34.817,34.544,34.696,82783.262,2021-07-07 06:00:00
1625641200000,34.686,35.387,34.669,34.998,230583.558,2021-07-07 07:00:00
1625644800000,34.999,35.282,34.85,34.91,97003.292,2021-07-07 08:00:00
1625648400000,34.928,35.279,34.577,35.162,147839.936,2021-07-07 09:00:00
1625652000000,35.156,36.555,34.724,36.399,537234.605,2021-07-07 10:00:00
1625655600000,36.392,37.2,36.195,36.949,494746.368,2021-07-07 11:00:00
1625659200000,36.946,37.599,36.855,37.3,418588.518,2021-07-07 12:00:00
1625662800000,37.301,37.38,36.785,37.141,193684.965,2021-07-07 13:00:00
1625666400000,37.138,37.217,36.509,36.548,179887.082,2021-07-07 14:00:00
1625670000000,36.544,36.65,36.089,36.264,189430.858,2021-07-07 15:00:00
1625673600000,36.264,36.879,36.215,36.596,144432.357,2021-07-07 16:00:00
1625677200000,36.59,37.399,36.315,37.282,187248.461,2021-07-07 17:00:00
1625680800000,37.283,37.965,37.222,37.85,265706.735,2021-07-07 18:00:00
1625684400000,37.858,38.1,37.412,37.551,136282.724,2021-07-07 19:00:00
1625688000000,37.545,37.76,37.211,37.515,136790.233,2021-07-07 20:00:00
1625691600000,37.512,37.582,37.0,37.3,116379.142,2021-07-07 21:00:00
1625695200000,37.293,37.769,36.921,37.239,116421.924,2021-07-07 22:00:00
1625698800000,37.243,37.244,36.274,36.673,266970.673,2021-07-07 23:00:00
1625702400000,36.667,36.934,35.735,35.93,267660.251,2021-07-08 00:00:00
1625706000000,35.921,36.382,35.809,36.153,169241.119,2021-07-08 01:00:00
1625709600000,36.169,36.653,36.091,36.374,109516.875,2021-07-08 02:00:00
1625713200000,36.37,36.733,35.555,36.61,291058.765,2021-07-08 03:00:00
1625716800000,36.626,36.658,35.904,36.589,126981.821,2021-07-08 04:00:00
1625720400000,36.574,36.824,34.597,34.626,743187.387,2021-07-08 05:00:00
1625724000000,34.626,35.692,34.598,34.941,277780.353,2021-07-08 06:00:00
1625727600000,34.949,35.377,33.857,34.183,284974.814,2021-07-08 07:00:00
1625731200000,34.167,34.85,33.75,34.788,242511.903,2021-07-08 08:00:00
1625734800000,34.77,34.865,34.346,34.577,125687.452,2021-07-08 09:00:00
1625738400000,34.577,34.887,34.4,34.499,120638.354,2021-07-08 10:00:00
1625742000000,34.499,35.118,33.972,34.976,252483.639,2021-07-08 11:00:00
1625745600000,34.968,35.306,34.643,34.77,186671.063,2021-07-08 12:00:00
1625749200000,34.762,34.949,33.701,34.001,219636.012,2021-07-08 13:00:00
1625752800000,34.002,34.284,33.87,34.12,157454.162,2021-07-08 14:00:00
1625756400000,34.129,34.477,33.955,34.344,100026.661,2021-07-08 15:00:00
1625760000000,34.341,34.424,33.6,33.867,173970.428,2021-07-08 16:00:00
1625763600000,33.875,34.196,33.78,33.937,90969.069,2021-07-08 17:00:00
1625767200000,33.961,34.027,33.65,33.898,86847.791,2021-07-08 18:00:00
1625770800000,33.899,34.035,33.5,33.976,127861.921,2021-07-08 19:00:00
1625774400000,33.977,34.069,33.623,33.688,54782.107,2021-07-08 20:00:00
1625778000000,33.692,33.989,33.322,33.33,60843.16,2021-07-08 21:00:00
1625781600000,33.347,33.401,32.654,32.906,157779.161,2021-07-08 22:00:00
1625785200000,32.912,33.485,32.906,33.142,66458.272,2021-07-08 23:00:00
1625788800000,33.134,33.195,32.021,32.121,147794.278,2021-07-09 00:00:00
1625792400000,32.117,32.51,31.976,32.474,135809.162,2021-07-09 01:00:00
1625796000000,32.468,32.946,32.342,32.899,91898.111,2021-07-09 02:00:00
1625799600000,32.9,33.784,32.802,33.412,192173.506,2021-07-09 03:00:00
1625803200000,33.4,33.588,33.123,33.4,80453.1,2021-07-09 04:00:00
1625806800000,33.39,33.646,33.184,33.226,94403.996,2021-07-09 05:00:00
1625810400000,33.229,33.363,32.797,33.037,107309.663,2021-07-09 06:00:00
1625814000000,33.038,33.068,32.639,32.969,83367.296,2021-07-09 07:00:00
1625817600000,32.96,32.974,32.472,32.574,74584.238,2021-07-09 08:00:00
1625821200000,32.56,33.17,32.551,32.856,68752.867,2021-07-09 09:00:00
1625824800000,32.873,33.121,32.668,32.84,47772.284,2021-07-09 10:00:00
1625828400000,32.831,32.846,32.33,32.466,50806.861,2021-07-09 11:00:00
1625832000000,32.448,33.138,32.198,33.078,154431.239,2021-07-09 12:00:00
1625835600000,33.095,34.0,33.057,33.902,349236.81,2021-07-09 13:00:00
1625839200000,33.905,34.46,33.728,34.146,215907.922,2021-07-09 14:00:00
1625842800000,34.163,34.321,33.875,33.923,85703.29,2021-07-09 15:00:00
1625846400000,33.936,34.141,33.531,33.643,96117.582,2021-07-09 16:00:00
1625850000000,33.643,33.849,33.4,33.769,80180.261,2021-07-09 17:00:00
1625853600000,33.788,33.837,33.219,33.26,93241.093,2021-07-09 18:00:00
1625857200000,33.268,33.346,32.756,32.947,153142.761,2021-07-09 19:00:00
1625860800000,32.945,33.183,32.825,33.116,112802.267,2021-07-09 20:00:00
1625864400000,33.136,33.53,32.987,33.405,127380.238,2021-07-09 21:00:00
1625868000000,33.4,33.769,33.389,33.741,104975.818,2021-07-09 22:00:00
1625871600000,33.743,33.775,33.166,33.315,62018.959,2021-07-09 23:00:00
1625875200000,33.315,34.215,33.236,33.749,118388.371,2021-07-10 00:00:00
1625878800000,33.758,33.875,33.376,33.436,91758.496,2021-07-10 01:00:00
1625882400000,33.435,33.789,33.197,33.364,60330.397,2021-07-10 02:00:00
1625886000000,33.369,33.636,33.052,33.284,60051.701,2021-07-10 03:00:00
1625889600000,33.284,33.614,32.921,33.055,57684.76,2021-07-10 04:00:00
1625893200000,33.037,33.25,32.788,33.07,59791.704,2021-07-10 05:00:00
1625896800000,33.065,33.485,32.964,33.4,57686.502,2021-07-10 06:00:00
1625900400000,33.373,33.394,33.14,33.362,44842.957,2021-07-10 07:00:00
1625904000000,33.368,33.39,33.167,33.261,67900.768,2021-07-10 08:00:00
1625907600000,33.248,33.69,33.198,33.264,73153.162,2021-07-10 09:00:00
1625911200000,33.259,33.475,33.0,33.053,53345.089,2021-07-10 10:00:00
1625914800000,33.041,33.196,32.459,32.777,129488.638,2021-07-10 11:00:00
1625918400000,32.776,33.324,32.621,33.128,177887.694,2021-07-10 12:00:00
1625922000000,33.137,33.2,32.445,32.498,217435.368,2021-07-10 13:00:00
1625925600000,32.498,32.943,32.157,32.402,419936.408,2021-07-10 14:00:00
1625929200000,32.402,32.645,32.305,32.361,160634.774,2021-07-10 15:00:00
1625932800000,32.353,32.833,32.255,32.582,120802.768,2021-07-10 16:00:00
1625936400000,32.575,32.575,31.578,31.846,221247.63,2021-07-10 17:00:00
1625940000000,31.824,32.0,31.706,31.923,84150.749,2021-07-10 18:00:00
1625943600000,31.91,31.983,31.477,31.822,219053.586,2021-07-10 19:00:00
1625947200000,31.802,31.815,31.025,31.545,166000.547,2021-07-10 20:00:00
1625950800000,31.531,31.713,31.335,31.652,41926.745,2021-07-10 21:00:00
1625954400000,31.652,31.943,31.646,31.863,61530.209,2021-07-10 22:00:00
1625958000000,31.875,32.0,31.613,31.693,73045.563,2021-07-10 23:00:00
1625961600000,31.716,31.982,31.548,31.86,79988.566,2021-07-11 00:00:00
1625965200000,31.85,32.193,31.641,32.009,94255.889,2021-07-11 01:00:00
1625968800000,32.01,32.144,31.721,31.726,45656.897,2021-07-11 02:00:00
1625972400000,31.726,31.916,31.577,31.686,41804.17,2021-07-11 03:00:00
1625976000000,31.683,31.707,31.38,31.598,69230.809,2021-07-11 04:00:00
1625979600000,31.597,31.799,31.521,31.778,34477.082,2021-07-11 05:00:00
1625983200000,31.785,32.067,31.646,31.717,78951.926,2021-07-11 06:00:00
1625986800000,31.704,31.984,31.3,31.626,204533.264,2021-07-11 07:00:00
1625990400000,31.627,31.887,31.479,31.853,70563.845,2021-07-11 08:00:00
1625994000000,31.847,32.025,31.71,31.889,72851.897,2021-07-11 09:00:00
1625997600000,31.888,32.348,31.88,32.131,127289.692,2021-07-11 10:00:00
1626001200000,32.125,32.26,32.055,32.211,62087.434,2021-07-11 11:00:00
1626004800000,32.218,32.292,31.911,31.973,57087.052,2021-07-11 12:00:00
1626008400000,31.975,32.119,31.814,32.09,63475.768,2021-07-11 13:00:00
1626012000000,32.092,32.181,31.925,32.035,95380.969,2021-07-11 14:00:00
1626015600000,32.035,32.568,31.956,32.39,149646.485,2021-07-11 15:00:00
1626019200000,32.391,32.424,32.057,32.312,96492.737,2021-07-11 16:00:00
1626022800000,32.309,32.351,32.024,32.026,71856.631,2021-07-11 17:00:00
1626026400000,32.027,32.107,31.926,32.037,59818.876,2021-07-11 18:00:00
1626030000000,32.029,32.08,31.95,32.001,57415.318,2021-07-11 19:00:00
1626033600000,32.001,32.097,31.89,31.928,45014.79,2021-07-11 20:00:00
1626037200000,31.905,32.513,31.845,32.412,141207.946,2021-07-11 21:00:00
1626040800000,32.447,32.544,32.205,32.237,75349.855,2021-07-11 22:00:00
1626044400000,32.24,32.259,32.011,32.182,50377.906,2021-07-11 23:00:00
1626048000000,32.173,32.25,31.952,32.118,48602.641,2021-07-12 00:00:00
1626051600000,32.118,32.166,31.975,32.07,37328.631,2021-07-12 01:00:00
1626055200000,32.069,32.396,31.966,32.35,47492.65,2021-07-12 02:00:00
1626058800000,32.35,32.696,32.306,32.535,97466.952,2021-07-12 03:00:00
1626062400000,32.549,32.681,32.354,32.365,42390.557,2021-07-12 04:00:00
1626066000000,32.358,32.426,32.138,32.191,66879.598,2021-07-12 05:00:00
1626069600000,32.187,32.278,32.102,32.221,139611.289,2021-07-12 06:00:00
1626073200000,32.221,32.379,32.11,32.204,65372.062,2021-07-12 07:00:00
1626076800000,32.213,32.329,32.103,32.174,55942.442,2021-07-12 08:00:00
1626080400000,32.17,32.24,31.875,31.887,90505.293,2021-07-12 09:00:00
1626084000000,31.888,31.89,31.254,31.625,138847.49,2021-07-12 10:00:00
1626087600000,31.601,31.66,31.342,31.348,76319.273,2021-07-12 11:00:00
1626091200000,31.349,31.634,31.265,31.551,78686.961,2021-07-12 12:00:00
1626094800000,31.562,31.632,31.317,31.585,61119.958,2021-07-12 13:00:00
1626098400000,31.586,31.683,31.355,31.387,57553.145,2021-07-12 14:00:00
1626102000000,31.378,31.386,31.066,31.083,97795.003,2021-07-12 15:00:00
1626105600000,31.083,31.196,30.237,30.41,302050.789,2021-07-12 16:00:00
1626109200000,30.401,30.579,30.252,30.308,101823.547,2021-07-12 17:00:00
1626112800000,30.307,30.491,30.037,30.25,107676.611,2021-07-12 18:00:00
1626116400000,30.242,30.846,30.011,30.361,224235.045,2021-07-12 19:00:00
1626120000000,30.352,30.614,30.103,30.475,103598.54,2021-07-12 20:00:00
1626123600000,30.468,30.656,30.415,30.578,44778.91,2021-07-12 21:00:00
1626127200000,30.578,30.977,30.556,30.794,104098.065,2021-07-12 22:00:00
1626130800000,30.81,31.008,30.671,30.77,61063.817,2021-07-12 23:00:00
1626134400000,30.77,31.096,30.574,30.865,55132.686,2021-07-13 00:00:00
1626138000000,30.861,30.97,30.481,30.897,45840.988,2021-07-13 01:00:00
1626141600000,30.897,30.969,30.626,30.696,18036.112,2021-07-13 02:00:00
1626145200000,30.683,30.964,30.641,30.8,28720.074,2021-07-13 03:00:00
1626148800000,30.818,31.012,30.752,30.874,24315.246,2021-07-13 04:00:00
1626152400000,30.887,30.971,30.012,30.026,87382.08,2021-07-13 05:00:00
1626156000000,30.029,30.573,30.026,30.289,55977.98,2021-07-13 06:00:00
1626159600000,30.307,30.672,30.307,30.492,71918.673,2021-07-13 07:00:00
1626163200000,30.498,30.795,30.483,30.553,58592.206,2021-07-13 08:00:00
1626166800000,30.565,30.586,30.3,30.545,47160.507,2021-07-13 09:00:00
1626170400000,30.547,30.643,30.22,30.297,46812.71,2021-07-13 10:00:00
1626174000000,30.296,30.345,30.039,30.125,75864.572,2021-07-13 11:00:00
1626177600000,30.124,30.201,29.177,29.279,256901.196,2021-07-13 12:00:00
1626181200000,29.268,29.54,29.107,29.4,136301.271,2021-07-13 13:00:00
1626184800000,29.399,29.925,29.35,29.905,80656.226,2021-07-13 14:00:00
1626188400000,29.905,30.315,29.81,30.255,113848.857,2021-07-13 15:00:00
1626192000000,30.256,30.331,30.0,30.157,57432.891,2021-07-13 16:00:00
1626195600000,30.158,30.268,29.846,29.962,54675.032,2021-07-13 17:00:00
1626199200000,29.956,29.97,29.437,29.465,78089.717,2021-07-13 18:00:00
1626202800000,29.461,29.664,28.961,29.027,194173.148,2021-07-13 19:00:00
1626206400000,29.029,29.384,28.81,29.328,101733.017,2021-07-13 20:00:00
1626210000000,29.325,29.5,29.151,29.439,48083.545,2021-07-13 21:00:00
1626213600000,29.437,29.529,29.001,29.31,55649.363,2021-07-13 22:00:00
1626217200000,29.31,29.473,28.931,29.136,43834.339,2021-07-13 23:00:00
1626220800000,29.154,29.281,28.433,28.563,96900.168,2021-07-14 00:00:00
1626224400000,28.553,28.792,28.205,28.529,108221.537,2021-07-14 01:00:00
1626228000000,28.536,28.753,28.462,28.696,44840.5,2021-07-14 02:00:00
1626231600000,28.688,28.73,27.706,28.159,170426.072,2021-07-14 03:00:00
1626235200000,28.149,28.362,27.925,28.066,93241.977,2021-07-14 04:00:00
1626238800000,28.066,28.273,27.363,27.663,133750.528,2021-07-14 05:00:00
1626242400000,27.668,28.277,27.405,27.734,101801.778,2021-07-14 06:00:00
1626246000000,27.732,28.174,27.716,28.1,126969.522,2021-07-14 07:00:00
1626249600000,28.1,28.306,27.672,27.744,111060.042,2021-07-14 08:00:00
1626253200000,27.764,29.027,27.536,28.858,283454.379,2021-07-14 09:00:00
1626256800000,28.86,29.43,28.737,28.981,168139.5,2021-07-14 10:00:00
1626260400000,28.98,29.292,28.874,28.999,124269.736,2021-07-14 11:00:00
1626264000000,29.0,29.116,28.761,28.947,77644.561,2021-07-14 12:00:00
1626267600000,28.947,30.51,28.947,30.428,365092.794,2021-07-14 13:00:00
1626271200000,30.436,31.2,30.436,30.923,491552.601,2021-07-14 14:00:00
1626274800000,30.923,31.019,30.346,30.582,168481.286,2021-07-14 15:00:00
1626278400000,30.582,30.699,30.35,30.566,96159.812,2021-07-14 16:00:00
1626282000000,30.561,30.692,30.406,30.623,60392.467,2021-07-14 17:00:00
1626285600000,30.618,31.5,30.554,30.758,248767.826,2021-07-14 18:00:00
1626289200000,30.765,30.859,30.436,30.5,103456.11,2021-07-14 19:00:00
1626292800000,30.497,30.969,30.484,30.794,71937.016,2021-07-14 20:00:00
1626296400000,30.798,30.979,30.611,30.619,39928.485,2021-07-14 21:00:00
1626300000000,30.629,31.184,30.603,31.09,66324.7,2021-07-14 22:00:00
1626303600000,31.07,31.393,30.78,31.365,81371.781,2021-07-14 23:00:00
1626307200000,31.365,31.381,30.783,31.085,140471.839,2021-07-15 00:00:00
1626310800000,31.104,31.485,30.908,30.936,107647.688,2021-07-15 01:00:00
1626314400000,30.95,31.07,30.688,30.787,72882.644,2021-07-15 02:00:00
1626318000000,30.793,30.838,30.557,30.582,62803.299,2021-07-15 03:00:00
1626321600000,30.594,30.65,30.018,30.372,115931.389,2021-07-15 04:00:00
1626325200000,30.341,30.55,30.192,30.482,54804.73,2021-07-15 05:00:00
1626328800000,30.463,30.465,29.657,29.88,143163.341,2021-07-15 06:00:00
1626332400000,29.88,30.867,29.554,30.374,358205.506,2021-07-15 07:00:00
1626336000000,30.372,30.722,29.907,30.3,284790.151,2021-07-15 08:00:00
1626339600000,30.306,30.84,30.151,30.663,154951.563,2021-07-15 09:00:00
1626343200000,30.653,30.824,29.193,29.35,341229.886,2021-07-15 10:00:00
1626346800000,29.364,29.551,29.11,29.142,160072.62,2021-07-15 11:00:00
1626350400000,29.14,29.573,28.751,28.972,215087.792,2021-07-15 12:00:00
1626354000000,28.973,29.42,28.777,29.295,143630.909,2021-07-15 13:00:00
1626357600000,29.302,29.53,28.814,29.087,181297.846,2021-07-15 14:00:00
1626361200000,29.063,29.239,28.762,28.765,127998.452,2021-07-15 15:00:00
1626364800000,28.769,28.901,28.0,28.351,188298.762,2021-07-15 16:00:00
1626368400000,28.354,28.593,27.975,28.424,171932.761,2021-07-15 17:00:00
1626372000000,28.417,28.644,28.258,28.496,84339.512,2021-07-15 18:00:00
1626375600000,28.487,28.831,28.402,28.663,94153.297,2021-07-15 19:00:00
1626379200000,28.661,29.043,28.656,28.873,123070.421,2021-07-15 20:00:00
1626382800000,28.865,28.901,28.494,28.521,145039.647,2021-07-15 21:00:00
1626386400000,28.527,28.8,28.4,28.705,57291.281,2021-07-15 22:00:00
1626390000000,28.7,28.819,28.065,28.545,113916.193,2021-07-15 23:00:00
1626393600000,28.562,28.816,28.144,28.647,109048.403,2021-07-16 00:00:00
1626397200000,28.662,29.05,28.657,28.94,127156.56,2021-07-16 01:00:00
1626400800000,28.958,29.478,28.95,29.266,112662.487,2021-07-16 02:00:00
1626404400000,29.293,29.417,29.099,29.164,73755.851,2021-07-16 03:00:00
1626408000000,29.165,29.478,29.039,29.135,77131.888,2021-07-16 04:00:00
1626411600000,29.147,29.266,28.512,28.671,63722.487,2021-07-16 05:00:00
1626415200000,28.662,28.671,28.333,28.435,56835.42,2021-07-16 06:00:00
1626418800000,28.438,28.748,28.135,28.334,88355.835,2021-07-16 07:00:00
1626422400000,28.334,28.339,27.455,27.736,168772.117,2021-07-16 08:00:00
1626426000000,27.735,27.841,27.49,27.602,94826.866,2021-07-16 09:00:00
1626429600000,27.616,27.625,27.0,27.369,194631.597,2021-07-16 10:00:00
1626433200000,27.358,27.395,27.066,27.147,72581.278,2021-07-16 11:00:00
1626436800000,27.134,28.25,27.101,28.153,245291.984,2021-07-16 12:00:00
1626440400000,28.152,28.38,27.727,27.827,241892.615,2021-07-16 13:00:00
1626444000000,27.835,27.997,27.783,27.963,81362.45,2021-07-16 14:00:00
1626447600000,27.968,28.351,27.638,28.325,239350.465,2021-07-16 15:00:00
1626451200000,28.319,28.35,27.844,27.949,156392.021,2021-07-16 16:00:00
1626454800000,27.95,28.031,27.502,27.57,62107.713,2021-07-16 17:00:00
1626458400000,27.579,27.61,27.283,27.4,67577.587,2021-07-16 18:00:00
1626462000000,27.389,27.464,27.032,27.146,113608.991,2021-07-16 19:00:00
1626465600000,27.131,27.301,26.715,26.72,149514.97,2021-07-16 20:00:00
1626469200000,26.734,27.146,26.618,26.736,142357.241,2021-07-16 21:00:00
1626472800000,26.736,27.052,26.514,26.532,80798.668,2021-07-16 22:00:00
1626476400000,26.535,26.791,26.196,26.271,103840.298,2021-07-16 23:00:00
1626480000000,26.269,26.854,26.0,26.854,179206.558,2021-07-17 00:00:00
1626483600000,26.843,26.86,26.01,26.216,92231.83,2021-07-17 01:00:00
1626487200000,26.224,26.529,26.005,26.284,119526.855,2021-07-17 02:00:00
1626490800000,26.287,26.473,26.11,26.232,90729.474,2021-07-17 03:00:00
1626494400000,26.226,26.552,26.112,26.49,84577.012,2021-07-17 04:00:00
1626498000000,26.483,26.785,26.354,26.52,87447.11,2021-07-17 05:00:00
1626501600000,26.521,26.863,26.413,26.82,64215.758,2021-07-17 06:00:00
1626505200000,26.82,26.85,26.32,26.625,53792.374,2021-07-17 07:00:00
1626508800000,26.626,27.164,26.143,26.73,133984.456,2021-07-17 08:00:00
1626512400000,26.746,26.935,26.434,26.488,99524.354,2021-07-17 09:00:00
1626516000000,26.48,26.488,26.013,26.017,82731.606,2021-07-17 10:00:00
1626519600000,26.017,26.497,25.979,26.451,99590.951,2021-07-17 11:00:00
1626523200000,26.451,26.643,26.343,26.517,66969.25,2021-07-17 12:00:00
1626526800000,26.518,26.7,26.217,26.439,82369.296,2021-07-17 13:00:00
1626530400000,26.437,26.548,26.341,26.435,62591.021,2021-07-17 14:00:00
1626534000000,26.435,26.536,26.229,26.527,62739.755,2021-07-17 15:00:00
1626537600000,26.533,26.844,26.435,26.499,113391.114,2021-07-17 16:00:00
1626541200000,26.495,26.732,26.369,26.602,51321.323,2021-07-17 17:00:00
1626544800000,26.598,26.819,26.454,26.722,53882.386,2021-07-17 18:00:00
1626548400000,26.716,27.258,26.716,27.132,85884.879,2021-07-17 19:00:00
1626552000000,27.144,27.836,27.141,27.167,187351.946,2021-07-17 20:00:00
1626555600000,27.167,27.403,26.949,26.984,55871.577,2021-07-17 21:00:00
1626559200000,26.997,27.101,26.79,26.999,42058.321,2021-07-17 22:00:00
1626562800000,26.99,26.995,26.587,26.802,70399.895,2021-07-17 23:00:00
1626566400000,26.789,27.552,26.672,27.396,132573.027,2021-07-18 00:00:00
1626570000000,27.4,27.756,27.4,27.634,118803.362,2021-07-18 01:00:00
1626573600000,27.632,27.748,27.479,27.558,54348.712,2021-07-18 02:00:00
1626577200000,27.56,27.585,27.242,27.497,64516.464,2021-07-18 03:00:00
1626580800000,27.499,27.531,27.223,27.271,50160.949,2021-07-18 04:00:00
1626584400000,27.279,27.352,27.117,27.294,38339.468,2021-07-18 05:00:00
1626588000000,27.298,27.374,26.862,26.936,71235.947,2021-07-18 06:00:00
1626591600000,26.934,26.998,26.738,26.893,57279.56,2021-07-18 07:00:00
1626595200000,26.9,27.101,26.847,27.072,49298.915,2021-07-18 08:00:00
1626598800000,27.069,27.443,26.969,27.235,78152.788,2021-07-18 09:00:00
1626602400000,27.238,27.34,27.089,27.279,60024.783,2021-07-18 10:00:00
1626606000000,27.278,27.399,27.092,27.39,54863.973,2021-07-18 11:00:00
1626609600000,27.384,27.478,27.248,27.32,53766.21,2021-07-18 12:00:00
1626613200000,27.315,27.326,26.86,26.95,75744.541,2021-07-18 13:00:00
1626616800000,26.941,27.19,26.258,26.355,235000.561,2021-07-18 14:00:00
1626620400000,26.359,26.903,26.233,26.586,152662.178,2021-07-18 15:00:00
1626624000000,26.584,26.8,26.482,26.664,57931.787,2021-07-18 16:00:00
1626627600000,26.655,26.877,26.596,26.75,44337.283,2021-07-18 17:00:00
1626631200000,26.749,26.923,26.731,26.821,45163.214,2021-07-18 18:00:00
1626634800000,26.819,26.9,26.757,26.786,21166.764,2021-07-18 19:00:00
1626638400000,26.766,26.861,26.635,26.71,28461.533,2021-07-18 20:00:00
1626642000000,26.713,27.1,26.644,27.054,36432.825,2021-07-18 21:00:00
1626645600000,27.059,27.221,26.361,26.504,102282.988,2021-07-18 22:00:00
1626649200000,26.504,26.949,26.4,26.673,45053.956,2021-07-18 23:00:00
1626652800000,26.679,26.71,26.214,26.32,68315.067,2021-07-19 00:00:00
1626656400000,26.323,26.323,25.83,26.033,108641.647,2021-07-19 01:00:00
1626660000000,26.013,26.183,25.9,25.964,39060.455,2021-07-19 02:00:00
1626663600000,25.964,26.172,25.598,25.956,163382.48,2021-07-19 03:00:00
1626667200000,25.961,26.2,25.877,26.112,64920.241,2021-07-19 04:00:00
1626670800000,26.111,26.198,25.999,26.114,68400.889,2021-07-19 05:00:00
1626674400000,26.128,26.198,25.949,25.987,63940.3,2021-07-19 06:00:00
1626678000000,25.982,26.065,25.668,25.718,109995.456,2021-07-19 07:00:00
1626681600000,25.718,25.874,25.54,25.548,94976.547,2021-07-19 08:00:00
1626685200000,25.549,25.699,25.274,25.371,201801.513,2021-07-19 09:00:00
1626688800000,25.38,25.406,24.966,25.08,225588.387,2021-07-19 10:00:00
1626692400000,25.068,25.371,24.79,24.802,183152.817,2021-07-19 11:00:00
1626696000000,24.798,25.0,24.074,24.109,347458.426,2021-07-19 12:00:00
1626699600000,24.125,24.808,23.975,24.166,353562.832,2021-07-19 13:00:00
1626703200000,24.16,24.719,24.117,24.657,203613.077,2021-07-19 14:00:00
1626706800000,24.646,24.788,24.139,24.189,168799.023,2021-07-19 15:00:00
1626710400000,24.185,24.277,24.021,24.195,104072.621,2021-07-19 16:00:00
1626714000000,24.186,24.554,24.127,24.284,94301.995,2021-07-19 17:00:00
1626717600000,24.281,24.353,24.071,24.12,84637.978,2021-07-19 18:00:00
1626721200000,24.13,24.407,24.103,24.382,57698.368,2021-07-19 19:00:00
1626724800000,24.397,24.436,24.282,24.31,41984.322,2021-07-19 20:00:00
1626728400000,24.322,24.644,24.317,24.36,117096.958,2021-07-19 21:00:00
1626732000000,24.36,24.74,24.253,24.408,99776.627,2021-07-19 22:00:00
1626735600000,24.408,24.86,24.408,24.509,65999.951,2021-07-19 23:00:00
1626739200000,24.524,24.982,24.384,24.489,96880.769,2021-07-20 00:00:00
1626742800000,24.498,24.547,23.591,23.659,297987.987,2021-07-20 01:00:00
1626746400000,23.653,23.816,23.319,23.347,210598.25,2021-07-20 02:00:00
1626750000000,23.342,23.426,22.723,22.86,359812.232,2021-07-20 03:00:00
1626753600000,22.864,23.2,22.718,22.871,174629.495,2021-07-20 04:00:00
1626757200000,22.868,23.0,22.724,22.83,105395.348,2021-07-20 05:00:00
1626760800000,22.836,22.95,22.777,22.926,69693.938,2021-07-20 06:00:00
1626764400000,22.929,23.17,22.924,23.095,89736.167,2021-07-20 07:00:00
1626768000000,23.102,23.25,22.676,22.703,173008.874,2021-07-20 08:00:00
1626771600000,22.71,22.886,22.1,22.256,216300.029,2021-07-20 09:00:00
1626775200000,22.265,22.774,22.116,22.669,152964.235,2021-07-20 10:00:00
1626778800000,22.672,22.983,22.618,22.887,118949.836,2021-07-20 11:00:00
1626782400000,22.887,23.262,22.855,23.04,121172.349,2021-07-20 12:00:00
1626786000000,23.043,23.103,22.61,22.828,143857.483,2021-07-20 13:00:00
1626789600000,22.83,23.406,22.653,23.372,175702.159,2021-07-20 14:00:00
1626793200000,23.374,23.941,23.247,23.803,250847.145,2021-07-20 15:00:00
1626796800000,23.804,23.923,23.34,23.345,150022.058,2021-07-20 16:00:00
1626800400000,23.34,23.736,23.333,23.447,86213.655,2021-07-20 17:00:00
1626804000000,23.45,23.783,23.35,23.73,76685.037,2021-07-20 18:00:00
1626807600000,23.729,24.055,23.621,23.805,108809.081,2021-07-20 19:00:00
1626811200000,23.811,24.117,23.803,24.009,101823.256,2021-07-20 20:00:00
1626814800000,24.019,24.033,23.56,23.623,79780.826,2021-07-20 21:00:00
1626818400000,23.619,23.748,23.207,23.351,78944.081,2021-07-20 22:00:00
1626822000000,23.336,24.106,23.336,23.474,115614.252,2021-07-20 23:00:00
1626825600000,23.484,23.623,23.06,23.115,90527.947,2021-07-21 00:00:00
1626829200000,23.118,23.34,22.8,23.001,135876.43,2021-07-21 01:00:00
1626832800000,23.003,23.831,23.003,23.618,236092.25,2021-07-21 02:00:00
1626836400000,23.631,24.089,23.531,24.064,162814.419,2021-07-21 03:00:00
1626840000000,24.064,25.248,24.041,25.049,389375.138,2021-07-21 04:00:00
1626843600000,25.049,25.35,24.84,25.241,215611.217,2021-07-21 05:00:00
1626847200000,25.235,25.649,25.2,25.606,172927.814,2021-07-21 06:00:00
1626850800000,25.611,26.0,25.158,25.711,230659.466,2021-07-21 07:00:00
1626854400000,25.7,25.758,25.335,25.48,129918.391,2021-07-21 08:00:00
1626858000000,25.486,25.999,25.418,25.996,162331.93,2021-07-21 09:00:00
1626861600000,25.984,26.516,25.735,25.955,299614.311,2021-07-21 10:00:00
1626865200000,25.953,26.32,25.9,26.207,164075.289,2021-07-21 11:00:00
1626868800000,26.212,26.337,25.754,25.763,150899.535,2021-07-21 12:00:00
1626872400000,25.761,26.156,25.761,26.084,127808.005,2021-07-21 13:00:00
1626876000000,26.095,26.5,26.043,26.482,212708.409,2021-07-21 14:00:00
1626879600000,26.497,27.1,26.433,26.954,220509.457,2021-07-21 15:00:00
1626883200000,26.957,27.461,26.754,26.775,247083.991,2021-07-21 16:00:00
1626886800000,26.776,26.854,26.345,26.832,187093.218,2021-07-21 17:00:00
1626890400000,26.836,27.321,25.858,25.91,328118.21,2021-07-21 18:00:00
1626894000000,25.903,26.16,25.232,25.532,292266.73,2021-07-21 19:00:00
1626897600000,25.541,25.879,25.27,25.812,172590.376,2021-07-21 20:00:00
1626901200000,25.81,25.968,25.578,25.936,61954.827,2021-07-21 21:00:00
1626904800000,25.916,26.642,25.909,26.605,78677.496,2021-07-21 22:00:00
1626908400000,26.61,26.729,26.125,26.7,92458.151,2021-07-21 23:00:00
1626912000000,26.706,27.149,26.508,26.712,161185.371,2021-07-22 00:00:00
1626915600000,26.717,26.72,26.36,26.535,95111.433,2021-07-22 01:00:00
1626919200000,26.532,26.532,25.94,25.94,112930.172,2021-07-22 02:00:00
1626922800000,25.942,26.369,25.91,26.3,59687.148,2021-07-22 03:00:00
1626926400000,26.306,27.091,26.2,27.084,114004.826,2021-07-22 04:00:00
1626930000000,27.09,27.127,26.314,26.366,101400.942,2021-07-22 05:00:00
1626933600000,26.349,26.889,26.308,26.856,77143.177,2021-07-22 06:00:00
1626937200000,26.844,27.294,26.79,27.023,155350.888,2021-07-22 07:00:00
1626940800000,27.036,27.598,26.83,27.425,181007.154,2021-07-22 08:00:00
1626944400000,27.42,27.548,26.532,26.784,170911.182,2021-07-22 09:00:00
1626948000000,26.779,27.15,26.521,26.78,103243.676,2021-07-22 10:00:00
1626951600000,26.797,26.963,26.523,26.729,92118.54,2021-07-22 11:00:00
1626955200000,26.735,27.155,26.321,27.061,156526.284,2021-07-22 12:00:00
1626958800000,27.061,27.151,26.84,26.887,68571.654,2021-07-22 13:00:00
1626962400000,26.887,27.2,26.852,27.188,96942.571,2021-07-22 14:00:00
1626966000000,27.181,27.798,27.165,27.795,215494.469,2021-07-22 15:00:00
1626969600000,27.796,28.069,27.664,27.764,177064.569,2021-07-22 16:00:00
1626973200000,27.773,28.17,27.748,27.976,103772.515,2021-07-22 17:00:00
1626976800000,27.971,28.113,27.742,27.765,89595.811,2021-07-22 18:00:00
1626980400000,27.754,27.89,27.741,27.888,38751.063,2021-07-22 19:00:00
1626984000000,27.889,27.996,27.73,27.789,67063.724,2021-07-22 20:00:00
1626987600000,27.777,27.99,27.312,27.328,81686.313,2021-07-22 21:00:00
1626991200000,27.328,27.685,27.282,27.47,82376.999,2021-07-22 22:00:00
1626994800000,27.488,27.748,27.333,27.699,41842.663,2021-07-22 23:00:00
1626998400000,27.7,27.8,27.278,27.76,86840.268,2021-07-23 00:00:00
1627002000000,27.77,28.315,27.753,28.281,102865.604,2021-07-23 01:00:00
1627005600000,28.295,28.713,28.085,28.587,180912.975,2021-07-23 02:00:00
1627009200000,28.582,28.682,28.156,28.281,101754.41,2021-07-23 03:00:00
1627012800000,28.281,28.52,27.946,28.183,164997.089,2021-07-23 04:00:00
1627016400000,28.179,28.609,28.139,28.354,117418.201,2021-07-23 05:00:00
1627020000000,28.363,28.393,28.038,28.088,94146.837,2021-07-23 06:00:00
1627023600000,28.088,28.127,27.421,27.92,181123.924,2021-07-23 07:00:00
1627027200000,27.926,27.933,27.23,27.334,155514.718,2021-07-23 08:00:00
1627030800000,27.323,27.499,27.086,27.219,125698.048,2021-07-23 09:00:00
1627034400000,27.219,27.39,27.105,27.225,78743.019,2021-07-23 10:00:00
1627038000000,27.225,27.85,27.202,27.537,161376.626,2021-07-23 11:00:00
1627041600000,27.519,27.676,27.301,27.62,83472.261,2021-07-23 12:00:00
1627045200000,27.62,27.802,27.504,27.765,85345.585,2021-07-23 13:00:00
1627048800000,27.766,27.87,27.578,27.642,59187.749,2021-07-23 14:00:00
1627052400000,27.639,27.668,26.7,26.877,244713.257,2021-07-23 15:00:00
1627056000000,26.88,26.892,26.385,26.546,260076.332,2021-07-23 16:00:00
1627059600000,26.54,26.791,26.463,26.759,93683.67,2021-07-23 17:00:00
1627063200000,26.767,26.767,26.492,26.61,71569.422,2021-07-23 18:00:00
1627066800000,26.608,26.711,26.556,26.606,39319.713,2021-07-23 19:00:00
1627070400000,26.609,27.057,26.546,27.0,91427.076,2021-07-23 20:00:00
1627074000000,26.999,27.396,26.911,27.291,62623.571,2021-07-23 21:00:00
1627077600000,27.29,27.828,27.198,27.807,177480.23,2021-07-23 22:00:00
1627081200000,27.818,28.54,27.672,28.516,220229.736,2021-07-23 23:00:00
1627084800000,28.53,29.0,28.25,28.662,187608.636,2021-07-24 00:00:00
1627088400000,28.643,28.803,28.431,28.781,101742.743,2021-07-24 01:00:00
1627092000000,28.781,28.871,28.625,28.756,55938.985,2021-07-24 02:00:00
1627095600000,28.754,28.793,28.369,28.7,91672.646,2021-07-24 03:00:00
1627099200000,28.713,28.904,28.534,28.618,55511.493,2021-07-24 04:00:00
1627102800000,28.636,29.243,28.531,28.891,212617.869,2021-07-24 05:00:00
1627106400000,28.899,29.517,28.874,29.46,176794.924,2021-07-24 06:00:00
1627110000000,29.448,29.459,28.702,28.75,127272.909,2021-07-24 07:00:00
1627113600000,28.754,28.829,28.223,28.433,127412.4,2021-07-24 08:00:00
1627117200000,28.429,29.141,28.385,29.1,132297.368,2021-07-24 09:00:00
1627120800000,29.1,29.143,28.65,28.949,119062.81,2021-07-24 10:00:00
1627124400000,28.944,29.0,28.441,28.66,161902.975,2021-07-24 11:00:00
1627128000000,28.664,28.842,28.529,28.834,49391.237,2021-07-24 12:00:00
1627131600000,28.834,28.958,28.55,28.555,47109.568,2021-07-24 13:00:00
1627135200000,28.56,28.734,28.314,28.589,106526.618,2021-07-24 14:00:00
1627138800000,28.58,28.74,28.361,28.402,81048.622,2021-07-24 15:00:00
1627142400000,28.392,29.292,28.258,29.285,220897.639,2021-07-24 16:00:00
1627146000000,29.285,29.548,29.0,29.181,179180.675,2021-07-24 17:00:00
1627149600000,29.181,29.475,28.825,28.9,90577.977,2021-07-24 18:00:00
1627153200000,28.897,28.897,28.342,28.426,108068.354,2021-07-24 19:00:00
1627156800000,28.412,28.425,28.013,28.266,102266.331,2021-07-24 20:00:00
1627160400000,28.277,28.5,28.085,28.482,49758.582,2021-07-24 21:00:00
1627164000000,28.482,28.485,28.212,28.393,48410.711,2021-07-24 22:00:00
1627167600000,28.381,28.733,28.161,28.616,45036.738,2021-07-24 23:00:00
1627171200000,28.626,28.898,27.771,28.049,121241.82,2021-07-25 00:00:00
1627174800000,28.047,28.266,27.704,27.811,93829.825,2021-07-25 01:00:00
1627178400000,27.812,28.389,27.783,28.3,62587.964,2021-07-25 02:00:00
1627182000000,28.302,28.442,27.842,27.902,81300.309,2021-07-25 03:00:00
1627185600000,27.906,28.223,27.66,27.972,182378.997,2021-07-25 04:00:00
1627189200000,27.97,28.244,27.907,28.107,53409.354,2021-07-25 05:00:00
1627192800000,28.11,28.319,28.045,28.209,44548.67,2021-07-25 06:00:00
1627196400000,28.211,28.786,28.2,28.606,135587.91,2021-07-25 07:00:00
1627200000000,28.614,28.792,28.124,28.292,83197.103,2021-07-25 08:00:00
1627203600000,28.282,28.307,28.061,28.267,55304.982,2021-07-25 09:00:00
1627207200000,28.266,28.447,27.911,28.009,88945.604,2021-07-25 10:00:00
1627210800000,28.014,28.194,27.921,27.99,62396.428,2021-07-25 11:00:00
1627214400000,28.0,28.0,27.7,27.793,81259.467,2021-07-25 12:00:00
1627218000000,27.793,27.879,26.764,26.776,266887.466,2021-07-25 13:00:00
1627221600000,26.777,27.267,26.5,27.223,345389.206,2021-07-25 14:00:00
1627225200000,27.226,27.438,26.887,27.356,113153.497,2021-07-25 15:00:00
1627228800000,27.351,27.45,26.98,27.135,62269.588,2021-07-25 16:00:00
1627232400000,27.14,27.686,27.018,27.678,68489.232,2021-07-25 17:00:00
1627236000000,27.679,27.698,27.459,27.518,49307.364,2021-07-25 18:00:00
1627239600000,27.518,27.743,27.422,27.535,55982.215,2021-07-25 19:00:00
1627243200000,27.533,27.582,27.359,27.46,47176.227,2021-07-25 20:00:00
1627246800000,27.473,27.707,27.437,27.586,29768.686,2021-07-25 21:00:00
1627250400000,27.586,27.824,27.375,27.79,46207.421,2021-07-25 22:00:00
1627254000000,27.79,28.249,27.689,28.248,120372.199,2021-07-25 23:00:00
1627257600000,28.247,29.3,28.0,29.299,295871.084,2021-07-26 00:00:00
1627261200000,29.291,31.115,28.864,30.8,856204.279,2021-07-26 01:00:00
1627264800000,30.798,31.0,29.642,29.777,386506.923,2021-07-26 02:00:00
1627268400000,29.779,31.0,29.765,30.108,286575.497,2021-07-26 03:00:00
1627272000000,30.108,30.418,29.885,30.065,169779.363,2021-07-26 04:00:00
1627275600000,30.059,30.259,29.933,30.213,273190.427,2021-07-26 05:00:00
1627279200000,30.202,30.9,30.009,30.14,379678.41,2021-07-26 06:00:00
1627282800000,30.14,30.5,29.347,29.715,225568.022,2021-07-26 07:00:00
1627286400000,29.72,29.781,29.244,29.715,301541.902,2021-07-26 08:00:00
1627290000000,29.715,29.735,29.44,29.463,183512.544,2021-07-26 09:00:00
1627293600000,29.475,30.2,29.456,30.147,282884.142,2021-07-26 10:00:00
1627297200000,30.154,30.154,29.671,30.039,109366.576,2021-07-26 11:00:00
1627300800000,30.053,30.3,29.656,30.3,141789.59,2021-07-26 12:00:00
1627304400000,30.296,30.434,29.536,30.25,256617.821,2021-07-26 13:00:00
1627308000000,30.252,30.491,29.897,30.019,142090.955,2021-07-26 14:00:00
1627311600000,30.016,30.24,29.841,30.087,101959.716,2021-07-26 15:00:00
1627315200000,30.07,30.5,29.954,30.151,162144.586,2021-07-26 16:00:00
1627318800000,30.15,30.485,30.026,30.329,99577.894,2021-07-26 17:00:00
1627322400000,30.331,30.618,30.301,30.37,130622.294,2021-07-26 18:00:00
1627326000000,30.357,30.9,29.578,29.692,326867.607,2021-07-26 19:00:00
1627329600000,29.664,29.786,28.137,28.578,568983.742,2021-07-26 20:00:00
1627333200000,28.577,28.782,27.83,28.362,229113.63,2021-07-26 21:00:00
1627336800000,28.353,28.6,27.846,28.488,194083.759,2021-07-26 22:00:00
1627340400000,28.488,28.493,27.907,28.184,117161.134,2021-07-26 23:00:00
1627344000000,28.183,28.58,27.914,28.448,110788.281,2021-07-27 00:00:00
1627347600000,28.448,28.478,27.466,27.624,200233.292,2021-07-27 01:00:00
1627351200000,27.632,27.894,27.142,27.25,124447.074,2021-07-27 02:00:00
1627354800000,27.24,27.698,27.121,27.595,103221.158,2021-07-27 03:00:00
1627358400000,27.616,27.794,27.438,27.578,96745.752,2021-07-27 04:00:00
1627362000000,27.579,27.876,27.48,27.807,72698.554,2021-07-27 05:00:00
1627365600000,27.801,27.976,27.7,27.711,72810.948,2021-07-27 06:00:00
1627369200000,27.714,27.914,27.675,27.881,67423.993,2021-07-27 07:00:00
1627372800000,27.87,28.06,27.716,28.007,66372.182,2021-07-27 08:00:00
1627376400000,28.009,28.622,28.003,28.583,113330.974,2021-07-27 09:00:00
1627380000000,28.595,28.612,28.361,28.403,111908.289,2021-07-27 10:00:00
1627383600000,28.405,28.782,28.15,28.657,128565.292,2021-07-27 11:00:00
1627387200000,28.667,28.913,28.293,28.842,165667.455,2021-07-27 12:00:00
1627390800000,28.845,28.95,28.555,28.577,160499.678,2021-07-27 13:00:00
1627394400000,28.571,28.677,27.76,28.257,344932.581,2021-07-27 14:00:00
1627398000000,28.259,28.512,27.425,27.7,299944.438,2021-07-27 15:00:00
1627401600000,27.704,27.851,26.997,27.073,200387.198,2021-07-27 16:00:00
1627405200000,27.073,27.392,27.002,27.25,88811.955,2021-07-27 17:00:00
1627408800000,27.25,27.568,26.893,27.524,90249.414,2021-07-27 18:00:00
1627412400000,27.539,27.62,27.015,27.237,80917.707,2021-07-27 19:00:00
1627416000000,27.232,27.579,27.228,27.531,55783.127,2021-07-27 20:00:00
1627419600000,27.531,27.8,27.45,27.592,81622.733,2021-07-27 21:00:00
1627423200000,27.595,28.19,27.395,28.025,93986.548,2021-07-27 22:00:00
1627426800000,28.05,28.145,27.701,28.103,77026.134,2021-07-27 23:00:00
1627430400000,28.119,28.119,27.558,27.711,82526.054,2021-07-28 00:00:00
1627434000000,27.7,28.36,27.538,28.36,95746.97,2021-07-28 01:00:00
1627437600000,28.343,28.59,28.185,28.353,167947.216,2021-07-28 02:00:00
1627441200000,28.357,28.386,27.927,27.97,92713.362,2021-07-28 03:00:00
1627444800000,27.963,28.1,27.627,27.737,71848.133,2021-07-28 04:00:00
1627448400000,27.745,28.228,27.701,27.941,106010.413,2021-07-28 05:00:00
1627452000000,27.936,28.012,27.354,27.461,88177.162,2021-07-28 06:00:00
1627455600000,27.461,28.199,27.452,28.06,132983.505,2021-07-28 07:00:00
1627459200000,28.06,28.33,27.724,27.919,119041.835,2021-07-28 08:00:00
1627462800000,27.912,28.377,27.878,28.175,96996.108,2021-07-28 09:00:00
1627466400000,28.188,28.391,28.071,28.21,102835.493,2021-07-28 10:00:00
1627470000000,28.211,28.74,28.159,28.61,154343.154,2021-07-28 11:00:00
1627473600000,28.612,28.76,27.925,28.012,154521.507,2021-07-28 12:00:00
1627477200000,28.013,28.193,27.83,27.979,97573.402,2021-07-28 13:00:00
1627480800000,27.975,28.391,27.83,28.228,92927.947,2021-07-28 14:00:00
1627484400000,28.232,28.355,28.072,28.28,40847.203,2021-07-28 15:00:00
1627488000000,28.277,28.377,28.09,28.363,54209.629,2021-07-28 16:00:00
1627491600000,28.377,28.518,27.577,27.577,125762.57,2021-07-28 17:00:00
1627495200000,27.59,28.266,27.419,28.08,135556.918,2021-07-28 18:00:00
1627498800000,28.11,28.198,27.519,27.995,116693.894,2021-07-28 19:00:00
1627502400000,27.988,28.078,27.635,27.726,64430.521,2021-07-28 20:00:00
1627506000000,27.716,27.832,27.65,27.746,39899.0,2021-07-28 21:00:00
1627509600000,27.732,27.988,27.5,27.6,53630.883,2021-07-28 22:00:00
1627513200000,27.602,27.931,27.522,27.875,42678.68,2021-07-28 23:00:00
1627516800000,27.891,27.892,27.504,27.504,72174.569,2021-07-29 00:00:00
1627520400000,27.506,27.689,27.319,27.643,59931.948,2021-07-29 01:00:00
1627524000000,27.636,27.777,27.557,27.585,39292.33,2021-07-29 02:00:00
1627527600000,27.578,27.755,27.5,27.612,38844.806,2021-07-29 03:00:00
1627531200000,27.609,28.002,27.559,27.921,70346.239,2021-07-29 04:00:00
1627534800000,27.911,28.317,27.751,28.288,66850.778,2021-07-29 05:00:00
1627538400000,28.288,28.48,28.124,28.264,77561.033,2021-07-29 06:00:00
1627542000000,28.264,28.4,28.096,28.154,49812.185,2021-07-29 07:00:00
1627545600000,28.154,28.44,27.996,28.3,84427.969,2021-07-29 08:00:00
1627549200000,28.296,28.69,28.275,28.483,112316.579,2021-07-29 09:00:00
1627552800000,28.499,28.593,28.311,28.429,78089.591,2021-07-29 10:00:00
1627556400000,28.445,28.52,28.0,28.132,91458.776,2021-07-29 11:00:00
1627560000000,28.141,28.245,27.904,28.225,74622.502,2021-07-29 12:00:00
1627563600000,28.231,28.528,28.143,28.347,92004.999,2021-07-29 13:00:00
1627567200000,28.36,30.002,28.227,29.277,378068.939,2021-07-29 14:00:00
1627570800000,29.28,29.644,29.191,29.587,179726.296,2021-07-29 15:00:00
1627574400000,29.587,30.346,29.585,29.865,333670.821,2021-07-29 16:00:00
1627578000000,29.861,30.157,29.784,29.911,115557.805,2021-07-29 17:00:00
1627581600000,29.906,30.494,29.759,30.478,166700.161,2021-07-29 18:00:00
1627585200000,30.475,31.666,30.217,31.365,560696.372,2021-07-29 19:00:00
1627588800000,31.364,31.888,31.222,31.488,410882.575,2021-07-29 20:00:00
1627592400000,31.49,31.616,30.853,31.027,212633.523,2021-07-29 21:00:00
1627596000000,31.025,31.388,30.963,31.162,122789.243,2021-07-29 22:00:00
1627599600000,31.163,31.691,31.145,31.235,203590.406,2021-07-29 23:00:00
1627603200000,31.238,31.352,30.721,31.325,135250.654,2021-07-30 00:00:00
1627606800000,31.339,32.516,31.276,32.212,347849.695,2021-07-30 01:00:00
1627610400000,32.219,32.819,31.991,32.249,286646.244,2021-07-30 02:00:00
1627614000000,32.258,33.084,32.15,32.751,227981.043,2021-07-30 03:00:00
1627617600000,32.753,32.914,31.828,32.282,196988.009,2021-07-30 04:00:00
1627621200000,32.276,32.426,31.73,31.924,147419.693,2021-07-30 05:00:00
1627624800000,31.909,32.302,31.771,32.16,122878.787,2021-07-30 06:00:00
1627628400000,32.161,32.196,31.735,32.056,120328.288,2021-07-30 07:00:00
1627632000000,32.059,32.1,30.407,30.845,397061.564,2021-07-30 08:00:00
1627635600000,30.84,30.841,29.91,30.75,509405.629,2021-07-30 09:00:00
1627639200000,30.75,31.7,30.44,31.327,266813.744,2021-07-30 10:00:00
1627642800000,31.322,31.443,30.769,30.921,194941.997,2021-07-30 11:00:00
1627646400000,30.92,31.05,30.517,30.554,131739.429,2021-07-30 12:00:00
1627650000000,30.554,30.664,30.18,30.308,198886.079,2021-07-30 13:00:00
1627653600000,30.308,30.876,30.247,30.861,169003.665,2021-07-30 14:00:00
1627657200000,30.852,31.179,30.594,31.018,135409.14,2021-07-30 15:00:00
1627660800000,31.03,31.03,30.432,30.489,107972.17,2021-07-30 16:00:00
1627664400000,30.484,31.639,30.476,31.626,249454.278,2021-07-30 17:00:00
1627668000000,31.626,31.639,31.05,31.344,163730.033,2021-07-30 18:00:00
1627671600000,31.341,31.85,31.318,31.789,199610.034,2021-07-30 19:00:00
1627675200000,31.801,32.292,31.636,32.036,196947.386,2021-07-30 20:00:00
1627678800000,32.047,32.573,32.014,32.264,180557.551,2021-07-30 21:00:00
1627682400000,32.266,32.5,32.075,32.336,111850.367,2021-07-30 22:00:00
1627686000000,32.334,32.501,31.87,32.354,171934.53,2021-07-30 23:00:00
1627689600000,32.354,32.994,31.954,32.962,210271.068,2021-07-31 00:00:00
1627693200000,32.977,32.989,32.545,32.797,91446.965,2021-07-31 01:00:00
1627696800000,32.809,33.509,32.614,33.447,180425.708,2021-07-31 02:00:00
1627700400000,33.46,33.78,32.553,32.607,193642.657,2021-07-31 03:00:00
1627704000000,32.623,32.676,32.09,32.417,164882.723,2021-07-31 04:00:00
1627707600000,32.416,32.456,31.653,32.283,126185.224,2021-07-31 05:00:00
1627711200000,32.277,32.313,31.897,32.169,68470.687,2021-07-31 06:00:00
1627714800000,32.169,32.375,32.09,32.185,68559.428,2021-07-31 07:00:00
1627718400000,32.185,32.954,32.163,32.809,159363.514,2021-07-31 08:00:00
1627722000000,32.815,32.968,32.564,32.878,98050.773,2021-07-31 09:00:00
1627725600000,32.871,34.12,32.821,34.12,348976.413,2021-07-31 10:00:00
1627729200000,34.119,34.8,33.693,34.617,502228.172,2021-07-31 11:00:00
1627732800000,34.636,34.981,34.28,34.521,217368.538,2021-07-31 12:00:00
1627736400000,34.522,34.533,33.751,34.055,155989.872,2021-07-31 13:00:00
1627740000000,34.026,34.364,33.695,34.02,133394.706,2021-07-31 14:00:00
1627743600000,34.018,34.656,33.86,34.246,206378.566,2021-07-31 15:00:00
1627747200000,34.241,34.332,33.773,33.809,129204.872,2021-07-31 16:00:00
1627750800000,33.81,34.0,33.595,33.746,94644.234,2021-07-31 17:00:00
1627754400000,33.757,34.798,33.74,34.387,175767.193,2021-07-31 18:00:00
1627758000000,34.376,34.523,34.099,34.38,88661.509,2021-07-31 19:00:00
1627761600000,34.377,35.0,34.279,34.813,167031.526,2021-07-31 20:00:00
1627765200000,34.817,36.252,34.706,36.04,350529.302,2021-07-31 21:00:00
1627768800000,36.053,36.521,35.764,36.154,188572.397,2021-07-31 22:00:00
1627772400000,36.161,37.004,36.101,36.744,200099.49,2021-07-31 23:00:00
1627776000000,36.742,36.822,35.632,36.112,482873.406,2021-08-01 00:00:00
1627779600000,36.101,36.15,35.375,35.662,140144.631,2021-08-01 01:00:00
1627783200000,35.663,35.767,35.101,35.715,101361.809,2021-08-01 02:00:00
1627786800000,35.701,36.303,35.543,36.09,98496.339,2021-08-01 03:00:00
1627790400000,36.09,36.181,35.507,35.521,122788.529,2021-08-01 04:00:00
1627794000000,35.519,35.676,35.111,35.384,126204.783,2021-08-01 05:00:00
1627797600000,35.381,35.75,35.175,35.525,78220.286,2021-08-01 06:00:00
1627801200000,35.515,35.835,35.163,35.305,122535.268,2021-08-01 07:00:00
1627804800000,35.305,35.575,35.206,35.446,82154.886,2021-08-01 08:00:00
1627808400000,35.437,35.999,35.403,35.785,166421.514,2021-08-01 09:00:00
1627812000000,35.795,35.811,35.034,35.215,117551.535,2021-08-01 10:00:00
1627815600000,35.199,35.408,34.651,35.121,134918.352,2021-08-01 11:00:00
1627819200000,35.12,35.412,35.03,35.141,81061.284,2021-08-01 12:00:00
1627822800000,35.137,35.305,35.054,35.08,63405.153,2021-08-01 13:00:00
1627826400000,35.08,35.39,35.004,35.321,77588.257,2021-08-01 14:00:00
1627830000000,35.334,35.987,35.192,35.467,150396.725,2021-08-01 15:00:00
1627833600000,35.48,35.53,34.281,35.219,210599.758,2021-08-01 16:00:00
1627837200000,35.216,35.444,34.667,35.134,160523.95,2021-08-01 17:00:00
1627840800000,35.125,35.419,34.954,35.177,63311.868,2021-08-01 18:00:00
1627844400000,35.166,35.711,34.741,35.532,110582.146,2021-08-01 19:00:00
1627848000000,35.545,36.253,35.245,35.378,282650.222,2021-08-01 20:00:00
1627851600000,35.369,35.412,34.981,35.148,99409.22,2021-08-01 21:00:00
1627855200000,35.147,35.335,34.159,34.526,160707.518,2021-08-01 22:00:00
1627858800000,34.535,34.94,33.165,34.165,257067.719,2021-08-01 23:00:00
1627862400000,34.178,34.389,33.335,33.528,186501.826,2021-08-02 00:00:00
1627866000000,33.558,34.416,33.322,34.004,115730.451,2021-08-02 01:00:00
1627869600000,34.004,34.842,33.913,34.773,85000.397,2021-08-02 02:00:00
1627873200000,34.757,35.074,34.751,34.812,102236.294,2021-08-02 03:00:00
1627876800000,34.813,35.036,34.5,34.564,79934.396,2021-08-02 04:00:00
1627880400000,34.56,34.928,34.262,34.622,100622.349,2021-08-02 05:00:00
1627884000000,34.617,35.667,34.503,35.6,120949.307,2021-08-02 06:00:00
1627887600000,35.578,35.95,35.268,35.419,137571.505,2021-08-02 07:00:00
1627891200000,35.414,35.621,34.873,35.036,102060.017,2021-08-02 08:00:00
1627894800000,35.01,35.4,34.806,35.281,86611.988,2021-08-02 09:00:00
1627898400000,35.281,35.281,34.778,34.865,87328.967,2021-08-02 10:00:00
1627902000000,34.86,35.0,34.5,34.582,74872.097,2021-08-02 11:00:00
1627905600000,34.573,34.719,33.546,33.929,303372.962,2021-08-02 12:00:00
1627909200000,33.93,33.986,33.641,33.979,176535.178,2021-08-02 13:00:00
1627912800000,33.972,34.142,33.786,33.939,201647.571,2021-08-02 14:00:00
1627916400000,33.948,34.163,33.8,33.82,209333.042,2021-08-02 15:00:00
1627920000000,33.82,34.04,33.593,33.681,261549.003,2021-08-02 16:00:00
1627923600000,33.681,33.995,33.594,33.876,95829.088,2021-08-02 17:00:00
1627927200000,33.879,33.993,33.6,33.942,69589.326,2021-08-02 18:00:00
1627930800000,33.935,34.059,33.5,33.674,121490.672,2021-08-02 19:00:00
1627934400000,33.679,33.752,33.0,33.304,173812.557,2021-08-02 20:00:00
1627938000000,33.304,33.435,33.024,33.328,65987.843,2021-08-02 21:00:00
1627941600000,33.322,33.594,33.265,33.551,80008.264,2021-08-02 22:00:00
1627945200000,33.548,33.696,33.08,33.167,67306.194,2021-08-02 23:00:00
1627948800000,33.177,33.665,32.72,33.316,167814.602,2021-08-03 00:00:00
1627952400000,33.303,33.303,32.846,32.886,81995.445,2021-08-03 01:00:00
1627956000000,32.899,33.458,32.839,33.142,50132.226,2021-08-03 02:00:00
1627959600000,33.136,33.524,33.061,33.219,94773.353,2021-08-03 03:00:00
1627963200000,33.206,33.55,33.001,33.039,94949.669,2021-08-03 04:00:00
1627966800000,33.032,33.042,32.327,32.901,148140.161,2021-08-03 05:00:00
1627970400000,32.891,33.324,32.789,33.214,71719.253,2021-08-03 06:00:00
1627974000000,33.2,33.531,32.926,33.53,103958.382,2021-08-03 07:00:00
1627977600000,33.519,33.543,33.103,33.207,76964.15,2021-08-03 08:00:00
1627981200000,33.197,33.5,33.023,33.473,56621.305,2021-08-03 09:00:00
1627984800000,33.485,34.032,33.4,33.784,129095.437,2021-08-03 10:00:00
1627988400000,33.795,34.621,33.701,34.37,332885.156,2021-08-03 11:00:00
1627992000000,34.371,35.9,33.687,35.53,538430.146,2021-08-03 12:00:00
1627995600000,35.531,35.745,34.711,35.003,310099.575,2021-08-03 13:00:00
1627999200000,35.008,35.245,34.407,34.604,178030.138,2021-08-03 14:00:00
1628002800000,34.578,35.049,34.178,34.92,202148.572,2021-08-03 15:00:00
1628006400000,34.92,35.123,34.39,35.011,122203.211,2021-08-03 16:00:00
1628010000000,35.021,35.513,34.666,34.7,173675.501,2021-08-03 17:00:00
1628013600000,34.707,34.966,34.431,34.732,134077.661,2021-08-03 18:00:00
1628017200000,34.745,34.961,34.54,34.657,57372.94,2021-08-03 19:00:00
1628020800000,34.656,34.74,34.115,34.423,82075.39,2021-08-03 20:00:00
1628024400000,34.424,34.665,34.4,34.542,42761.986,2021-08-03 21:00:00
1628028000000,34.556,34.755,34.275,34.398,117636.229,2021-08-03 22:00:00
1628031600000,34.387,34.561,33.799,34.105,122631.15,2021-08-03 23:00:00
1628035200000,34.094,34.188,33.49,33.978,144557.547,2021-08-04 00:00:00
1628038800000,33.999,34.376,33.812,34.266,100530.287,2021-08-04 01:00:00
1628042400000,34.259,34.431,33.892,33.969,69797.247,2021-08-04 02:00:00
1628046000000,33.981,34.065,33.666,33.738,84005.805,2021-08-04 03:00:00
1628049600000,33.737,34.127,33.6,33.921,80148.486,2021-08-04 04:00:00
1628053200000,33.921,34.4,33.699,33.876,112673.095,2021-08-04 05:00:00
1628056800000,33.858,34.234,33.768,33.909,59702.1,2021-08-04 06:00:00
1628060400000,33.909,33.913,33.493,33.714,120867.267,2021-08-04 07:00:00
1628064000000,33.701,33.805,33.236,33.444,99768.809,2021-08-04 08:00:00
1628067600000,33.437,33.716,33.242,33.661,67550.75,2021-08-04 09:00:00
1628071200000,33.672,34.139,33.427,34.136,103342.712,2021-08-04 10:00:00
1628074800000,34.14,34.423,34.05,34.353,107771.938,2021-08-04 11:00:00
1628078400000,34.348,35.069,34.325,34.936,288383.026,2021-08-04 12:00:00
1628082000000,34.934,35.358,34.815,35.077,208083.94,2021-08-04 13:00:00
1628085600000,35.075,35.344,34.74,35.193,125232.909,2021-08-04 14:00:00
1628089200000,35.199,35.639,35.199,35.363,171818.67,2021-08-04 15:00:00
1628092800000,35.374,36.297,35.353,36.211,187711.805,2021-08-04 16:00:00
1628096400000,36.203,36.248,35.411,35.494,127275.184,2021-08-04 17:00:00
1628100000000,35.49,36.268,35.463,36.11,125003.614,2021-08-04 18:00:00
1628103600000,36.109,36.5,35.902,36.233,128033.537,2021-08-04 19:00:00
1628107200000,36.254,36.496,36.186,36.462,81865.113,2021-08-04 20:00:00
1628110800000,36.467,36.563,36.124,36.355,68953.076,2021-08-04 21:00:00
1628114400000,36.358,36.658,35.734,35.934,119893.507,2021-08-04 22:00:00
1628118000000,35.934,36.167,35.721,35.76,64868.245,2021-08-04 23:00:00
1628121600000,35.757,36.29,35.61,35.888,80496.857,2021-08-05 00:00:00
1628125200000,35.888,36.135,35.5,36.022,87716.652,2021-08-05 01:00:00
1628128800000,36.037,36.457,35.933,36.336,74561.887,2021-08-05 02:00:00
1628132400000,36.341,37.453,36.292,37.232,254298.864,2021-08-05 03:00:00
1628136000000,37.237,37.448,36.772,36.93,120440.709,2021-08-05 04:00:00
1628139600000,36.919,37.196,36.723,36.9,62688.448,2021-08-05 05:00:00
1628143200000,36.887,36.887,36.349,36.717,90707.866,2021-08-05 06:00:00
1628146800000,36.707,36.873,36.313,36.629,96453.109,2021-08-05 07:00:00
1628150400000,36.607,36.99,36.064,36.162,141131.626,2021-08-05 08:00:00
1628154000000,36.163,36.659,35.919,36.339,192640.768,2021-08-05 09:00:00
1628157600000,36.329,37.2,36.204,36.772,172853.858,2021-08-05 10:00:00
1628161200000,36.772,37.1,36.603,36.833,96977.657,2021-08-05 11:00:00
1628164800000,36.832,37.1,35.976,36.844,196276.924,2021-08-05 12:00:00
1628168400000,36.861,38.2,36.792,37.461,676992.675,2021-08-05 13:00:00
1628172000000,37.454,38.267,37.09,37.28,472018.567,2021-08-05 14:00:00
1628175600000,37.278,37.337,36.497,36.702,377657.938,2021-08-05 15:00:00
1628179200000,36.707,36.98,36.05,36.506,157106.941,2021-08-05 16:00:00
1628182800000,36.497,37.179,36.448,37.149,185288.991,2021-08-05 17:00:00
1628186400000,37.15,37.175,36.725,37.062,99279.193,2021-08-05 18:00:00
1628190000000,37.064,37.382,36.878,36.926,107625.465,2021-08-05 19:00:00
1628193600000,36.927,37.37,36.833,37.288,87077.776,2021-08-05 20:00:00
1628197200000,37.283,37.785,37.13,37.469,100635.588,2021-08-05 21:00:00
1628200800000,37.469,37.604,37.167,37.337,59059.938,2021-08-05 22:00:00
1628204400000,37.344,37.667,37.327,37.353,69382.786,2021-08-05 23:00:00
1628208000000,37.354,37.503,36.821,36.897,93344.104,2021-08-06 00:00:00
1628211600000,36.901,36.955,36.304,36.574,218898.125,2021-08-06 01:00:00
1628215200000,36.569,36.59,36.089,36.304,99637.093,2021-08-06 02:00:00
1628218800000,36.309,36.571,35.8,35.916,121543.888,2021-08-06 03:00:00
1628222400000,35.925,36.076,35.611,36.025,101919.974,2021-08-06 04:00:00
1628226000000,36.026,36.399,35.94,36.358,63795.181,2021-08-06 05:00:00
1628229600000,36.358,36.83,36.331,36.797,121222.525,2021-08-06 06:00:00
1628233200000,36.803,37.057,36.64,37.0,69201.251,2021-08-06 07:00:00
1628236800000,37.0,37.254,36.813,37.204,94185.395,2021-08-06 08:00:00
1628240400000,37.211,37.269,36.81,36.937,74868.196,2021-08-06 09:00:00
1628244000000,36.937,37.184,36.77,37.089,70499.832,2021-08-06 10:00:00
1628247600000,37.09,37.1,36.837,36.953,58999.464,2021-08-06 11:00:00
1628251200000,36.94,37.37,36.71,37.018,113353.919,2021-08-06 12:00:00
1628254800000,37.013,38.134,36.971,37.909,291863.324,2021-08-06 13:00:00
1628258400000,37.909,39.0,37.725,38.958,565876.571,2021-08-06 14:00:00
1628262000000,38.96,39.698,38.858,39.687,533378.644,2021-08-06 15:00:00
1628265600000,39.687,40.164,39.335,39.516,541891.53,2021-08-06 16:00:00
1628269200000,39.525,40.4,39.523,39.95,191808.153,2021-08-06 17:00:00
1628272800000,39.936,40.1,39.703,39.955,131694.233,2021-08-06 18:00:00
1628276400000,39.946,40.4,39.745,39.892,114217.298,2021-08-06 19:00:00
1628280000000,39.87,39.98,39.34,39.499,104524.351,2021-08-06 20:00:00
1628283600000,39.499,39.6,38.965,38.992,64668.155,2021-08-06 21:00:00
1628287200000,38.988,39.722,38.988,39.704,53632.246,2021-08-06 22:00:00
1628290800000,39.702,39.735,39.375,39.525,56294.122,2021-08-06 23:00:00
1628294400000,39.502,39.698,38.751,39.69,127430.383,2021-08-07 00:00:00
1628298000000,39.698,39.947,39.333,39.799,80323.872,2021-08-07 01:00:00
1628301600000,39.816,39.868,39.48,39.836,66872.61,2021-08-07 02:00:00
1628305200000,39.83,40.15,39.5,40.065,79938.587,2021-08-07 03:00:00
1628308800000,40.071,40.103,39.5,39.721,127458.644,2021-08-07 04:00:00
1628312400000,39.713,39.957,39.5,39.583,91076.603,2021-08-07 05:00:00
1628316000000,39.595,39.6,38.835,39.124,110737.149,2021-08-07 06:00:00
1628319600000,39.125,39.715,39.069,39.461,76167.804,2021-08-07 07:00:00
1628323200000,39.454,39.719,39.218,39.679,102254.516,2021-08-07 08:00:00
1628326800000,39.677,40.421,39.579,40.125,176512.29,2021-08-07 09:00:00
1628330400000,40.125,40.5,39.884,40.145,157855.18,2021-08-07 10:00:00
1628334000000,40.146,40.297,39.729,40.026,125408.303,2021-08-07 11:00:00
1628337600000,40.024,40.324,38.338,38.741,366376.817,2021-08-07 12:00:00
1628341200000,38.741,39.524,38.345,38.817,181934.841,2021-08-07 13:00:00
1628344800000,38.821,39.059,38.7,38.713,204255.445,2021-08-07 14:00:00
1628348400000,38.713,39.068,38.453,38.495,257300.118,2021-08-07 15:00:00
1628352000000,38.489,38.56,37.502,38.353,422076.155,2021-08-07 16:00:00
1628355600000,38.358,38.389,37.58,38.049,236188.204,2021-08-07 17:00:00
1628359200000,38.031,38.773,37.801,38.635,124230.362,2021-08-07 18:00:00
1628362800000,38.623,38.95,38.148,38.603,118652.99,2021-08-07 19:00:00
1628366400000,38.59,38.874,38.5,38.755,54298.568,2021-08-07 20:00:00
1628370000000,38.761,39.225,38.584,38.655,110414.133,2021-08-07 21:00:00
1628373600000,38.689,39.15,38.675,38.873,58650.545,2021-08-07 22:00:00
1628377200000,38.873,39.579,38.862,39.469,105353.582,2021-08-07 23:00:00
1628380800000,39.454,39.549,38.888,39.075,141635.447,2021-08-08 00:00:00
1628384400000,39.061,39.1,37.933,38.285,145688.525,2021-08-08 01:00:00
1628388000000,38.297,38.4,37.95,38.252,70086.184,2021-08-08 02:00:00
1628391600000,38.249,38.797,38.205,38.711,53751.545,2021-08-08 03:00:00
1628395200000,38.722,38.866,38.355,38.482,54817.284,2021-08-08 04:00:00
1628398800000,38.484,38.792,38.22,38.776,65374.316,2021-08-08 05:00:00
1628402400000,38.772,39.4,38.542,39.381,134160.273,2021-08-08 06:00:00
1628406000000,39.389,39.4,38.704,38.778,94159.912,2021-08-08 07:00:00
1628409600000,38.76,39.359,38.437,38.502,106743.742,2021-08-08 08:00:00
1628413200000,38.486,39.051,38.466,38.78,62788.954,2021-08-08 09:00:00
1628416800000,38.786,38.943,38.25,38.406,77107.488,2021-08-08 10:00:00
1628420400000,38.4,38.642,38.207,38.221,65287.278,2021-08-08 11:00:00
1628424000000,38.207,38.798,38.134,38.65,96874.376,2021-08-08 12:00:00
1628427600000,38.664,38.838,38.403,38.667,58826.148,2021-08-08 13:00:00
1628431200000,38.653,38.708,37.334,37.337,178602.444,2021-08-08 14:00:00
1628434800000,37.352,37.887,37.301,37.74,85587.901,2021-08-08 15:00:00
1628438400000,37.729,37.898,37.477,37.68,83062.521,2021-08-08 16:00:00
1628442000000,37.681,37.773,37.161,37.271,78434.503,2021-08-08 17:00:00
1628445600000,37.28,37.368,37.078,37.216,82771.153,2021-08-08 18:00:00
1628449200000,37.215,37.613,36.896,37.391,84718.434,2021-08-08 19:00:00
1628452800000,37.417,37.77,37.095,37.489,53704.885,2021-08-08 20:00:00
1628456400000,37.483,38.075,37.466,38.013,40152.913,2021-08-08 21:00:00
1628460000000,38.035,38.44,37.983,38.243,57399.998,2021-08-08 22:00:00
1628463600000,38.222,38.395,37.551,37.65,58799.499,2021-08-08 23:00:00
1628467200000,37.653,37.898,36.779,36.842,110333.395,2021-08-09 00:00:00
1628470800000,36.844,37.023,36.351,36.802,113010.719,2021-08-09 01:00:00
1628474400000,36.811,37.369,36.736,37.31,64610.873,2021-08-09 02:00:00
1628478000000,37.309,37.371,37.052,37.288,36083.948,2021-08-09 03:00:00
1628481600000,37.299,37.615,36.99,37.434,48868.961,2021-08-09 04:00:00
1628485200000,37.42,37.67,37.252,37.461,34070.289,2021-08-09 05:00:00
1628488800000,37.464,37.538,36.945,37.239,41834.972,2021-08-09 06:00:00
1628492400000,37.245,37.804,37.1,37.774,47683.521,2021-08-09 07:00:00
1628496000000,37.774,38.641,37.711,38.5,135760.141,2021-08-09 08:00:00
1628499600000,38.53,39.0,38.509,38.999,127719.169,2021-08-09 09:00:00
1628503200000,38.999,39.227,38.622,39.157,146674.634,2021-08-09 10:00:00
1628506800000,39.16,39.342,38.85,39.272,121103.943,2021-08-09 11:00:00
1628510400000,39.281,39.308,38.7,39.056,65773.829,2021-08-09 12:00:00
1628514000000,39.058,39.685,39.034,39.1,103102.493,2021-08-09 13:00:00
1628517600000,39.108,39.737,39.081,39.257,104900.961,2021-08-09 14:00:00
1628521200000,39.267,39.93,39.251,39.857,107376.532,2021-08-09 15:00:00
1628524800000,39.861,39.999,39.553,39.73,72948.763,2021-08-09 16:00:00
1628528400000,39.732,39.82,39.551,39.581,49666.834,2021-08-09 17:00:00
1628532000000,39.581,39.82,39.369,39.635,55929.169,2021-08-09 18:00:00
1628535600000,39.638,39.847,39.1,39.246,83299.74,2021-08-09 19:00:00
1628539200000,39.255,39.471,38.368,38.385,172931.916,2021-08-09 20:00:00
1628542800000,38.383,38.743,38.006,38.313,129026.846,2021-08-09 21:00:00
1628546400000,38.315,38.913,37.981,38.9,90032.389,2021-08-09 22:00:00
1628550000000,38.9,38.965,38.53,38.646,65454.704,2021-08-09 23:00:00
1628553600000,38.646,39.029,38.183,38.56,71912.006,2021-08-10 00:00:00
1628557200000,38.563,39.096,38.257,39.031,53817.757,2021-08-10 01:00:00
1628560800000,39.019,40.643,38.918,40.377,307117.234,2021-08-10 02:00:00
1628564400000,40.385,40.683,39.434,39.802,98926.716,2021-08-10 03:00:00
1628568000000,39.819,40.312,39.453,39.455,60161.618,2021-08-10 04:00:00
1628571600000,39.471,40.199,39.364,39.673,96876.271,2021-08-10 05:00:00
1628575200000,39.664,39.9,39.205,39.732,85949.361,2021-08-10 06:00:00
1628578800000,39.735,40.1,39.476,39.976,60980.365,2021-08-10 07:00:00
1628582400000,39.98,40.445,39.971,40.227,92901.552,2021-08-10 08:00:00
1628586000000,40.231,40.45,39.822,40.202,68145.342,2021-08-10 09:00:00
1628589600000,40.203,40.534,39.617,39.628,118710.365,2021-08-10 10:00:00
1628593200000,39.634,40.869,39.58,40.795,157877.562,2021-08-10 11:00:00
1628596800000,40.782,41.678,40.592,41.462,206924.754,2021-08-10 12:00:00
1628600400000,41.45,41.581,40.375,40.879,169404.876,2021-08-10 13:00:00
1628604000000,40.88,41.236,40.173,40.399,133928.303,2021-08-10 14:00:00
1628607600000,40.41,40.714,39.814,40.128,112516.654,2021-08-10 15:00:00
1628611200000,40.124,40.331,39.041,39.224,209619.205,2021-08-10 16:00:00
1628614800000,39.239,39.969,39.226,39.935,77065.284,2021-08-10 17:00:00
1628618400000,39.935,40.247,39.722,40.175,98634.193,2021-08-10 18:00:00
1628622000000,40.19,40.689,40.19,40.627,65783.555,2021-08-10 19:00:00
1628625600000,40.634,40.847,40.457,40.83,54372.328,2021-08-10 20:00:00
1628629200000,40.829,41.273,40.591,41.084,83568.458,2021-08-10 21:00:00
1628632800000,41.091,41.378,40.498,40.536,71668.684,2021-08-10 22:00:00
1628636400000,40.54,40.875,40.191,40.64,46333.222,2021-08-10 23:00:00
1628640000000,40.639,41.888,40.605,41.18,177431.442,2021-08-11 00:00:00
1628643600000,41.169,41.853,41.0,41.743,72862.383,2021-08-11 01:00:00
1628647200000,41.742,41.947,41.274,41.451,76731.758,2021-08-11 02:00:00
1628650800000,41.451,41.792,41.181,41.758,48929.722,2021-08-11 03:00:00
1628654400000,41.772,42.062,41.404,42.038,119589.968,2021-08-11 04:00:00
1628658000000,42.043,42.498,41.839,42.196,130286.524,2021-08-11 05:00:00
1628661600000,42.2,42.943,42.1,42.498,142641.792,2021-08-11 06:00:00
1628665200000,42.494,43.0,42.2,42.518,119667.649,2021-08-11 07:00:00
1628668800000,42.524,42.695,41.93,42.479,87638.566,2021-08-11 08:00:00
1628672400000,42.469,42.57,42.101,42.301,66585.975,2021-08-11 09:00:00
1628676000000,42.301,42.656,41.907,42.119,86783.165,2021-08-11 10:00:00
1628679600000,42.114,42.94,42.089,42.534,134361.58,2021-08-11 11:00:00
1628683200000,42.53,42.597,42.197,42.566,69858.969,2021-08-11 12:00:00
1628686800000,42.577,43.171,42.354,43.049,170150.501,2021-08-11 13:00:00
1628690400000,43.052,43.417,43.0,43.181,144266.456,2021-08-11 14:00:00
1628694000000,43.17,43.284,42.461,42.589,110724.536,2021-08-11 15:00:00
1628697600000,42.589,42.873,42.33,42.676,83639.734,2021-08-11 16:00:00
1628701200000,42.681,43.117,42.604,42.947,65368.362,2021-08-11 17:00:00
1628704800000,42.939,43.17,42.476,42.858,65269.766,2021-08-11 18:00:00
1628708400000,42.86,43.437,42.75,43.402,65223.851,2021-08-11 19:00:00
1628712000000,43.387,43.729,42.828,42.873,114486.491,2021-08-11 20:00:00
1628715600000,42.878,42.884,41.676,42.567,169141.739,2021-08-11 21:00:00
1628719200000,42.58,42.6,41.399,41.763,133696.181,2021-08-11 22:00:00
1628722800000,41.761,42.182,41.621,41.621,56913.445,2021-08-11 23:00:00
1628726400000,41.619,42.427,41.469,42.412,68100.885,2021-08-12 00:00:00
1628730000000,42.411,42.939,42.029,42.847,72608.597,2021-08-12 01:00:00
1628733600000,42.85,43.372,42.771,43.352,85215.227,2021-08-12 02:00:00
1628737200000,43.346,43.401,42.92,42.985,58664.993,2021-08-12 03:00:00
1628740800000,42.987,43.049,42.328,42.433,54879.209,2021-08-12 04:00:00
1628744400000,42.451,42.545,40.3,40.71,324193.879,2021-08-12 05:00:00
1628748000000,40.709,41.078,40.215,41.04,136760.597,2021-08-12 06:00:00
1628751600000,41.043,41.476,40.9,41.434,83237.514,2021-08-12 07:00:00
1628755200000,41.434,41.522,41.026,41.16,57945.117,2021-08-12 08:00:00
1628758800000,41.194,41.581,40.708,41.436,86152.853,2021-08-12 09:00:00
1628762400000,41.435,41.856,41.414,41.578,74885.525,2021-08-12 10:00:00
1628766000000,41.569,41.9,40.711,40.762,130746.901,2021-08-12 11:00:00
1628769600000,40.765,41.228,40.0,40.86,228539.223,2021-08-12 12:00:00
1628773200000,40.87,41.175,40.559,40.678,67377.332,2021-08-12 13:00:00
1628776800000,40.678,40.73,39.316,39.487,156515.354,2021-08-12 14:00:00
1628780400000,39.482,40.219,39.396,39.828,112982.107,2021-08-12 15:00:00
1628784000000,39.831,40.1,39.36,39.981,86582.101,2021-08-12 16:00:00
1628787600000,39.996,40.8,39.868,40.635,86603.423,2021-08-12 17:00:00
1628791200000,40.64,41.149,40.617,41.12,62100.846,2021-08-12 18:00:00
1628794800000,41.118,41.136,40.655,41.024,41263.306,2021-08-12 19:00:00
1628798400000,41.012,41.37,40.534,40.93,42797.017,2021-08-12 20:00:00
1628802000000,40.933,41.017,40.262,40.455,46402.474,2021-08-12 21:00:00
1628805600000,40.452,40.602,39.582,39.714,59989.224,2021-08-12 22:00:00
1628809200000,39.694,41.3,39.694,41.102,189120.708,2021-08-12 23:00:00
1628812800000,41.105,41.678,40.668,41.536,88735.423,2021-08-13 00:00:00
1628816400000,41.547,42.332,41.459,42.253,121247.99,2021-08-13 01:00:00
1628834400000,42.253,43.4,42.253,43.397,80305.702,2021-08-13 06:00:00
1628838000000,43.386,43.858,43.146,43.395,164182.764,2021-08-13 07:00:00
1628841600000,43.405,43.99,43.397,43.972,118860.738,2021-08-13 08:00:00
1628845200000,43.972,44.31,43.643,43.718,220063.828,2021-08-13 09:00:00
1628848800000,43.72,44.281,43.519,43.999,112260.445,2021-08-13 10:00:00
1628852400000,44.003,44.647,43.501,43.596,142856.279,2021-08-13 11:00:00
1628856000000,43.581,44.392,43.57,44.057,118470.709,2021-08-13 12:00:00
1628859600000,44.069,44.396,43.757,43.974,124779.15,2021-08-13 13:00:00
1628863200000,43.974,44.1,43.202,43.857,97812.531,2021-08-13 14:00:00
1628866800000,43.862,44.097,42.818,43.615,132236.596,2021-08-13 15:00:00
1628870400000,43.624,43.997,43.285,43.849,78591.276,2021-08-13 16:00:00
1628874000000,43.851,43.851,43.399,43.666,74291.207,2021-08-13 17:00:00
1628877600000,43.659,43.796,43.271,43.656,111524.155,2021-08-13 18:00:00
1628881200000,43.656,43.681,43.147,43.538,62653.266,2021-08-13 19:00:00
1628884800000,43.538,44.355,43.379,44.016,168495.458,2021-08-13 20:00:00
1628888400000,44.02,44.279,43.832,44.0,80826.922,2021-08-13 21:00:00
1628892000000,44.01,44.1,43.554,44.036,60883.177,2021-08-13 22:00:00
1628895600000,44.016,44.911,43.9,44.83,122262.374,2021-08-13 23:00:00
1628899200000,44.859,44.869,44.0,44.257,87648.574,2021-08-14 00:00:00
1628902800000,44.273,44.48,43.732,43.814,56179.899,2021-08-14 01:00:00
1628906400000,43.805,44.064,43.665,43.984,43512.16,2021-08-14 02:00:00
1628910000000,43.963,44.142,43.87,44.096,37927.572,2021-08-14 03:00:00
1628913600000,44.082,44.117,43.672,43.843,47687.575,2021-08-14 04:00:00
1628917200000,43.862,44.419,43.842,44.2,45006.4,2021-08-14 05:00:00
1628920800000,44.196,44.6,44.181,44.337,63656.322,2021-08-14 06:00:00
1628924400000,44.355,44.648,44.292,44.478,44030.832,2021-08-14 07:00:00
1628928000000,44.486,44.62,44.319,44.404,53530.746,2021-08-14 08:00:00
1628931600000,44.403,44.874,43.046,43.496,174022.19,2021-08-14 09:00:00
1628935200000,43.465,43.793,42.727,43.259,226962.08,2021-08-14 10:00:00
1628938800000,43.267,43.793,43.056,43.739,83049.925,2021-08-14 11:00:00
1628942400000,43.742,43.941,43.232,43.27,81861.984,2021-08-14 12:00:00
1628946000000,43.247,43.658,43.0,43.584,52221.764,2021-08-14 13:00:00
1628949600000,43.577,44.118,43.512,44.116,86153.225,2021-08-14 14:00:00
1628953200000,44.114,44.123,43.54,44.065,50209.423,2021-08-14 15:00:00
1628956800000,44.05,44.184,43.781,44.029,45134.627,2021-08-14 16:00:00
1628960400000,44.029,44.071,43.563,43.76,42123.431,2021-08-14 17:00:00
1628964000000,43.771,43.909,43.525,43.679,30005.179,2021-08-14 18:00:00
1628967600000,43.675,44.143,43.557,43.869,43192.344,2021-08-14 19:00:00
1628971200000,43.882,43.882,43.027,43.353,52862.789,2021-08-14 20:00:00
1628974800000,43.372,43.832,43.361,43.802,26856.731,2021-08-14 21:00:00
1628978400000,43.801,43.93,43.593,43.615,33276.871,2021-08-14 22:00:00
1628982000000,43.614,44.249,43.594,44.14,41706.079,2021-08-14 23:00:00
1628985600000,44.124,44.678,43.873,44.651,71448.916,2021-08-15 00:00:00
1628989200000,44.652,45.328,44.428,45.025,136822.499,2021-08-15 01:00:00
1628992800000,45.052,45.767,45.052,45.154,113031.603,2021-08-15 02:00:00
1628996400000,45.154,45.389,44.488,44.573,62551.33,2021-08-15 03:00:00
1629000000000,44.585,45.351,44.209,45.142,71901.69,2021-08-15 04:00:00
1629003600000,45.142,45.352,44.916,45.183,51846.698,2021-08-15 05:00:00
1629007200000,45.196,45.577,44.42,44.524,83624.004,2021-08-15 06:00:00
1629010800000,44.524,44.662,43.361,43.649,101381.84,2021-08-15 07:00:00
1629014400000,43.626,45.5,43.368,44.58,185567.201,2021-08-15 08:00:00
1629018000000,44.569,45.073,44.284,44.98,112808.44,2021-08-15 09:00:00
1629021600000,44.988,45.504,44.837,45.156,144970.929,2021-08-15 10:00:00
1629025200000,45.156,47.177,44.797,46.767,441701.208,2021-08-15 11:00:00
1629028800000,46.768,47.37,46.003,46.965,258441.223,2021-08-15 12:00:00
1629032400000,46.955,47.417,46.224,47.199,201484.91,2021-08-15 13:00:00
1629036000000,47.209,47.529,46.586,46.673,182630.342,2021-08-15 14:00:00
1629039600000,46.673,48.851,46.657,48.704,395133.028,2021-08-15 15:00:00
1629043200000,48.701,49.7,47.844,49.6,351755.386,2021-08-15 16:00:00
1629046800000,49.59,52.671,48.824,51.863,971907.808,2021-08-15 17:00:00
1629050400000,51.863,52.436,50.601,52.045,485025.133,2021-08-15 18:00:00
1629054000000,52.02,54.8,51.304,52.945,755979.255,2021-08-15 19:00:00
1629057600000,52.947,53.382,52.244,52.487,298385.537,2021-08-15 20:00:00
1629061200000,52.473,53.251,51.97,52.424,182356.88,2021-08-15 21:00:00
1629064800000,52.426,53.8,52.03,53.411,244576.466,2021-08-15 22:00:00
1629068400000,53.4,54.207,52.661,53.531,358951.239,2021-08-15 23:00:00
1629072000000,53.515,55.529,52.269,54.97,523139.239,2021-08-16 00:00:00
1629075600000,54.968,57.576,54.919,55.59,631864.107,2021-08-16 01:00:00
1629079200000,55.59,56.936,55.04,55.765,274018.98,2021-08-16 02:00:00
1629082800000,55.756,59.372,55.6,58.605,568006.862,2021-08-16 03:00:00
1629086400000,58.609,64.8,57.616,61.872,1947279.953,2021-08-16 04:00:00
1629090000000,61.909,62.595,60.991,62.062,485746.005,2021-08-16 05:00:00
1629093600000,62.045,63.582,60.363,62.89,503148.242,2021-08-16 06:00:00
1629097200000,62.902,64.35,61.75,61.915,601654.081,2021-08-16 07:00:00
1629100800000,61.934,62.245,60.381,60.841,420111.182,2021-08-16 08:00:00
1629104400000,60.836,62.0,60.669,61.881,282679.858,2021-08-16 09:00:00
1629108000000,61.881,62.614,60.863,61.145,347148.504,2021-08-16 10:00:00
1629111600000,61.097,62.125,60.864,61.793,192362.733,2021-08-16 11:00:00
1629115200000,61.79,64.646,60.86,64.234,663901.302,2021-08-16 12:00:00
1629118800000,64.211,65.837,62.178,63.605,1185345.795,2021-08-16 13:00:00
1629122400000,63.605,68.867,63.201,66.917,1800196.626,2021-08-16 14:00:00
1629126000000,66.977,68.5,65.85,67.077,976081.253,2021-08-16 15:00:00
1629129600000,67.052,69.132,66.279,68.8,508161.223,2021-08-16 16:00:00
1629133200000,68.837,68.895,65.669,65.76,464730.952,2021-08-16 17:00:00
1629136800000,65.76,66.395,64.245,65.144,463198.861,2021-08-16 18:00:00
1629140400000,65.132,66.332,62.807,62.911,449696.686,2021-08-16 19:00:00
1629144000000,62.91,64.517,62.1,64.419,514331.763,2021-08-16 20:00:00
1629147600000,64.406,66.603,63.159,64.729,358235.187,2021-08-16 21:00:00
1629151200000,64.714,66.177,63.921,63.974,387530.269,2021-08-16 22:00:00
1629154800000,63.936,64.197,61.55,62.016,465795.265,2021-08-16 23:00:00
1629158400000,62.042,64.287,61.211,63.808,609375.911,2021-08-17 00:00:00
1629162000000,63.825,71.6,63.607,70.057,1185025.446,2021-08-17 01:00:00
1629165600000,70.065,73.801,69.516,73.734,1259084.805,2021-08-17 02:00:00
1629169200000,73.725,74.6,71.428,71.836,547011.095,2021-08-17 03:00:00
1629172800000,71.854,72.931,70.288,70.781,422730.842,2021-08-17 04:00:00
1629176400000,70.767,72.113,69.513,69.757,353555.241,2021-08-17 05:00:00
1629180000000,69.751,72.786,69.407,71.164,572301.66,2021-08-17 06:00:00
1629183600000,71.213,75.155,70.035,74.053,1042428.66,2021-08-17 07:00:00
1629187200000,74.022,74.378,71.713,72.664,558732.675,2021-08-17 08:00:00
1629190800000,72.676,74.277,72.065,72.926,487452.308,2021-08-17 09:00:00
1629194400000,72.919,73.248,70.396,70.438,580429.002,2021-08-17 10:00:00
1629198000000,70.438,71.088,69.392,70.145,651067.738,2021-08-17 11:00:00
1629201600000,70.144,71.482,68.555,68.555,393661.597,2021-08-17 12:00:00
1629205200000,68.555,69.788,67.649,69.047,386326.793,2021-08-17 13:00:00
1629208800000,69.047,69.382,66.755,67.929,401427.052,2021-08-17 14:00:00
1629212400000,67.963,70.654,67.627,69.85,408439.812,2021-08-17 15:00:00
1629216000000,69.861,69.904,64.822,65.115,606847.716,2021-08-17 16:00:00
1629219600000,65.117,66.888,64.441,66.613,374731.896,2021-08-17 17:00:00
1629223200000,66.58,68.23,65.585,66.753,309278.276,2021-08-17 18:00:00
1629226800000,66.759,66.893,64.036,65.137,318543.447,2021-08-17 19:00:00
1629230400000,65.186,66.788,58.822,66.717,1653614.806,2021-08-17 20:00:00
1629234000000,66.708,67.829,63.493,64.3,794976.736,2021-08-17 21:00:00
1629237600000,64.285,67.373,62.356,67.021,576680.873,2021-08-17 22:00:00
1629241200000,67.023,67.135,63.242,64.123,460101.563,2021-08-17 23:00:00
1629244800000,64.135,66.0,61.5,62.704,556904.144,2021-08-18 00:00:00
1629248400000,62.695,67.169,59.722,66.989,961151.774,2021-08-18 01:00:00
1629252000000,66.987,67.3,64.054,65.234,405288.546,2021-08-18 02:00:00
1629255600000,65.256,66.903,64.458,65.792,265636.003,2021-08-18 03:00:00
1629259200000,65.793,67.54,63.925,65.146,298467.845,2021-08-18 04:00:00
1629262800000,65.154,69.5,64.945,69.442,405931.168,2021-08-18 05:00:00
1629266400000,69.478,69.5,68.0,69.069,318554.142,2021-08-18 06:00:00
1629270000000,69.109,70.377,66.79,67.445,520303.089,2021-08-18 07:00:00
1629273600000,67.438,69.661,67.387,69.102,352887.404,2021-08-18 08:00:00
1629277200000,69.119,72.3,68.2,71.066,676609.15,2021-08-18 09:00:00
1629280800000,71.041,74.44,71.033,72.322,1275735.669,2021-08-18 10:00:00
1629284400000,72.336,78.447,72.336,74.959,1568373.77,2021-08-18 11:00:00
1629288000000,74.958,78.1,73.451,76.0,1186646.21,2021-08-18 12:00:00
1629291600000,76.0,79.0,75.526,77.678,933061.821,2021-08-18 13:00:00
1629295200000,77.714,80.5,77.524,78.423,1055977.586,2021-08-18 14:00:00
1629298800000,78.42,79.278,76.4,77.335,676008.728,2021-08-18 15:00:00
1629302400000,77.344,78.732,76.049,78.05,462801.088,2021-08-18 16:00:00
1629306000000,78.07,78.091,76.475,77.082,304294.315,2021-08-18 17:00:00
1629309600000,77.05,77.499,74.922,75.746,378802.552,2021-08-18 18:00:00
1629313200000,75.724,76.74,72.379,73.328,413605.294,2021-08-18 19:00:00
1629316800000,73.338,74.419,71.86,72.016,372630.29,2021-08-18 20:00:00
1629320400000,72.008,73.0,69.92,71.262,489765.531,2021-08-18 21:00:00
1629324000000,71.303,73.448,71.082,72.81,357454.435,2021-08-18 22:00:00
1629327600000,72.754,76.267,71.911,72.663,785241.899,2021-08-18 23:00:00
1629331200000,72.659,75.436,71.454,75.101,485161.587,2021-08-19 00:00:00
1629334800000,75.1,75.1,72.2,72.477,379298.08,2021-08-19 01:00:00
1629338400000,72.456,72.483,70.527,71.255,380443.695,2021-08-19 02:00:00
1629342000000,71.27,71.5,68.981,69.666,616572.624,2021-08-19 03:00:00
1629345600000,69.632,72.833,69.25,72.162,506224.302,2021-08-19 04:00:00
1629349200000,72.162,73.039,70.708,71.655,435947.525,2021-08-19 05:00:00
1629352800000,71.616,73.558,71.001,72.86,263109.037,2021-08-19 06:00:00
1629356400000,72.89,73.5,70.178,71.258,349070.499,2021-08-19 07:00:00
1629360000000,71.273,72.42,70.372,71.89,354975.541,2021-08-19 08:00:00
1629363600000,71.921,73.074,71.6,71.8,213107.089,2021-08-19 09:00:00
1629367200000,71.8,72.7,71.026,71.655,260265.395,2021-08-19 10:00:00
1629370800000,71.581,72.0,69.5,69.612,219980.541,2021-08-19 11:00:00
1629374400000,69.6,71.0,68.24,70.813,333035.066,2021-08-19 12:00:00
1629378000000,70.813,71.395,69.08,71.152,329110.128,2021-08-19 13:00:00
1629381600000,71.175,71.838,70.079,71.232,282446.9,2021-08-19 14:00:00
1629385200000,71.227,74.48,70.438,73.522,534323.233,2021-08-19 15:00:00
1629388800000,73.522,74.086,71.189,71.535,422605.801,2021-08-19 16:00:00
1629392400000,71.569,72.5,70.6,71.6,188583.648,2021-08-19 17:00:00
1629396000000,71.59,73.547,71.0,73.476,230085.645,2021-08-19 18:00:00
1629399600000,73.5,73.663,72.172,72.33,206179.005,2021-08-19 19:00:00
1629403200000,72.333,73.001,71.0,72.763,231802.913,2021-08-19 20:00:00
1629406800000,72.763,74.717,72.757,74.387,258693.027,2021-08-19 21:00:00
1629410400000,74.429,74.846,72.45,73.699,170384.53,2021-08-19 22:00:00
1629414000000,73.709,74.423,72.341,72.764,167815.787,2021-08-19 23:00:00
1629417600000,72.8,73.543,71.813,72.407,254236.69,2021-08-20 00:00:00
1629421200000,72.443,74.158,72.213,73.614,157473.643,2021-08-20 01:00:00
1629424800000,73.64,73.9,72.931,73.025,96265.342,2021-08-20 02:00:00
1629428400000,73.003,73.165,72.013,72.388,121569.918,2021-08-20 03:00:00
1629432000000,72.38,72.47,71.266,71.895,177183.59,2021-08-20 04:00:00
1629435600000,71.895,72.301,71.288,71.997,164785.19,2021-08-20 05:00:00
1629439200000,72.0,72.6,71.052,71.818,275769.778,2021-08-20 06:00:00
1629442800000,71.8,71.876,71.007,71.212,126382.073,2021-08-20 07:00:00
1629446400000,71.222,71.699,70.873,71.431,127138.248,2021-08-20 08:00:00
1629450000000,71.432,72.385,70.95,71.8,234094.772,2021-08-20 09:00:00
1629453600000,71.8,72.419,71.309,71.727,145157.876,2021-08-20 10:00:00
1629457200000,71.716,71.727,71.154,71.494,155628.253,2021-08-20 11:00:00
1629460800000,71.518,72.347,71.371,71.971,156622.882,2021-08-20 12:00:00
1629464400000,71.955,72.2,71.768,72.1,171904.873,2021-08-20 13:00:00
1629468000000,72.1,74.22,72.04,73.167,559842.754,2021-08-20 14:00:00
1629471600000,73.171,73.941,72.45,73.35,250896.805,2021-08-20 15:00:00
1629475200000,73.331,76.44,72.931,76.364,464469.827,2021-08-20 16:00:00
1629478800000,76.324,77.529,74.701,75.697,457483.031,2021-08-20 17:00:00
1629482400000,75.714,77.489,75.169,76.231,253638.284,2021-08-20 18:00:00
1629486000000,76.232,78.33,76.07,78.224,274947.986,2021-08-20 19:00:00
1629489600000,78.222,79.112,77.636,78.643,333467.838,2021-08-20 20:00:00
1629493200000,78.643,80.0,78.046,79.578,337972.068,2021-08-20 21:00:00
1629496800000,79.563,79.767,77.218,77.998,247473.497,2021-08-20 22:00:00
1629500400000,78.027,78.932,77.588,78.643,160671.504,2021-08-20 23:00:00
1629504000000,78.684,79.042,76.332,77.956,370569.962,2021-08-21 00:00:00
1629507600000,77.913,78.781,77.222,78.55,162876.011,2021-08-21 01:00:00
1629511200000,78.55,82.0,78.406,79.884,622803.638,2021-08-21 02:00:00
1629514800000,79.848,80.736,79.412,79.657,207749.573,2021-08-21 03:00:00
1629518400000,79.663,80.163,78.233,78.442,192121.264,2021-08-21 04:00:00
1629522000000,78.446,79.584,78.35,79.163,169718.911,2021-08-21 05:00:00
1629525600000,79.14,80.306,78.829,80.108,185195.238,2021-08-21 06:00:00
1629529200000,80.1,80.164,78.5,78.855,213495.913,2021-08-21 07:00:00
1629532800000,78.852,79.15,77.899,78.654,321065.092,2021-08-21 08:00:00
1629536400000,78.635,78.637,77.419,77.61,198079.286,2021-08-21 09:00:00
1629540000000,77.614,77.85,76.857,77.144,164268.407,2021-08-21 10:00:00
1629543600000,77.157,77.219,74.341,75.898,381630.826,2021-08-21 11:00:00
1629547200000,75.9,77.117,75.779,76.688,179392.443,2021-08-21 12:00:00
1629550800000,76.694,76.899,76.012,76.661,164300.22,2021-08-21 13:00:00
1629554400000,76.67,76.811,74.808,75.335,297960.661,2021-08-21 14:00:00
1629558000000,75.34,75.971,75.11,75.406,122272.788,2021-08-21 15:00:00
1629561600000,75.391,76.486,74.966,75.708,144293.424,2021-08-21 16:00:00
1629565200000,75.693,75.714,72.8,74.6,229840.879,2021-08-21 17:00:00
1629568800000,74.614,74.857,73.463,74.124,142090.962,2021-08-21 18:00:00
1629572400000,74.088,74.374,72.6,73.248,192419.993,2021-08-21 19:00:00
1629576000000,73.239,74.307,72.926,73.918,116617.809,2021-08-21 20:00:00
1629579600000,73.936,74.575,73.467,74.248,98327.602,2021-08-21 21:00:00
1629583200000,74.285,75.789,74.098,74.758,145353.816,2021-08-21 22:00:00
1629586800000,74.758,75.199,73.501,73.801,109354.644,2021-08-21 23:00:00
1629590400000,73.852,75.567,73.39,74.988,137185.32,2021-08-22 00:00:00
1629594000000,75.0,75.236,74.36,74.947,82081.944,2021-08-22 01:00:00
1629597600000,74.92,75.0,73.958,74.551,102670.889,2021-08-22 02:00:00
1629601200000,74.581,74.978,73.543,74.307,125168.379,2021-08-22 03:00:00
1629604800000,74.292,75.082,74.242,74.905,73133.102,2021-08-22 04:00:00
1629608400000,74.868,75.78,74.349,74.545,100929.946,2021-08-22 05:00:00
1629612000000,74.53,75.461,74.284,75.318,84476.714,2021-08-22 06:00:00
1629615600000,75.302,75.599,74.819,75.512,81029.422,2021-08-22 07:00:00
1629619200000,75.52,77.6,75.0,76.445,296826.071,2021-08-22 08:00:00
1629622800000,76.449,77.272,76.193,76.838,114382.731,2021-08-22 09:00:00
1629626400000,76.841,77.469,75.909,76.121,124673.801,2021-08-22 10:00:00
1629630000000,76.097,77.25,76.012,77.077,91311.106,2021-08-22 11:00:00
1629633600000,77.077,77.324,75.512,75.842,119633.122,2021-08-22 12:00:00
1629637200000,75.843,76.144,74.628,75.382,128877.036,2021-08-22 13:00:00
1629640800000,75.384,75.799,73.35,73.929,134315.697,2021-08-22 14:00:00
1629644400000,73.93,75.068,73.8,74.612,106765.19,2021-08-22 15:00:00
1629648000000,74.599,75.071,73.89,74.289,78360.761,2021-08-22 16:00:00
1629651600000,74.317,74.631,73.871,74.151,59982.98,2021-08-22 17:00:00
1629655200000,74.148,74.148,71.5,72.828,198273.067,2021-08-22 18:00:00
1629658800000,72.829,73.467,72.78,73.079,77283.363,2021-08-22 19:00:00
1629662400000,73.078,73.085,71.244,71.811,142325.811,2021-08-22 20:00:00
1629666000000,71.811,72.541,71.5,72.117,82126.633,2021-08-22 21:00:00
1629669600000,72.143,73.461,71.936,72.933,185567.625,2021-08-22 22:00:00
1629673200000,72.905,73.95,72.543,72.775,134806.343,2021-08-22 23:00:00
1629676800000,72.751,73.609,72.0,72.747,160614.413,2021-08-23 00:00:00
1629680400000,72.741,74.107,72.5,73.586,156006.701,2021-08-23 01:00:00
1629684000000,73.585,74.653,73.233,74.049,151007.844,2021-08-23 02:00:00
1629687600000,74.067,75.942,74.067,75.391,274223.535,2021-08-23 03:00:00
1629691200000,75.444,75.672,73.417,74.3,254835.764,2021-08-23 04:00:00
1629694800000,74.308,74.45,73.1,73.627,155642.15,2021-08-23 05:00:00
1629698400000,73.644,74.373,73.405,73.729,114709.781,2021-08-23 06:00:00
1629702000000,73.73,74.06,73.315,73.357,86682.552,2021-08-23 07:00:00
1629705600000,73.358,73.705,72.5,73.033,198169.462,2021-08-23 08:00:00
1629709200000,73.049,73.749,72.8,73.723,219769.542,2021-08-23 09:00:00
1629712800000,73.749,74.057,71.753,72.42,211560.494,2021-08-23 10:00:00
1629716400000,72.419,72.978,72.257,72.75,133370.13,2021-08-23 11:00:00
1629720000000,72.745,73.519,72.659,72.95,106247.126,2021-08-23 12:00:00
1629723600000,72.95,73.137,72.517,72.893,102197.298,2021-08-23 13:00:00
1629727200000,72.893,73.13,71.545,72.059,212075.744,2021-08-23 14:00:00
1629730800000,72.027,72.8,71.7,72.04,169500.5,2021-08-23 15:00:00
1629734400000,72.046,73.104,71.905,73.024,122391.662,2021-08-23 16:00:00
1629738000000,73.025,73.037,72.35,72.5,96114.037,2021-08-23 17:00:00
1629741600000,72.488,73.794,72.445,73.232,142391.04,2021-08-23 18:00:00
1629745200000,73.229,73.229,72.439,72.826,93221.939,2021-08-23 19:00:00
1629748800000,72.811,73.8,71.835,73.574,148731.188,2021-08-23 20:00:00
1629752400000,73.569,74.22,72.952,74.208,92935.352,2021-08-23 21:00:00
1629756000000,74.22,76.81,74.18,75.1,465259.863,2021-08-23 22:00:00
1629759600000,75.1,76.773,74.9,75.623,283122.478,2021-08-23 23:00:00
1629763200000,75.647,77.23,73.389,74.611,432432.079,2021-08-24 00:00:00
1629766800000,74.592,75.4,73.591,74.45,195985.428,2021-08-24 01:00:00
1629770400000,74.435,76.443,74.105,76.187,262083.688,2021-08-24 02:00:00
1629774000000,76.187,78.899,76.148,78.244,551374.243,2021-08-24 03:00:00
1629777600000,78.242,79.45,77.377,78.499,390186.695,2021-08-24 04:00:00
1629781200000,78.497,78.498,76.638,77.85,232392.58,2021-08-24 05:00:00
1629784800000,77.836,78.771,77.69,77.766,241482.077,2021-08-24 06:00:00
1629788400000,77.768,78.068,76.823,77.277,229087.991,2021-08-24 07:00:00
1629792000000,77.263,78.2,76.836,77.62,292708.18,2021-08-24 08:00:00
1629795600000,77.644,78.9,77.09,78.9,226941.359,2021-08-24 09:00:00
1629799200000,78.899,78.974,77.166,77.41,212610.116,2021-08-24 10:00:00
1629802800000,77.403,77.928,76.013,77.768,214726.821,2021-08-24 11:00:00
1629806400000,77.766,77.893,76.34,77.154,180388.061,2021-08-24 12:00:00
1629810000000,77.168,77.454,74.0,75.158,412375.861,2021-08-24 13:00:00
1629813600000,75.126,75.142,72.63,73.49,413901.317,2021-08-24 14:00:00
1629817200000,73.483,74.078,71.584,71.999,482293.081,2021-08-24 15:00:00
1629820800000,71.985,72.634,68.5,70.777,664470.936,2021-08-24 16:00:00
1629824400000,70.768,72.105,70.479,70.789,223771.241,2021-08-24 17:00:00
1629828000000,70.836,72.095,70.447,71.507,194693.257,2021-08-24 18:00:00
1629831600000,71.534,71.972,70.143,71.672,191936.599,2021-08-24 19:00:00
1629835200000,71.607,72.589,70.843,72.44,138963.789,2021-08-24 20:00:00
1629838800000,72.448,72.731,70.62,71.383,119252.646,2021-08-24 21:00:00
1629842400000,71.383,72.317,71.163,72.256,119682.78,2021-08-24 22:00:00
1629846000000,72.245,72.635,69.624,70.527,168895.312,2021-08-24 23:00:00
1629849600000,70.519,71.75,70.32,71.385,161587.172,2021-08-25 00:00:00
1629853200000,71.386,71.386,70.2,71.225,122609.114,2021-08-25 01:00:00
1629856800000,71.231,71.98,70.911,71.828,117284.015,2021-08-25 02:00:00
1629860400000,71.827,72.386,70.628,70.663,165273.502,2021-08-25 03:00:00
1629864000000,70.653,71.494,70.517,70.931,87863.812,2021-08-25 04:00:00
1629867600000,70.906,72.4,70.861,72.4,112615.845,2021-08-25 05:00:00
1629871200000,72.381,72.83,71.794,71.969,104841.437,2021-08-25 06:00:00
1629874800000,71.934,72.191,70.966,71.141,135000.751,2021-08-25 07:00:00
1629878400000,71.143,71.24,66.03,66.625,745686.674,2021-08-25 08:00:00
1629882000000,66.627,68.759,66.5,67.81,389293.434,2021-08-25 09:00:00
1629885600000,67.766,68.223,66.988,68.01,217776.707,2021-08-25 10:00:00
1629889200000,68.06,68.141,67.0,67.694,267402.01,2021-08-25 11:00:00
1629892800000,67.687,68.105,66.378,67.597,430911.956,2021-08-25 12:00:00
1629896400000,67.597,68.61,67.593,68.29,303949.886,2021-08-25 13:00:00
1629900000000,68.305,71.233,67.0,70.809,501216.622,2021-08-25 14:00:00
1629903600000,70.809,71.572,69.655,71.305,243363.562,2021-08-25 15:00:00
1629907200000,71.277,71.305,70.533,70.676,146664.116,2021-08-25 16:00:00
1629910800000,70.657,71.501,69.591,70.95,231382.616,2021-08-25 17:00:00
1629914400000,70.934,71.17,70.341,70.506,128049.466,2021-08-25 18:00:00
1629918000000,70.504,71.192,70.057,70.237,127538.315,2021-08-25 19:00:00
1629921600000,70.223,71.14,70.169,70.406,67996.279,2021-08-25 20:00:00
1629925200000,70.406,71.215,70.351,71.155,55129.803,2021-08-25 21:00:00
1629928800000,71.155,71.874,70.469,71.143,128418.372,2021-08-25 22:00:00
1629932400000,71.137,72.045,70.91,71.973,77209.338,2021-08-25 23:00:00
1629936000000,71.982,73.334,71.771,73.238,251625.296,2021-08-26 00:00:00
1629939600000,73.258,74.043,72.5,72.703,215248.615,2021-08-26 01:00:00
1629943200000,72.694,73.484,71.866,72.37,123349.692,2021-08-26 02:00:00
1629946800000,72.378,72.807,70.056,70.743,193627.246,2021-08-26 03:00:00
1629950400000,70.673,71.144,69.764,70.95,182205.726,2021-08-26 04:00:00
1629954000000,70.923,71.513,67.955,68.339,270564.786,2021-08-26 05:00:00
1629957600000,68.304,69.17,67.4,67.42,172959.699,2021-08-26 06:00:00
1629961200000,67.42,68.1,66.2,67.65,217243.698,2021-08-26 07:00:00
1629964800000,67.66,68.49,66.62,67.78,159932.92,2021-08-26 08:00:00
1629968400000,67.8,68.1,66.73,66.95,130673.61,2021-08-26 09:00:00
1629972000000,66.96,68.17,66.57,67.75,108745.9,2021-08-26 10:00:00
1629975600000,67.76,68.33,67.13,67.2,128846.28,2021-08-26 11:00:00
1629979200000,67.21,69.19,66.4,67.37,239321.72,2021-08-26 12:00:00
1629982800000,67.38,73.2,67.37,73.08,329309.071,2021-08-26 13:00:00
1629986400000,73.14,78.3,72.7,75.31,1239093.138,2021-08-26 14:00:00
1629990000000,75.32,76.57,74.03,74.71,367828.14,2021-08-26 15:00:00
1629993600000,74.71,76.41,73.39,74.66,425322.39,2021-08-26 16:00:00
1629997200000,74.69,77.61,74.6,75.21,449346.77,2021-08-26 17:00:00
1630000800000,75.22,75.87,73.79,75.09,247393.16,2021-08-26 18:00:00
1630004400000,75.07,75.73,73.81,74.75,194872.65,2021-08-26 19:00:00
1630008000000,74.78,76.2,74.2,75.32,201234.49,2021-08-26 20:00:00
1630011600000,75.32,77.25,75.24,76.02,226456.82,2021-08-26 21:00:00
1630015200000,76.02,77.11,74.92,77.0,263621.99,2021-08-26 22:00:00
1630018800000,76.99,77.08,74.48,74.92,224846.94,2021-08-26 23:00:00
1630022400000,74.92,80.81,72.55,80.31,1139491.916,2021-08-27 00:00:00
1630026000000,80.31,80.56,78.37,79.13,538245.68,2021-08-27 01:00:00
1630029600000,79.16,83.93,79.07,82.16,823777.828,2021-08-27 02:00:00
1630033200000,82.13,82.6,80.27,81.4,380474.84,2021-08-27 03:00:00
1630036800000,81.4,82.18,78.98,81.62,377429.8,2021-08-27 04:00:00
1630040400000,81.62,82.1,80.1,81.17,244141.06,2021-08-27 05:00:00
1630044000000,81.17,83.27,80.91,81.72,326172.37,2021-08-27 06:00:00
1630047600000,81.69,82.1,80.01,81.92,343419.62,2021-08-27 07:00:00
1630051200000,81.92,84.17,81.6,82.46,442872.976,2021-08-27 08:00:00
1630054800000,82.45,83.17,81.71,82.85,213076.88,2021-08-27 09:00:00
1630058400000,82.84,83.66,81.88,83.22,323910.74,2021-08-27 10:00:00
1630062000000,83.22,83.52,81.92,82.33,314168.26,2021-08-27 11:00:00
1630065600000,82.32,82.5,81.07,81.7,260058.9,2021-08-27 12:00:00
1630069200000,81.66,81.92,80.57,80.84,243788.85,2021-08-27 13:00:00
1630072800000,80.84,82.33,80.38,82.01,512837.15,2021-08-27 14:00:00
1630076400000,81.99,83.15,81.89,82.49,212080.57,2021-08-27 15:00:00
1630080000000,82.5,85.85,81.77,84.8,441619.89,2021-08-27 16:00:00
1630083600000,84.78,85.58,84.09,84.61,270230.96,2021-08-27 17:00:00
1630087200000,84.6,86.66,84.41,85.99,251720.141,2021-08-27 18:00:00
1630090800000,85.99,86.09,84.55,85.64,195947.56,2021-08-27 19:00:00
1630094400000,85.64,87.62,84.5,86.97,240661.84,2021-08-27 20:00:00
1630098000000,86.99,87.39,86.12,87.11,168017.05,2021-08-27 21:00:00
1630101600000,87.13,88.92,86.67,88.76,321292.282,2021-08-27 22:00:00
1630105200000,88.78,88.84,87.65,87.98,200199.93,2021-08-27 23:00:00
1630108800000,87.98,88.09,86.32,87.27,236219.52,2021-08-28 00:00:00
1630112400000,87.24,88.85,86.28,88.03,177261.53,2021-08-28 01:00:00
1630116000000,88.02,88.33,86.08,86.99,146658.09,2021-08-28 02:00:00
1630119600000,86.98,87.99,86.17,86.3,128883.01,2021-08-28 03:00:00
1630123200000,86.32,86.94,85.7,86.42,107386.72,2021-08-28 04:00:00
1630126800000,86.4,86.91,85.59,86.43,122271.9,2021-08-28 05:00:00
1630130400000,86.42,87.26,85.82,87.19,108682.97,2021-08-28 06:00:00
1630134000000,87.2,87.3,86.52,86.92,78864.11,2021-08-28 07:00:00
1630137600000,86.93,88.05,86.85,87.71,165102.54,2021-08-28 08:00:00
1630141200000,87.72,90.14,87.69,89.83,361580.228,2021-08-28 09:00:00
1630144800000,89.83,91.52,89.62,90.7,338686.905,2021-08-28 10:00:00
1630148400000,90.66,92.94,90.61,92.43,459122.022,2021-08-28 11:00:00
1630152000000,92.45,95.039,92.42,93.19,574563.49,2021-08-28 12:00:00
1630155600000,93.12,94.1,92.33,93.84,298959.38,2021-08-28 13:00:00
1630159200000,93.8,94.06,91.33,92.69,337858.58,2021-08-28 14:00:00
1630162800000,92.69,94.75,92.15,94.66,249051.07,2021-08-28 15:00:00
1630166400000,94.65,96.43,94.26,94.93,477515.483,2021-08-28 16:00:00
1630170000000,94.92,96.0,94.77,95.42,163095.9,2021-08-28 17:00:00
1630173600000,95.42,96.37,95.03,95.19,173410.41,2021-08-28 18:00:00
1630177200000,95.2,95.23,93.17,93.93,242536.3,2021-08-28 19:00:00
1630180800000,93.91,95.49,93.65,95.27,194766.43,2021-08-28 20:00:00
1630184400000,95.26,96.0,94.62,95.65,151637.6,2021-08-28 21:00:00
1630188000000,95.66,97.04,95.66,96.31,253994.977,2021-08-28 22:00:00
1630191600000,96.36,97.82,96.1,96.22,226262.093,2021-08-28 23:00:00
1630195200000,96.17,97.4,95.66,97.18,177047.98,2021-08-29 00:00:00
1630198800000,97.15,97.82,94.74,94.96,247006.38,2021-08-29 01:00:00
1630202400000,94.96,96.45,93.65,94.03,213255.1,2021-08-29 02:00:00
1630206000000,94.04,94.8,91.86,93.95,437636.27,2021-08-29 03:00:00
1630209600000,93.95,94.37,92.88,93.91,197339.8,2021-08-29 04:00:00
1630213200000,93.9,96.11,93.52,95.04,200994.86,2021-08-29 05:00:00
1630216800000,95.05,95.05,93.4,93.8,206107.18,2021-08-29 06:00:00
1630220400000,93.78,94.64,93.25,94.08,119729.48,2021-08-29 07:00:00
1630224000000,94.08,94.57,92.41,93.06,184403.05,2021-08-29 08:00:00
1630227600000,93.06,93.3,91.21,92.75,298817.75,2021-08-29 09:00:00
1630231200000,92.75,93.3,91.65,92.3,175705.68,2021-08-29 10:00:00
1630234800000,92.3,93.24,91.61,91.75,191753.52,2021-08-29 11:00:00
1630238400000,91.75,93.11,91.69,91.96,181486.67,2021-08-29 12:00:00
1630242000000,91.96,94.4,91.75,92.83,223540.04,2021-08-29 13:00:00
1630245600000,92.82,93.25,91.6,91.64,138495.97,2021-08-29 14:00:00
1630249200000,91.62,92.29,90.3,92.16,161877.61,2021-08-29 15:00:00
1630252800000,92.17,92.7,91.01,92.39,130876.23,2021-08-29 16:00:00
1630256400000,92.43,93.43,91.86,92.53,102290.23,2021-08-29 17:00:00
1630260000000,92.54,93.51,92.24,93.16,89337.84,2021-08-29 18:00:00
1630263600000,93.17,94.39,93.17,93.92,121998.0,2021-08-29 19:00:00
1630267200000,93.91,94.5,93.36,94.16,84215.48,2021-08-29 20:00:00
1630270800000,94.17,94.42,92.68,93.66,82899.06,2021-08-29 21:00:00
1630274400000,93.65,95.0,93.65,94.1,130840.12,2021-08-29 22:00:00
1630278000000,94.1,94.63,93.61,94.23,74207.35,2021-08-29 23:00:00
1630281600000,94.23,97.5,93.58,96.83,394231.54,2021-08-30 00:00:00
1630285200000,96.85,99.06,96.0,98.67,413677.76,2021-08-30 01:00:00
1630288800000,98.64,101.58,97.65,100.14,482010.882,2021-08-30 02:00:00
1630292400000,100.11,101.96,97.34,97.63,646864.226,2021-08-30 03:00:00
1630296000000,97.63,98.49,96.73,97.29,330537.06,2021-08-30 04:00:00
1630299600000,97.31,98.43,95.81,98.1,235682.85,2021-08-30 05:00:00
1630303200000,98.08,98.77,96.64,97.89,182047.21,2021-08-30 06:00:00
1630306800000,97.85,100.55,97.22,100.16,269506.55,2021-08-30 07:00:00
1630310400000,100.15,100.77,98.61,99.72,288730.29,2021-08-30 08:00:00
1630314000000,99.74,100.62,99.0,100.17,216823.42,2021-08-30 09:00:00
1630317600000,100.18,102.1,100.16,101.31,340910.6,2021-08-30 10:00:00
1630321200000,101.33,101.46,99.24,101.04,247073.01,2021-08-30 11:00:00
1630324800000,101.04,101.04,98.0,99.83,292006.15,2021-08-30 12:00:00
1630328400000,99.85,100.4,98.23,100.31,324572.57,2021-08-30 13:00:00
1630332000000,100.31,104.16,99.66,102.42,599294.426,2021-08-30 14:00:00
1630335600000,102.41,106.91,102.03,105.62,906862.796,2021-08-30 15:00:00
1630339200000,105.59,107.93,104.35,107.54,567295.467,2021-08-30 16:00:00
1630342800000,107.52,108.33,105.56,107.55,456853.69,2021-08-30 17:00:00
1630346400000,107.53,116.84,107.17,115.72,1103031.558,2021-08-30 18:00:00
1630350000000,115.72,115.81,108.21,109.66,1100413.92,2021-08-30 19:00:00
1630353600000,109.63,111.88,108.75,110.86,383955.17,2021-08-30 20:00:00
1630357200000,110.86,114.85,110.76,114.37,476009.75,2021-08-30 21:00:00
1630360800000,114.36,114.99,110.4,112.48,395646.16,2021-08-30 22:00:00
1630364400000,112.5,112.54,107.22,110.25,455505.56,2021-08-30 23:00:00
1630368000000,110.26,113.72,108.65,111.4,516500.56,2021-08-31 00:00:00
1630371600000,111.39,114.91,110.8,112.81,421134.48,2021-08-31 01:00:00
1630375200000,112.81,115.3,111.0,114.28,366449.02,2021-08-31 02:00:00
1630378800000,114.3,115.21,112.54,115.19,234658.27,2021-08-31 03:00:00
1630382400000,115.19,118.0,114.44,116.17,508217.352,2021-08-31 04:00:00
1630386000000,116.16,119.36,115.85,117.92,638135.994,2021-08-31 05:00:00
1630389600000,117.91,118.86,115.6,116.94,383483.39,2021-08-31 06:00:00
1630393200000,116.94,120.5,116.33,119.68,497063.757,2021-08-31 07:00:00
1630396800000,119.68,119.81,117.89,119.33,382547.71,2021-08-31 08:00:00
1630400400000,119.36,119.68,117.09,118.72,275157.79,2021-08-31 09:00:00
1630404000000,118.72,121.7,117.53,120.51,373931.882,2021-08-31 10:00:00
1630407600000,120.51,125.0,119.64,124.77,620228.362,2021-08-31 11:00:00
1630411200000,124.78,130.11,121.77,122.35,1911975.445,2021-08-31 12:00:00
1630414800000,122.32,127.3,121.93,125.68,1090680.83,2021-08-31 13:00:00
1630418400000,125.68,126.88,117.0,118.62,1148371.67,2021-08-31 14:00:00
1630422000000,118.64,121.5,114.34,116.52,1036316.86,2021-08-31 15:00:00
1630425600000,116.52,117.23,111.62,114.23,1113278.22,2021-08-31 16:00:00
1630429200000,114.23,114.84,107.27,110.31,1107538.0,2021-08-31 17:00:00
1630432800000,110.32,112.78,106.26,110.54,764053.3,2021-08-31 18:00:00
1630436400000,110.52,117.11,109.24,114.69,1088475.63,2021-08-31 19:00:00
1630440000000,114.69,114.74,107.97,109.42,588090.94,2021-08-31 20:00:00
1630443600000,109.35,111.56,106.71,106.93,415470.21,2021-08-31 21:00:00
1630447200000,106.93,108.32,103.06,107.85,645247.15,2021-08-31 22:00:00
1630450800000,107.8,110.01,106.0,108.27,382558.77,2021-08-31 23:00:00
1630454400000,108.27,112.43,106.08,106.92,623894.41,2021-09-01 00:00:00
1630458000000,106.91,111.68,105.89,111.06,348604.96,2021-09-01 01:00:00
1630461600000,111.06,111.55,108.76,109.87,285171.02,2021-09-01 02:00:00
1630465200000,109.88,111.4,108.92,111.24,166720.06,2021-09-01 03:00:00
1630468800000,111.24,114.99,110.61,112.0,339829.42,2021-09-01 04:00:00
1630472400000,112.01,114.03,109.27,110.89,384700.87,2021-09-01 05:00:00
1630476000000,110.9,111.11,107.37,109.12,332836.77,2021-09-01 06:00:00
1630479600000,109.11,110.63,107.75,110.12,208177.46,2021-09-01 07:00:00
1630483200000,110.13,112.46,109.07,112.35,260104.86,2021-09-01 08:00:00
1630486800000,112.31,113.7,111.11,112.37,391498.76,2021-09-01 09:00:00
1630490400000,112.38,114.3,110.66,113.34,297208.29,2021-09-01 10:00:00
1630494000000,113.35,117.03,112.62,116.07,545397.0,2021-09-01 11:00:00
1630497600000,116.09,119.72,115.82,116.95,613008.33,2021-09-01 12:00:00
1630501200000,116.96,117.8,113.91,115.06,528717.2,2021-09-01 13:00:00
1630504800000,115.08,116.2,113.09,114.02,343630.26,2021-09-01 14:00:00
1630508400000,113.97,117.42,113.92,117.22,311398.86,2021-09-01 15:00:00
1630512000000,117.27,118.88,114.44,115.97,478983.98,2021-09-01 16:00:00
1630515600000,115.97,117.1,114.23,114.82,311923.86,2021-09-01 17:00:00
1630519200000,114.84,115.75,114.0,114.51,188228.63,2021-09-01 18:00:00
1630522800000,114.52,115.4,114.0,114.98,223249.61,2021-09-01 19:00:00
1630526400000,114.98,115.15,111.82,112.8,171384.79,2021-09-01 20:00:00
1630530000000,112.78,113.64,112.11,112.79,176800.17,2021-09-01 21:00:00
1630533600000,112.78,112.92,110.12,111.17,288105.77,2021-09-01 22:00:00
1630537200000,111.16,112.67,110.05,110.71,208728.45,2021-09-01 23:00:00
1630540800000,110.71,112.69,109.18,112.09,301323.9,2021-09-02 00:00:00
1630544400000,112.07,113.21,110.87,110.97,223354.64,2021-09-02 01:00:00
1630548000000,110.97,112.4,110.1,111.03,169826.64,2021-09-02 02:00:00
1630551600000,111.03,114.68,110.86,113.7,246332.49,2021-09-02 03:00:00
1630555200000,113.7,114.54,112.95,114.06,166120.36,2021-09-02 04:00:00
1630558800000,114.05,114.7,112.85,113.07,173023.24,2021-09-02 05:00:00
1630562400000,113.07,116.9,112.9,116.31,264605.14,2021-09-02 06:00:00
1630566000000,116.28,117.31,114.0,114.48,401456.53,2021-09-02 07:00:00
1630569600000,114.47,118.0,114.08,117.4,365741.6,2021-09-02 08:00:00
1630573200000,117.39,117.91,115.26,115.88,276216.64,2021-09-02 09:00:00
1630576800000,115.87,117.0,115.0,115.74,163550.47,2021-09-02 10:00:00
1630580400000,115.76,115.9,114.33,114.92,204386.58,2021-09-02 11:00:00
1630584000000,114.91,116.57,114.8,115.9,210997.72,2021-09-02 12:00:00
1630587600000,115.91,117.8,115.81,116.85,260045.47,2021-09-02 13:00:00
1630591200000,116.84,117.39,114.33,115.84,379745.57,2021-09-02 14:00:00
1630594800000,115.83,123.5,115.0,121.88,970995.56,2021-09-02 15:00:00
1630598400000,121.87,124.7,119.54,123.87,797037.29,2021-09-02 16:00:00
1630602000000,123.87,129.0,122.34,126.72,952589.34,2021-09-02 17:00:00
1630605600000,126.75,127.86,122.86,126.59,621506.37,2021-09-02 18:00:00
1630609200000,126.58,128.4,125.04,127.18,335855.26,2021-09-02 19:00:00
1630612800000,127.18,128.2,125.38,127.54,265820.11,2021-09-02 20:00:00
1630616400000,127.57,131.96,127.43,129.07,799185.752,2021-09-02 21:00:00
1630620000000,129.08,131.34,127.56,128.39,317658.37,2021-09-02 22:00:00
1630623600000,128.36,129.65,125.92,128.23,339478.43,2021-09-02 23:00:00
1630627200000,128.2,134.33,128.12,133.64,848819.941,2021-09-03 00:00:00
1630630800000,133.63,135.0,131.46,132.82,601082.48,2021-09-03 01:00:00
1630634400000,132.87,136.9,131.97,136.74,488036.62,2021-09-03 02:00:00
1630638000000,136.74,137.0,133.5,135.35,474374.46,2021-09-03 03:00:00
1630641600000,135.35,135.84,133.37,135.8,300923.47,2021-09-03 04:00:00
1630645200000,135.81,138.99,134.94,138.78,587743.781,2021-09-03 05:00:00
1630648800000,138.78,143.73,137.93,141.71,1066898.257,2021-09-03 06:00:00
1630652400000,141.71,146.38,140.43,144.69,823106.807,2021-09-03 07:00:00
1630656000000,144.67,145.19,139.62,141.11,684305.1,2021-09-03 08:00:00
1630659600000,141.07,144.65,141.07,143.1,426763.69,2021-09-03 09:00:00
1630663200000,143.09,143.83,139.8,141.25,364404.9,2021-09-03 10:00:00
1630666800000,141.2,141.48,135.54,139.39,997646.0,2021-09-03 11:00:00
1630670400000,139.37,141.7,137.78,139.28,386875.53,2021-09-03 12:00:00
1630674000000,139.27,143.46,138.12,142.64,444117.88,2021-09-03 13:00:00
1630677600000,142.64,143.09,138.91,140.46,437840.68,2021-09-03 14:00:00
1630681200000,140.45,141.0,138.9,140.02,262219.12,2021-09-03 15:00:00
1630684800000,140.02,143.33,139.43,142.46,390086.75,2021-09-03 16:00:00
1630688400000,142.46,143.42,140.12,140.63,233591.04,2021-09-03 17:00:00
1630692000000,140.65,140.99,138.13,139.92,250464.98,2021-09-03 18:00:00
1630695600000,139.93,142.93,139.12,142.9,210944.43,2021-09-03 19:00:00
1630699200000,142.89,145.0,141.57,141.79,401598.0,2021-09-03 20:00:00
1630702800000,141.82,148.46,141.79,147.45,417247.584,2021-09-03 21:00:00
1630706400000,147.46,148.99,143.19,143.76,559523.2,2021-09-03 22:00:00
1630710000000,143.76,147.16,142.6,146.4,268446.67,2021-09-03 23:00:00
1630713600000,146.36,149.46,144.85,149.32,379884.363,2021-09-04 00:00:00
1630717200000,149.32,149.33,146.59,148.29,275937.46,2021-09-04 01:00:00
1630720800000,148.32,149.7,146.23,149.63,269876.27,2021-09-04 02:00:00
1630724400000,149.63,150.6,147.43,148.34,375889.293,2021-09-04 03:00:00
1630728000000,148.35,149.8,146.9,147.53,229062.59,2021-09-04 04:00:00
1630731600000,147.61,148.62,144.56,145.62,306358.69,2021-09-04 05:00:00
1630735200000,145.62,148.3,145.24,148.21,227919.21,2021-09-04 06:00:00
1630738800000,148.21,148.81,145.6,145.8,223774.16,2021-09-04 07:00:00
1630742400000,145.83,147.65,145.75,146.36,194379.29,2021-09-04 08:00:00
1630746000000,146.36,146.67,143.34,144.17,359478.66,2021-09-04 09:00:00
1630749600000,144.16,145.69,140.43,141.38,306528.73,2021-09-04 10:00:00
1630753200000,141.38,143.36,141.3,141.68,264310.69,2021-09-04 11:00:00
1630756800000,141.67,144.45,140.55,142.21,237456.71,2021-09-04 12:00:00
1630760400000,142.21,142.57,139.36,140.93,334716.54,2021-09-04 13:00:00
1630764000000,140.96,143.0,139.61,142.77,221088.75,2021-09-04 14:00:00
1630767600000,142.76,143.56,141.63,142.36,200313.08,2021-09-04 15:00:00
1630771200000,142.34,142.88,138.38,138.97,250471.62,2021-09-04 16:00:00
1630774800000,138.93,140.4,135.73,140.26,485776.63,2021-09-04 17:00:00
1630778400000,140.27,140.69,139.13,139.65,175217.53,2021-09-04 18:00:00
1630782000000,139.65,139.69,136.74,138.89,191075.24,2021-09-04 19:00:00
1630785600000,138.9,142.04,138.27,140.42,295272.15,2021-09-04 20:00:00
1630789200000,140.42,141.89,140.38,140.95,87059.62,2021-09-04 21:00:00
1630792800000,140.96,142.25,140.19,140.93,112309.29,2021-09-04 22:00:00
1630796400000,140.92,141.32,138.8,138.88,129905.96,2021-09-04 23:00:00
1630800000000,138.88,142.1,137.82,141.56,181653.55,2021-09-05 00:00:00
1630803600000,141.56,144.99,141.38,144.06,335390.21,2021-09-05 01:00:00
1630807200000,144.08,144.5,142.02,142.59,152378.97,2021-09-05 02:00:00
1630810800000,142.6,143.44,140.27,140.63,131338.75,2021-09-05 03:00:00
1630814400000,140.62,142.0,140.4,141.16,103437.13,2021-09-05 04:00:00
1630818000000,141.16,141.51,138.95,139.23,149480.81,2021-09-05 05:00:00
1630821600000,139.27,140.89,138.5,139.87,129421.01,2021-09-05 06:00:00
1630825200000,139.87,140.68,138.78,138.93,116557.86,2021-09-05 07:00:00
1630828800000,138.97,141.37,138.92,140.96,163945.07,2021-09-05 08:00:00
1630832400000,140.95,141.88,140.18,141.0,160162.76,2021-09-05 09:00:00
1630836000000,141.01,141.72,140.09,140.15,117276.74,2021-09-05 10:00:00
1630839600000,140.18,141.39,139.91,140.36,118937.61,2021-09-05 11:00:00
1630843200000,140.36,140.47,139.01,139.73,174990.31,2021-09-05 12:00:00
1630846800000,139.75,140.1,137.0,137.98,239587.84,2021-09-05 13:00:00
1630850400000,137.99,138.7,136.85,137.89,234793.82,2021-09-05 14:00:00
1630854000000,137.91,137.98,134.74,136.29,315919.99,2021-09-05 15:00:00
1630857600000,136.29,138.88,135.18,136.7,342559.46,2021-09-05 16:00:00
1630861200000,136.69,137.64,136.27,136.54,147798.57,2021-09-05 17:00:00
1630864800000,136.55,137.41,136.35,136.61,100961.0,2021-09-05 18:00:00
1630868400000,136.58,138.6,136.41,137.87,214146.17,2021-09-05 19:00:00
1630872000000,137.87,138.72,136.91,138.61,111330.14,2021-09-05 20:00:00
1630875600000,138.62,141.28,138.0,140.45,261237.26,2021-09-05 21:00:00
1630879200000,140.44,144.7,140.43,143.0,433687.93,2021-09-05 22:00:00
1630882800000,142.99,144.1,141.34,142.0,182892.46,2021-09-05 23:00:00
1630886400000,141.98,143.5,140.35,140.66,180652.18,2021-09-06 00:00:00
1630890000000,140.66,141.73,139.34,140.82,148385.89,2021-09-06 01:00:00
1630893600000,140.81,142.61,140.63,141.35,109236.94,2021-09-06 02:00:00
1630897200000,141.34,143.03,140.3,140.74,152746.72,2021-09-06 03:00:00
1630900800000,140.81,141.41,139.91,141.31,113835.49,2021-09-06 04:00:00
1630904400000,141.32,142.89,141.15,142.68,151188.99,2021-09-06 05:00:00
1630908000000,142.69,144.99,141.79,144.99,228423.46,2021-09-06 06:00:00
1630911600000,144.98,147.0,144.8,146.03,408617.47,2021-09-06 07:00:00
1630915200000,146.02,146.62,144.26,146.18,205451.08,2021-09-06 08:00:00
1630918800000,146.18,146.18,144.58,145.0,143867.43,2021-09-06 09:00:00
1630922400000,144.99,145.42,143.14,144.15,178453.81,2021-09-06 10:00:00
1630926000000,144.13,144.26,141.42,142.41,238312.97,2021-09-06 11:00:00
1630929600000,142.42,142.64,136.92,141.94,429387.22,2021-09-06 12:00:00
1630933200000,141.98,146.3,141.67,145.94,300094.96,2021-09-06 13:00:00
1630936800000,145.95,146.0,143.49,144.74,305812.5,2021-09-06 14:00:00
1630940400000,144.74,151.7,144.46,151.43,809804.822,2021-09-06 15:00:00
1630944000000,151.43,158.5,151.39,156.24,1480357.601,2021-09-06 16:00:00
1630947600000,156.23,158.9,156.06,157.52,433804.949,2021-09-06 17:00:00
1630951200000,157.52,157.82,154.48,156.92,313127.62,2021-09-06 18:00:00
1630954800000,156.91,164.58,156.81,162.37,784419.931,2021-09-06 19:00:00
1630958400000,162.37,163.78,159.73,163.77,373570.88,2021-09-06 20:00:00
1630962000000,163.75,166.13,161.44,164.16,408286.22,2021-09-06 21:00:00
1630965600000,164.16,165.35,160.89,162.27,335743.17,2021-09-06 22:00:00
1630969200000,162.27,164.99,161.17,164.22,201960.05,2021-09-06 23:00:00
1630972800000,164.19,169.65,162.0,169.58,471760.694,2021-09-07 00:00:00
1630976400000,169.6,174.1,168.12,170.93,670887.896,2021-09-07 01:00:00
1630980000000,170.93,175.42,170.79,173.7,387056.199,2021-09-07 02:00:00
1630983600000,173.74,174.7,171.18,173.45,314275.69,2021-09-07 03:00:00
1630987200000,173.46,180.0,172.88,179.94,573880.15,2021-09-07 04:00:00
1630990800000,179.93,189.0,179.31,186.08,1422808.09,2021-09-07 05:00:00
1630994400000,186.04,195.48,182.88,183.57,1563941.602,2021-09-07 06:00:00
1630998000000,183.57,192.0,181.02,187.85,1423612.13,2021-09-07 07:00:00
1631001600000,187.79,188.5,175.62,177.66,1428182.05,2021-09-07 08:00:00
1631005200000,177.66,183.65,175.66,181.26,839523.81,2021-09-07 09:00:00
1631008800000,181.3,189.8,178.4,186.14,787543.58,2021-09-07 10:00:00
1631012400000,186.15,188.0,181.11,182.91,532033.49,2021-09-07 11:00:00
1631016000000,182.84,185.98,179.48,182.37,524858.51,2021-09-07 12:00:00
1631019600000,182.39,185.93,179.2,179.99,593418.24,2021-09-07 13:00:00
1631023200000,179.97,182.6,152.0,152.23,2007651.16,2021-09-07 14:00:00
1631026800000,152.2,173.73,128.01,168.81,3526957.67,2021-09-07 15:00:00
1631030400000,169.06,192.0,165.51,181.7,2133582.89,2021-09-07 16:00:00
1631034000000,181.65,184.4,169.72,173.13,1368645.79,2021-09-07 17:00:00
1631037600000,173.36,177.22,161.13,170.84,1212669.99,2021-09-07 18:00:00
1631041200000,170.81,178.4,169.0,173.7,603116.82,2021-09-07 19:00:00
1631044800000,173.76,175.93,166.67,169.85,492988.96,2021-09-07 20:00:00
1631048400000,169.85,172.14,159.75,167.52,516227.37,2021-09-07 21:00:00
1631052000000,167.52,175.11,164.84,172.35,523017.51,2021-09-07 22:00:00
1631055600000,172.39,180.0,171.0,173.46,457848.72,2021-09-07 23:00:00
1631059200000,173.49,174.94,166.78,174.06,419284.81,2021-09-08 00:00:00
1631062800000,174.12,180.0,169.6,179.42,478232.59,2021-09-08 01:00:00
1631066400000,179.48,179.66,173.85,174.57,294536.66,2021-09-08 02:00:00
1631070000000,174.58,177.5,171.2,173.03,299195.51,2021-09-08 03:00:00
1631073600000,173.03,174.85,170.6,171.35,229207.87,2021-09-08 04:00:00
1631077200000,171.4,172.61,161.13,161.5,596747.39,2021-09-08 05:00:00
1631080800000,161.49,165.25,155.3,160.84,1086561.51,2021-09-08 06:00:00
1631084400000,160.71,163.99,152.22,152.45,729360.34,2021-09-08 07:00:00
1631088000000,152.48,162.2,146.5,162.0,1376405.95,2021-09-08 08:00:00
1631091600000,162.0,166.13,158.77,165.88,589572.96,2021-09-08 09:00:00
1631095200000,165.86,166.35,157.22,163.89,544015.63,2021-09-08 10:00:00
1631098800000,163.93,166.44,160.54,160.77,453202.86,2021-09-08 11:00:00
1631102400000,160.76,164.71,160.0,160.78,384247.38,2021-09-08 12:00:00
1631106000000,160.82,161.57,153.01,156.79,661826.74,2021-09-08 13:00:00
1631109600000,156.8,159.57,152.28,156.67,515743.02,2021-09-08 14:00:00
1631113200000,156.66,167.88,155.42,166.27,829920.19,2021-09-08 15:00:00
1631116800000,166.27,175.0,164.01,172.26,686363.85,2021-09-08 16:00:00
1631120400000,172.26,176.25,170.76,174.14,519031.8,2021-09-08 17:00:00
1631124000000,174.19,185.0,173.44,183.11,874595.32,2021-09-08 18:00:00
1631127600000,183.04,195.0,179.22,194.79,1342890.87,2021-09-08 19:00:00
1631131200000,194.66,198.0,183.22,188.96,1562075.7,2021-09-08 20:00:00
1631134800000,188.97,197.17,188.5,193.51,987232.04,2021-09-08 21:00:00
1631138400000,193.5,197.0,187.39,191.88,797295.9,2021-09-08 22:00:00
1631142000000,192.04,194.33,187.6,191.02,409298.91,2021-09-08 23:00:00
1631145600000,191.02,210.0,189.0,209.75,1585924.269,2021-09-09 00:00:00
1631149200000,209.74,215.0,202.41,207.73,1285473.511,2021-09-09 01:00:00
1631152800000,207.75,216.0,205.83,208.95,890120.93,2021-09-09 02:00:00
1631156400000,208.92,213.2,205.47,211.25,650724.76,2021-09-09 03:00:00
1631160000000,211.2,214.72,206.37,207.93,771354.99,2021-09-09 04:00:00
1631163600000,207.94,211.13,201.54,210.24,713329.21,2021-09-09 05:00:00
1631167200000,210.23,210.27,203.0,206.32,465051.2,2021-09-09 06:00:00
1631170800000,206.32,208.9,202.75,207.54,435852.52,2021-09-09 07:00:00
1631174400000,207.54,212.49,205.26,207.98,638280.09,2021-09-09 08:00:00
1631178000000,207.98,213.9,206.66,212.62,531225.85,2021-09-09 09:00:00
1631181600000,212.62,213.4,205.36,207.46,489071.98,2021-09-09 10:00:00
1631185200000,207.46,209.55,206.15,206.57,335119.29,2021-09-09 11:00:00
1631188800000,206.57,207.95,193.17,204.81,1459568.22,2021-09-09 12:00:00
1631192400000,204.82,208.44,198.0,200.07,887515.71,2021-09-09 13:00:00
1631196000000,200.04,202.9,196.13,201.87,663788.44,2021-09-09 14:00:00
1631199600000,201.88,203.65,197.83,201.25,424631.08,2021-09-09 15:00:00
1631203200000,201.25,203.02,198.0,200.45,451260.37,2021-09-09 16:00:00
1631206800000,200.4,201.07,190.22,191.22,593611.52,2021-09-09 17:00:00
1631210400000,191.22,193.5,183.67,189.48,876034.03,2021-09-09 18:00:00
1631214000000,189.48,190.39,180.7,185.01,585402.65,2021-09-09 19:00:00
1631217600000,185.01,189.55,184.09,184.57,408015.98,2021-09-09 20:00:00
1631221200000,184.57,196.24,183.67,196.11,478595.35,2021-09-09 21:00:00
1631224800000,196.14,198.87,190.14,191.11,473312.2,2021-09-09 22:00:00
1631228400000,191.07,193.25,185.88,187.9,256413.67,2021-09-09 23:00:00
1631232000000,187.89,190.67,182.88,188.55,375120.67,2021-09-10 00:00:00
1631235600000,188.54,193.06,186.94,189.44,282248.45,2021-09-10 01:00:00
1631239200000,189.43,197.41,188.32,192.38,331770.11,2021-09-10 02:00:00
1631242800000,192.4,195.73,190.0,194.18,250121.0,2021-09-10 03:00:00
1631246400000,194.18,195.0,190.23,190.57,188456.8,2021-09-10 04:00:00
1631250000000,190.57,192.45,187.16,190.84,261678.73,2021-09-10 05:00:00
1631253600000,190.9,192.48,185.0,185.87,249763.83,2021-09-10 06:00:00
1631257200000,185.84,187.43,181.47,182.63,420776.9,2021-09-10 07:00:00
1631260800000,182.64,185.02,175.0,180.62,619262.61,2021-09-10 08:00:00
1631264400000,180.63,184.88,177.16,182.97,444525.73,2021-09-10 09:00:00
1631268000000,182.92,185.8,181.75,184.66,250882.68,2021-09-10 10:00:00
1631271600000,184.68,185.0,180.29,184.44,270585.8,2021-09-10 11:00:00
1631275200000,184.45,184.52,178.56,179.83,295661.28,2021-09-10 12:00:00
1631278800000,179.77,181.58,175.13,177.12,480144.59,2021-09-10 13:00:00
1631282400000,177.12,178.37,167.82,170.63,984471.82,2021-09-10 14:00:00
1631286000000,170.65,180.3,168.5,179.57,671350.31,2021-09-10 15:00:00
1631289600000,179.61,179.63,173.23,174.23,380362.21,2021-09-10 16:00:00
1631293200000,174.25,179.0,171.24,178.69,343391.7,2021-09-10 17:00:00
1631296800000,178.68,183.36,176.3,180.43,431088.71,2021-09-10 18:00:00
1631300400000,180.42,181.89,177.51,181.82,211415.48,2021-09-10 19:00:00
1631304000000,181.78,184.0,173.67,174.87,369473.76,2021-09-10 20:00:00
1631307600000,174.87,176.9,170.41,174.11,298100.44,2021-09-10 21:00:00
1631311200000,174.11,177.98,171.4,174.21,328956.38,2021-09-10 22:00:00
1631314800000,174.21,180.3,173.45,179.6,315800.71,2021-09-10 23:00:00
1631318400000,179.6,183.2,179.17,182.18,323519.9,2021-09-11 00:00:00
1631322000000,182.12,191.23,181.31,188.76,531993.75,2021-09-11 01:00:00
1631325600000,188.8,193.51,183.96,185.57,473073.37,2021-09-11 02:00:00
1631329200000,185.51,186.57,177.39,181.48,367856.9,2021-09-11 03:00:00
1631332800000,181.47,183.88,179.54,182.68,235226.87,2021-09-11 04:00:00
1631336400000,182.67,183.65,176.52,180.32,261421.57,2021-09-11 05:00:00
1631340000000,180.32,181.76,177.64,179.77,185217.32,2021-09-11 06:00:00
1631343600000,179.86,180.37,175.14,178.69,254649.61,2021-09-11 07:00:00
1631347200000,178.71,180.0,175.89,179.11,206337.98,2021-09-11 08:00:00
1631350800000,179.04,185.0,176.85,184.21,290567.83,2021-09-11 09:00:00
1631354400000,184.24,187.36,183.29,184.09,421361.94,2021-09-11 10:00:00
1631358000000,184.12,185.24,180.91,181.26,284522.96,2021-09-11 11:00:00
1631361600000,181.29,184.98,180.23,182.99,276672.98,2021-09-11 12:00:00
1631365200000,183.0,189.18,182.91,188.58,340719.31,2021-09-11 13:00:00
1631368800000,188.58,191.53,185.52,187.84,459975.03,2021-09-11 14:00:00
1631372400000,187.84,191.0,186.2,188.48,305735.3,2021-09-11 15:00:00
1631376000000,188.42,190.0,185.43,186.5,277728.53,2021-09-11 16:00:00
1631379600000,186.51,188.63,185.94,187.96,152256.31,2021-09-11 17:00:00
1631383200000,187.95,187.97,184.3,185.39,145598.17,2021-09-11 18:00:00
1631386800000,185.39,186.88,181.21,181.99,185612.34,2021-09-11 19:00:00
1631390400000,181.99,182.03,178.26,180.63,233235.33,2021-09-11 20:00:00
1631394000000,180.67,184.32,180.0,182.0,124902.01,2021-09-11 21:00:00
1631397600000,182.0,182.01,177.1,177.99,235058.55,2021-09-11 22:00:00
1631401200000,177.95,179.16,175.74,179.04,221419.39,2021-09-11 23:00:00
1631404800000,179.05,180.79,172.89,175.78,307341.65,2021-09-12 00:00:00
1631408400000,175.86,176.52,173.62,176.12,165610.97,2021-09-12 01:00:00
1631412000000,176.12,178.16,175.57,177.86,144434.2,2021-09-12 02:00:00
1631415600000,177.83,180.0,176.64,179.04,138395.14,2021-09-12 03:00:00
1631419200000,179.03,180.15,178.1,179.05,82762.77,2021-09-12 04:00:00
1631422800000,179.04,179.43,176.0,176.81,138817.33,2021-09-12 05:00:00
1631426400000,176.84,178.11,174.75,175.17,104851.23,2021-09-12 06:00:00
1631430000000,175.17,179.04,174.94,178.0,126915.61,2021-09-12 07:00:00
1631433600000,178.0,181.75,177.85,180.79,225214.94,2021-09-12 08:00:00
1631437200000,180.79,181.55,179.08,179.33,139335.76,2021-09-12 09:00:00
1631440800000,179.37,179.96,178.23,179.76,107149.51,2021-09-12 10:00:00
1631444400000,179.78,180.83,177.38,179.07,121783.23,2021-09-12 11:00:00
1631448000000,179.07,179.68,176.93,178.06,118348.58,2021-09-12 12:00:00
1631451600000,178.06,179.27,176.31,178.9,161881.82,2021-09-12 13:00:00
1631455200000,178.9,180.33,177.7,179.05,127105.53,2021-09-12 14:00:00
1631458800000,179.06,180.24,178.17,178.92,116144.03,2021-09-12 15:00:00
1631462400000,178.92,179.85,177.1,177.39,112749.21,2021-09-12 16:00:00
1631466000000,177.39,177.6,175.0,175.52,159974.63,2021-09-12 17:00:00
1631469600000,175.57,176.76,174.02,175.36,163386.83,2021-09-12 18:00:00
1631473200000,175.36,177.85,175.35,177.67,102714.45,2021-09-12 19:00:00
1631476800000,177.69,180.0,170.31,171.85,325529.2,2021-09-12 20:00:00
1631480400000,171.85,174.32,170.15,173.7,165753.94,2021-09-12 21:00:00
1631484000000,173.66,175.7,172.34,175.36,146472.27,2021-09-12 22:00:00
1631487600000,175.34,177.4,174.13,174.29,158538.81,2021-09-12 23:00:00
1631491200000,174.31,174.6,165.0,167.79,420021.18,2021-09-13 00:00:00
1631494800000,167.79,168.67,161.63,163.45,395691.02,2021-09-13 01:00:00
1631498400000,163.44,163.44,156.26,159.4,645557.04,2021-09-13 02:00:00
1631502000000,159.42,160.58,154.1,154.95,361097.26,2021-09-13 03:00:00
1631505600000,154.95,161.99,154.58,160.98,388899.45,2021-09-13 04:00:00
1631509200000,160.94,163.32,158.18,161.68,275865.99,2021-09-13 05:00:00
1631512800000,161.72,161.72,158.43,160.26,196824.26,2021-09-13 06:00:00
1631516400000,160.26,161.68,151.1,152.91,474124.47,2021-09-13 07:00:00
1631520000000,152.84,155.9,150.3,153.93,511771.87,2021-09-13 08:00:00
1631523600000,153.93,157.96,153.84,156.42,269279.78,2021-09-13 09:00:00
1631527200000,156.45,160.5,155.49,159.11,271202.62,2021-09-13 10:00:00
1631530800000,159.1,161.11,154.61,160.23,305565.91,2021-09-13 11:00:00
1631534400000,160.12,163.51,158.35,159.11,319418.29,2021-09-13 12:00:00
1631538000000,159.11,167.73,158.3,163.25,489586.51,2021-09-13 13:00:00
1631541600000,163.21,163.8,151.0,155.4,722014.64,2021-09-13 14:00:00
1631545200000,155.38,159.99,155.0,157.03,275150.9,2021-09-13 15:00:00
1631548800000,157.06,158.87,154.22,158.8,215331.56,2021-09-13 16:00:00
1631552400000,158.79,159.19,156.91,158.82,117462.64,2021-09-13 17:00:00
1631556000000,158.8,166.0,158.3,164.9,335827.82,2021-09-13 18:00:00
1631559600000,164.84,165.99,163.16,164.08,182265.14,2021-09-13 19:00:00
1631563200000,164.12,169.84,164.06,168.99,277570.29,2021-09-13 20:00:00
1631566800000,168.99,175.0,168.1,172.31,487083.32,2021-09-13 21:00:00
1631570400000,172.3,173.08,167.01,170.43,302464.81,2021-09-13 22:00:00
1631574000000,170.48,170.52,166.31,169.53,183762.69,2021-09-13 23:00:00
1631577600000,169.54,171.83,166.8,169.72,228355.49,2021-09-14 00:00:00
1631581200000,169.64,170.42,165.21,166.7,193711.58,2021-09-14 01:00:00
1631584800000,166.64,168.27,163.62,165.83,174035.14,2021-09-14 02:00:00
1631588400000,165.83,168.0,164.54,167.43,131310.72,2021-09-14 03:00:00
1631592000000,167.44,168.96,164.37,165.05,164604.57,2021-09-14 04:00:00
1631595600000,165.05,168.0,164.76,167.56,134697.13,2021-09-14 05:00:00
1631599200000,167.56,167.72,163.4,165.7,212481.37,2021-09-14 06:00:00
1631602800000,165.73,167.0,164.6,165.96,189882.16,2021-09-14 07:00:00
1631606400000,166.04,171.51,165.05,170.03,276040.97,2021-09-14 08:00:00
1631610000000,170.06,171.1,167.3,167.75,206848.36,2021-09-14 09:00:00
1631613600000,167.82,168.74,166.47,168.34,133726.12,2021-09-14 10:00:00
1631617200000,168.35,168.61,163.67,165.04,172765.03,2021-09-14 11:00:00
1631620800000,165.01,165.8,158.41,160.79,537537.31,2021-09-14 12:00:00
1631624400000,160.75,161.5,156.3,156.71,320878.85,2021-09-14 13:00:00
1631628000000,156.77,163.29,155.22,162.43,470038.25,2021-09-14 14:00:00
1631631600000,162.35,163.03,158.47,159.26,265761.12,2021-09-14 15:00:00
1631635200000,159.26,159.99,155.0,158.59,276484.94,2021-09-14 16:00:00
1631638800000,158.57,158.97,155.39,155.9,203534.03,2021-09-14 17:00:00
1631642400000,155.89,157.7,150.85,154.57,597974.6,2021-09-14 18:00:00
1631646000000,154.57,160.25,151.56,154.21,626958.43,2021-09-14 19:00:00
1631649600000,154.2,155.38,150.62,150.99,387127.99,2021-09-14 20:00:00
1631653200000,151.02,152.5,142.6,148.83,970384.33,2021-09-14 21:00:00
1631656800000,148.83,152.68,145.0,152.67,445906.5,2021-09-14 22:00:00
1631660400000,152.64,159.87,150.45,158.88,660351.53,2021-09-14 23:00:00
1631664000000,158.72,162.2,155.77,161.04,402686.37,2021-09-15 00:00:00
1631667600000,161.05,163.83,156.07,158.15,369828.24,2021-09-15 01:00:00
1631671200000,158.09,160.0,156.41,157.44,182500.74,2021-09-15 02:00:00
1631674800000,157.47,159.3,156.32,157.27,137424.24,2021-09-15 03:00:00
1631678400000,157.27,157.38,153.69,154.89,250171.3,2021-09-15 04:00:00
1631682000000,154.9,163.5,154.01,161.34,430142.78,2021-09-15 05:00:00
1631685600000,161.33,166.5,160.3,162.85,499943.67,2021-09-15 06:00:00
1631689200000,162.81,164.0,161.0,162.03,227343.61,2021-09-15 07:00:00
1631692800000,162.03,164.42,160.59,161.89,207255.1,2021-09-15 08:00:00
1631696400000,161.89,162.68,158.52,159.0,267514.09,2021-09-15 09:00:00
1631700000000,159.0,161.3,158.81,159.82,297262.18,2021-09-15 10:00:00
1631703600000,159.83,161.0,156.5,157.93,248574.05,2021-09-15 11:00:00
1631707200000,157.96,159.61,155.02,155.19,255909.66,2021-09-15 12:00:00
1631710800000,155.25,157.58,155.25,157.35,253531.6,2021-09-15 13:00:00
1631714400000,157.36,161.0,157.0,158.62,330484.84,2021-09-15 14:00:00
1631718000000,158.62,162.61,158.12,161.97,310868.47,2021-09-15 15:00:00
1631721600000,161.96,164.78,161.0,161.26,342439.55,2021-09-15 16:00:00
1631725200000,161.26,163.0,160.53,161.52,183198.11,2021-09-15 17:00:00
1631728800000,161.51,161.78,160.07,161.31,137727.9,2021-09-15 18:00:00
1631732400000,161.35,162.54,160.36,161.64,117893.38,2021-09-15 19:00:00
1631736000000,161.63,161.82,157.56,157.95,242390.32,2021-09-15 20:00:00
1631739600000,157.92,159.66,157.43,158.82,99395.91,2021-09-15 21:00:00
1631743200000,158.81,160.82,155.77,157.02,182104.69,2021-09-15 22:00:00
1631746800000,157.05,159.28,156.75,158.79,130728.8,2021-09-15 23:00:00
1631750400000,158.77,159.64,153.8,154.11,226762.49,2021-09-16 00:00:00
1631754000000,154.14,156.34,153.08,155.45,182094.75,2021-09-16 01:00:00
1631757600000,155.44,156.18,153.51,155.98,183267.71,2021-09-16 02:00:00
1631761200000,155.96,156.64,152.33,155.16,168210.84,2021-09-16 03:00:00
1631764800000,155.13,158.25,154.81,157.51,213395.83,2021-09-16 04:00:00
1631768400000,157.44,160.0,156.62,158.44,154210.66,2021-09-16 05:00:00
1631772000000,158.43,159.71,157.52,158.87,131787.5,2021-09-16 06:00:00
1631775600000,158.88,163.09,158.71,160.72,314722.62,2021-09-16 07:00:00
1631779200000,160.72,161.74,158.87,159.45,182303.75,2021-09-16 08:00:00
1631782800000,159.4,163.5,158.7,159.67,188507.42,2021-09-16 09:00:00
1631786400000,159.66,160.37,157.0,158.52,138590.47,2021-09-16 10:00:00
1631790000000,158.51,160.0,157.91,158.37,101486.76,2021-09-16 11:00:00
1631793600000,158.39,159.38,156.88,158.57,196463.9,2021-09-16 12:00:00
1631797200000,158.55,158.71,154.51,155.05,260348.73,2021-09-16 13:00:00
1631800800000,155.05,156.33,153.11,154.39,381127.84,2021-09-16 14:00:00
1631804400000,154.39,156.7,153.44,154.8,204016.16,2021-09-16 15:00:00
1631808000000,154.8,159.5,154.5,157.92,201059.44,2021-09-16 16:00:00
1631811600000,157.93,159.59,153.63,154.06,205704.74,2021-09-16 17:00:00
1631815200000,154.04,155.32,150.63,154.34,291391.44,2021-09-16 18:00:00
1631818800000,154.35,154.58,152.13,152.28,127601.03,2021-09-16 19:00:00
1631822400000,152.3,152.89,147.35,148.19,329615.21,2021-09-16 20:00:00
1631826000000,148.19,151.61,147.59,151.43,139900.99,2021-09-16 21:00:00
1631829600000,151.43,151.66,149.78,150.7,85855.79,2021-09-16 22:00:00
1631833200000,150.73,152.66,150.23,152.29,131169.66,2021-09-16 23:00:00
1631836800000,152.3,153.55,148.4,148.8,204160.7,2021-09-17 00:00:00
1631840400000,148.75,152.1,148.23,151.49,137825.62,2021-09-17 01:00:00
1631844000000,151.48,151.8,146.16,146.63,196655.4,2021-09-17 02:00:00
1631847600000,146.63,148.71,146.38,148.64,172994.92,2021-09-17 03:00:00
1631851200000,148.65,149.6,146.0,149.23,221966.44,2021-09-17 04:00:00
1631854800000,149.23,150.36,148.2,149.38,143679.62,2021-09-17 05:00:00
1631858400000,149.38,149.52,146.16,146.67,208509.44,2021-09-17 06:00:00
1631862000000,146.66,147.09,143.0,143.48,332263.5,2021-09-17 07:00:00
1631865600000,143.48,145.62,142.5,143.66,296810.63,2021-09-17 08:00:00
1631869200000,143.65,144.35,137.22,139.04,772651.89,2021-09-17 09:00:00
1631872800000,139.07,139.71,134.0,137.41,882718.1,2021-09-17 10:00:00
1631876400000,137.4,140.0,136.1,138.85,515736.24,2021-09-17 11:00:00
1631880000000,138.84,141.88,137.05,139.93,503191.84,2021-09-17 12:00:00
1631883600000,139.94,140.25,137.42,138.89,222969.58,2021-09-17 13:00:00
1631887200000,138.91,141.79,138.51,141.27,215445.58,2021-09-17 14:00:00
1631890800000,141.27,146.4,140.49,144.65,670825.39,2021-09-17 15:00:00
1631894400000,144.62,145.87,142.64,144.61,325640.74,2021-09-17 16:00:00
1631898000000,144.63,145.0,140.0,141.03,299260.86,2021-09-17 17:00:00
1631901600000,141.06,141.58,138.54,141.58,297684.65,2021-09-17 18:00:00
1631905200000,141.58,144.8,140.8,144.57,218616.75,2021-09-17 19:00:00
1631908800000,144.56,144.9,141.21,141.96,127974.82,2021-09-17 20:00:00
1631912400000,142.0,144.5,140.24,143.31,116348.35,2021-09-17 21:00:00
1631916000000,143.3,147.47,143.26,144.7,307104.11,2021-09-17 22:00:00
1631919600000,144.71,148.95,144.08,147.58,238890.38,2021-09-17 23:00:00
1631923200000,147.59,147.92,144.11,145.83,196452.4,2021-09-18 00:00:00
1631926800000,145.83,149.0,145.25,147.91,206365.6,2021-09-18 01:00:00
1631930400000,147.92,148.03,144.57,145.37,226889.48,2021-09-18 02:00:00
1631934000000,145.37,146.33,144.39,144.83,194694.09,2021-09-18 03:00:00
1631937600000,144.83,147.38,144.1,147.34,207257.14,2021-09-18 04:00:00
1631941200000,147.35,147.49,145.42,146.42,235311.75,2021-09-18 05:00:00
1631944800000,146.43,156.08,146.03,155.5,795680.99,2021-09-18 06:00:00
1631948400000,155.5,158.7,154.42,157.61,808048.73,2021-09-18 07:00:00
1631952000000,157.64,161.74,157.55,158.97,755153.54,2021-09-18 08:00:00
1631955600000,158.94,160.86,157.13,158.21,426639.29,2021-09-18 09:00:00
1631959200000,158.2,160.59,157.6,160.55,240615.85,2021-09-18 10:00:00
1631962800000,160.54,164.79,160.0,160.91,638694.38,2021-09-18 11:00:00
1631966400000,160.92,162.84,160.07,160.32,289937.99,2021-09-18 12:00:00
1631970000000,160.32,162.94,160.2,162.85,222998.21,2021-09-18 13:00:00
1631973600000,162.85,163.87,160.37,161.6,264921.83,2021-09-18 14:00:00
1631977200000,161.59,164.33,161.51,163.66,270971.62,2021-09-18 15:00:00
1631980800000,163.63,165.2,161.05,161.29,376057.41,2021-09-18 16:00:00
1631984400000,161.28,164.14,160.85,163.8,222577.78,2021-09-18 17:00:00
1631988000000,163.79,164.05,162.16,163.93,178114.7,2021-09-18 18:00:00
1631991600000,163.96,165.1,161.45,162.62,188159.12,2021-09-18 19:00:00
1631995200000,162.62,162.67,157.47,160.31,355372.36,2021-09-18 20:00:00
1631998800000,160.31,162.59,159.59,161.7,120578.62,2021-09-18 21:00:00
1632002400000,161.69,165.0,161.29,164.26,211096.28,2021-09-18 22:00:00
1632006000000,164.26,171.47,163.81,169.22,597210.78,2021-09-18 23:00:00
1632009600000,169.22,170.96,167.35,168.79,376617.93,2021-09-19 00:00:00
1632013200000,168.8,168.87,163.85,167.67,378674.82,2021-09-19 01:00:00
1632016800000,167.64,167.75,165.15,165.94,153099.33,2021-09-19 02:00:00
1632020400000,165.95,166.29,162.0,164.33,243332.81,2021-09-19 03:00:00
1632024000000,164.32,165.25,161.38,162.5,186760.38,2021-09-19 04:00:00
1632027600000,162.51,164.36,161.2,164.25,180767.46,2021-09-19 05:00:00
1632031200000,164.22,164.31,160.95,161.81,153028.87,2021-09-19 06:00:00
1632034800000,161.76,162.18,159.84,161.54,243321.08,2021-09-19 07:00:00
1632038400000,161.54,163.49,160.56,162.77,177993.76,2021-09-19 08:00:00
1632042000000,162.77,163.18,161.23,161.94,124889.99,2021-09-19 09:00:00
1632045600000,161.95,162.68,158.59,159.84,198190.63,2021-09-19 10:00:00
1632049200000,159.82,160.82,155.02,156.14,422004.38,2021-09-19 11:00:00
1632052800000,156.09,159.48,155.42,158.93,296257.27,2021-09-19 12:00:00
1632056400000,158.94,160.65,158.05,159.41,186199.55,2021-09-19 13:00:00
1632060000000,159.4,162.09,158.51,161.43,215704.71,2021-09-19 14:00:00
1632063600000,161.41,161.99,159.29,159.38,163381.55,2021-09-19 15:00:00
1632067200000,159.41,160.27,156.52,157.09,247307.06,2021-09-19 16:00:00
1632070800000,157.08,158.62,156.11,156.94,139439.22,2021-09-19 17:00:00
1632074400000,156.95,159.16,156.25,157.56,112107.33,2021-09-19 18:00:00
1632078000000,157.57,158.11,153.22,154.38,172607.71,2021-09-19 19:00:00
1632081600000,154.38,156.67,153.89,156.34,113509.95,2021-09-19 20:00:00
1632085200000,156.33,156.58,154.15,154.91,92284.14,2021-09-19 21:00:00
1632088800000,154.91,155.11,150.6,151.85,250036.56,2021-09-19 22:00:00
1632092400000,151.83,154.15,151.47,152.76,118283.61,2021-09-19 23:00:00
1632096000000,152.78,153.43,147.43,149.16,381594.68,2021-09-20 00:00:00
1632099600000,149.16,152.47,148.98,151.53,187609.53,2021-09-20 01:00:00
1632103200000,151.53,151.83,145.0,146.49,390369.21,2021-09-20 02:00:00
1632106800000,146.53,147.2,142.66,145.12,405267.86,2021-09-20 03:00:00
1632110400000,145.1,145.86,141.65,145.02,277102.85,2021-09-20 04:00:00
1632114000000,145.02,146.4,143.66,145.19,183240.36,2021-09-20 05:00:00
1632117600000,145.21,146.1,141.44,143.49,223554.56,2021-09-20 06:00:00
1632121200000,143.51,144.34,136.6,139.18,699310.94,2021-09-20 07:00:00
1632124800000,139.18,142.44,138.06,141.18,408864.0,2021-09-20 08:00:00
1632128400000,141.17,142.48,139.2,140.05,299227.58,2021-09-20 09:00:00
1632132000000,140.04,144.0,138.26,140.41,457859.9,2021-09-20 10:00:00
1632135600000,140.42,140.67,134.2,137.48,706206.61,2021-09-20 11:00:00
1632139200000,137.48,139.83,130.26,139.05,932224.15,2021-09-20 12:00:00
1632142800000,139.05,144.85,136.62,144.83,814126.86,2021-09-20 13:00:00
1632146400000,144.82,148.5,141.42,143.12,779454.7,2021-09-20 14:00:00
1632150000000,143.12,146.21,141.02,144.1,434500.31,2021-09-20 15:00:00
1632153600000,144.07,146.0,142.21,143.17,298157.88,2021-09-20 16:00:00
1632157200000,143.17,145.4,142.12,144.67,172888.5,2021-09-20 17:00:00
1632160800000,144.66,144.99,137.62,138.49,345324.4,2021-09-20 18:00:00
1632164400000,138.55,139.56,133.17,138.82,637126.7,2021-09-20 19:00:00
1632168000000,138.88,139.24,135.26,137.9,291679.99,2021-09-20 20:00:00
1632171600000,137.92,140.38,137.07,138.3,140252.12,2021-09-20 21:00:00
1632175200000,138.26,142.39,136.52,137.18,252433.5,2021-09-20 22:00:00
1632178800000,137.24,139.37,131.42,132.77,434991.52,2021-09-20 23:00:00
1632182400000,132.77,135.11,125.22,132.36,1073395.14,2021-09-21 00:00:00
1632186000000,132.37,141.72,131.17,138.74,520453.42,2021-09-21 01:00:00
1632189600000,138.81,140.76,138.13,139.52,358749.06,2021-09-21 02:00:00
1632193200000,139.51,140.11,136.0,136.43,251710.88,2021-09-21 03:00:00
1632196800000,136.45,138.29,134.47,135.31,203585.62,2021-09-21 04:00:00
1632200400000,135.31,138.22,133.63,137.53,290797.99,2021-09-21 05:00:00
1632204000000,137.57,141.72,137.21,141.65,295398.29,2021-09-21 06:00:00
1632207600000,141.65,143.76,138.11,143.47,329013.0,2021-09-21 07:00:00
1632211200000,143.44,144.64,141.68,143.55,338287.71,2021-09-21 08:00:00
1632214800000,143.53,144.0,140.56,141.18,234518.09,2021-09-21 09:00:00
1632218400000,141.17,144.2,140.29,143.66,207476.88,2021-09-21 10:00:00
1632222000000,143.66,144.2,141.57,142.74,237296.95,2021-09-21 11:00:00
1632225600000,142.75,143.39,139.55,139.67,247025.51,2021-09-21 12:00:00
1632229200000,139.77,141.98,138.62,140.36,248941.32,2021-09-21 13:00:00
1632232800000,140.33,140.59,135.62,136.77,365246.56,2021-09-21 14:00:00
1632236400000,136.76,138.58,135.94,138.5,207797.55,2021-09-21 15:00:00
1632240000000,138.51,138.52,133.86,134.25,268272.62,2021-09-21 16:00:00
1632243600000,134.25,134.7,129.32,130.46,494941.27,2021-09-21 17:00:00
1632247200000,130.48,134.02,130.19,130.69,335888.42,2021-09-21 18:00:00
1632250800000,130.67,131.33,127.09,127.16,355074.59,2021-09-21 19:00:00
1632254400000,127.18,128.86,121.5,123.12,817277.86,2021-09-21 20:00:00
1632258000000,123.08,128.52,116.0,127.06,1152003.88,2021-09-21 21:00:00
1632261600000,127.08,128.72,122.15,122.71,424594.02,2021-09-21 22:00:00
1632265200000,122.72,125.79,121.31,124.29,351121.09,2021-09-21 23:00:00
1632268800000,124.3,128.88,122.1,124.7,428296.22,2021-09-22 00:00:00
1632272400000,124.73,132.15,123.42,130.48,469099.37,2021-09-22 01:00:00
1632276000000,130.49,131.15,128.14,128.81,211625.32,2021-09-22 02:00:00
1632279600000,128.8,132.17,128.5,128.95,205751.78,2021-09-22 03:00:00
1632283200000,128.94,130.56,126.74,127.74,170127.41,2021-09-22 04:00:00
1632286800000,127.73,130.12,127.51,129.89,149817.22,2021-09-22 05:00:00
1632290400000,129.88,132.37,127.93,132.0,223816.26,2021-09-22 06:00:00
1632294000000,131.99,134.11,130.8,132.95,341316.58,2021-09-22 07:00:00
1632297600000,132.95,133.82,131.77,132.34,216609.5,2021-09-22 08:00:00
1632301200000,132.34,132.88,131.05,132.42,162147.96,2021-09-22 09:00:00
1632304800000,132.42,133.0,129.73,130.57,180003.78,2021-09-22 10:00:00
1632308400000,130.58,130.84,127.66,128.64,240840.79,2021-09-22 11:00:00
1632312000000,128.64,130.33,128.06,129.72,171450.55,2021-09-22 12:00:00
1632315600000,129.7,132.07,128.78,130.94,344502.19,2021-09-22 13:00:00
1632319200000,130.95,137.25,130.43,136.62,469008.64,2021-09-22 14:00:00
1632322800000,136.67,142.19,136.42,141.66,586106.23,2021-09-22 15:00:00
1632326400000,141.68,143.5,140.18,142.95,386125.31,2021-09-22 16:00:00
1632330000000,142.96,144.99,140.41,143.06,333715.86,2021-09-22 17:00:00
1632333600000,143.05,151.36,142.24,143.69,919478.89,2021-09-22 18:00:00
1632337200000,143.69,148.66,143.52,146.39,383476.6,2021-09-22 19:00:00
1632340800000,146.38,148.49,145.01,146.77,204843.48,2021-09-22 20:00:00
1632344400000,146.77,149.93,143.69,145.64,272775.68,2021-09-22 21:00:00
1632348000000,145.65,147.96,144.55,147.46,182750.67,2021-09-22 22:00:00
1632351600000,147.54,149.38,147.21,148.02,206910.05,2021-09-22 23:00:00
1632355200000,148.02,151.68,144.8,145.41,401060.94,2021-09-23 00:00:00
1632358800000,145.41,147.96,144.6,147.35,176198.83,2021-09-23 01:00:00
1632362400000,147.33,149.0,145.53,147.22,143694.11,2021-09-23 02:00:00
1632366000000,147.21,149.98,146.03,148.58,216024.43,2021-09-23 03:00:00
1632369600000,148.61,150.08,146.7,147.13,171395.44,2021-09-23 04:00:00
1632373200000,147.13,148.55,145.74,147.06,133465.02,2021-09-23 05:00:00
1632376800000,147.06,149.95,146.36,149.22,205116.24,2021-09-23 06:00:00
1632380400000,149.2,151.97,148.14,151.5,218891.1,2021-09-23 07:00:00
1632384000000,151.44,152.5,148.71,149.08,262548.13,2021-09-23 08:00:00
1632387600000,149.07,149.5,147.32,147.46,171485.71,2021-09-23 09:00:00
1632391200000,147.46,148.7,144.02,146.25,266410.45,2021-09-23 10:00:00
1632394800000,146.25,146.52,142.92,144.35,223705.86,2021-09-23 11:00:00
1632398400000,144.36,146.5,143.63,144.89,199354.13,2021-09-23 12:00:00
1632402000000,144.88,148.5,143.47,147.4,262552.89,2021-09-23 13:00:00
1632405600000,147.43,148.95,146.29,148.23,228235.67,2021-09-23 14:00:00
1632409200000,148.22,150.9,145.25,146.06,333468.03,2021-09-23 15:00:00
1632412800000,146.07,147.28,144.58,146.17,177583.6,2021-09-23 16:00:00
1632416400000,146.17,151.98,146.17,150.86,452703.98,2021-09-23 17:00:00
1632420000000,150.87,151.39,147.66,148.74,230420.23,2021-09-23 18:00:00
1632423600000,148.73,150.23,148.16,149.61,142252.73,2021-09-23 19:00:00
1632427200000,149.6,150.09,147.35,148.56,116469.44,2021-09-23 20:00:00
1632430800000,148.55,149.93,148.36,149.14,85140.55,2021-09-23 21:00:00
1632434400000,149.15,150.6,146.19,148.03,221108.65,2021-09-23 22:00:00
1632438000000,148.03,150.92,147.12,149.91,149646.61,2021-09-23 23:00:00
1632441600000,149.9,151.2,148.7,149.3,171381.58,2021-09-24 00:00:00
1632445200000,149.29,149.53,146.63,146.96,111085.78,2021-09-24 01:00:00
1632448800000,146.98,147.24,145.16,146.01,133828.29,2021-09-24 02:00:00
1632452400000,146.04,146.82,144.47,144.86,121481.13,2021-09-24 03:00:00
1632456000000,144.85,145.91,144.0,145.42,123633.11,2021-09-24 04:00:00
1632459600000,145.42,145.42,140.73,142.83,291465.95,2021-09-24 05:00:00
1632463200000,142.84,144.61,142.42,142.59,153384.98,2021-09-24 06:00:00
1632466800000,142.59,146.37,142.52,144.63,224278.83,2021-09-24 07:00:00
1632470400000,144.6,146.44,142.91,143.45,176220.94,2021-09-24 08:00:00
1632474000000,143.46,143.5,133.96,134.18,1000297.94,2021-09-24 09:00:00
1632477600000,134.17,136.67,132.62,133.58,490954.88,2021-09-24 10:00:00
1632481200000,133.58,135.28,128.15,134.89,845835.1,2021-09-24 11:00:00
1632484800000,134.91,136.03,131.7,132.54,372483.88,2021-09-24 12:00:00
1632488400000,132.58,137.08,130.95,136.69,425212.64,2021-09-24 13:00:00
1632492000000,136.68,141.12,136.21,139.41,469673.42,2021-09-24 14:00:00
1632495600000,139.41,139.52,135.66,137.66,301747.27,2021-09-24 15:00:00
1632499200000,137.66,139.11,136.89,137.76,176586.65,2021-09-24 16:00:00
1632502800000,137.75,139.35,136.5,139.02,195520.29,2021-09-24 17:00:00
1632506400000,139.02,139.73,137.61,138.28,145468.68,2021-09-24 18:00:00
1632510000000,138.25,139.27,137.26,138.14,168199.1,2021-09-24 19:00:00
1632513600000,138.14,144.22,137.88,142.63,253148.74,2021-09-24 20:00:00
1632517200000,142.64,143.64,141.28,141.42,140430.88,2021-09-24 21:00:00
1632520800000,141.46,142.29,140.43,141.01,99817.23,2021-09-24 22:00:00
1632524400000,141.02,141.34,138.1,139.13,118267.16,2021-09-24 23:00:00
1632528000000,139.11,141.9,138.43,141.67,132015.59,2021-09-25 00:00:00
1632531600000,141.66,142.15,136.6,138.78,144983.26,2021-09-25 01:00:00
1632535200000,138.79,140.81,138.37,138.85,98006.74,2021-09-25 02:00:00
1632538800000,138.86,140.1,138.03,138.59,123866.42,2021-09-25 03:00:00
1632542400000,138.59,142.32,138.59,141.51,172246.31,2021-09-25 04:00:00
1632546000000,141.51,142.55,140.14,141.3,148640.85,2021-09-25 05:00:00
1632549600000,141.29,144.18,140.53,143.1,160713.84,2021-09-25 06:00:00
1632553200000,143.11,143.33,140.0,140.03,168541.13,2021-09-25 07:00:00
1632556800000,140.07,140.99,135.44,139.64,310617.95,2021-09-25 08:00:00
1632560400000,139.73,142.22,138.8,141.55,227808.14,2021-09-25 09:00:00
1632564000000,141.54,142.05,140.13,140.92,114147.59,2021-09-25 10:00:00
1632567600000,140.9,140.9,138.64,140.12,113037.85,2021-09-25 11:00:00
1632571200000,140.14,140.83,139.0,139.55,102238.68,2021-09-25 12:00:00
1632574800000,139.5,140.55,138.36,139.21,115074.51,2021-09-25 13:00:00
1632578400000,139.23,139.28,136.62,137.4,157306.72,2021-09-25 14:00:00
1632582000000,137.4,139.33,136.34,138.66,134496.8,2021-09-25 15:00:00
1632585600000,138.65,138.99,136.61,137.55,152584.66,2021-09-25 16:00:00
1632589200000,137.55,139.12,137.34,138.11,67953.23,2021-09-25 17:00:00
1632592800000,138.13,139.2,135.7,136.72,153316.28,2021-09-25 18:00:00
1632596400000,136.71,138.05,136.29,137.33,85924.28,2021-09-25 19:00:00
1632600000000,137.32,137.5,136.2,136.36,76586.47,2021-09-25 20:00:00
1632603600000,136.49,136.66,133.54,135.86,129059.12,2021-09-25 21:00:00
1632607200000,135.86,136.97,135.52,136.49,52675.61,2021-09-25 22:00:00
1632610800000,136.49,136.99,134.8,136.06,70891.28,2021-09-25 23:00:00
1632614400000,136.05,136.32,131.0,132.47,205702.33,2021-09-26 00:00:00
1632618000000,132.57,132.9,129.5,130.66,220876.12,2021-09-26 01:00:00
1632621600000,130.65,131.58,128.24,130.77,206713.48,2021-09-26 02:00:00
1632625200000,130.75,132.04,129.36,131.03,118091.22,2021-09-26 03:00:00
1632628800000,131.02,131.15,129.01,131.09,121682.43,2021-09-26 04:00:00
1632632400000,131.06,132.05,130.14,130.54,89365.56,2021-09-26 05:00:00
1632636000000,130.51,131.45,129.77,129.87,86675.29,2021-09-26 06:00:00
1632639600000,129.85,130.37,124.8,127.01,402119.57,2021-09-26 07:00:00
1632643200000,126.98,128.86,125.51,128.4,274657.93,2021-09-26 08:00:00
1632646800000,128.41,137.65,127.35,134.89,442268.53,2021-09-26 09:00:00
1632650400000,134.9,136.39,132.64,133.31,195750.38,2021-09-26 10:00:00
1632654000000,133.31,137.09,133.26,135.09,192458.16,2021-09-26 11:00:00
1632657600000,135.1,138.25,135.1,137.43,192683.25,2021-09-26 12:00:00
1632661200000,137.46,137.69,134.47,135.79,106640.32,2021-09-26 13:00:00
1632664800000,135.81,137.31,135.24,136.64,108425.83,2021-09-26 14:00:00
1632668400000,136.68,140.26,135.55,140.07,410341.18,2021-09-26 15:00:00
1632672000000,140.08,140.81,137.75,138.39,192841.82,2021-09-26 16:00:00
1632675600000,138.39,139.68,136.06,136.74,104071.77,2021-09-26 17:00:00
1632679200000,136.78,137.42,136.34,136.78,61516.09,2021-09-26 18:00:00
1632682800000,136.78,137.36,135.14,136.24,100932.01,2021-09-26 19:00:00
1632686400000,136.25,138.68,136.25,138.62,101226.19,2021-09-26 20:00:00
1632690000000,138.61,138.93,136.8,137.09,55447.67,2021-09-26 21:00:00
1632693600000,137.09,139.5,135.42,135.69,130415.93,2021-09-26 22:00:00
1632697200000,135.7,136.22,133.37,135.64,221253.07,2021-09-26 23:00:00
1632700800000,135.7,138.65,133.72,137.97,158100.46,2021-09-27 00:00:00
1632704400000,138.01,143.17,137.5,142.59,274770.45,2021-09-27 01:00:00
1632708000000,142.59,142.79,139.66,140.64,179681.87,2021-09-27 02:00:00
1632711600000,140.64,140.98,138.38,139.24,102291.15,2021-09-27 03:00:00
1632715200000,139.24,140.42,138.13,138.76,92418.3,2021-09-27 04:00:00
1632718800000,138.69,141.77,138.62,141.23,113598.5,2021-09-27 05:00:00
1632722400000,141.23,142.55,137.53,138.04,204634.63,2021-09-27 06:00:00
1632726000000,138.08,139.34,137.81,138.16,140925.74,2021-09-27 07:00:00
1632729600000,138.18,142.83,137.84,142.73,202596.53,2021-09-27 08:00:00
1632733200000,142.78,146.09,141.78,143.24,557649.03,2021-09-27 09:00:00
1632736800000,143.23,148.44,143.05,146.96,456219.93,2021-09-27 10:00:00
1632740400000,146.95,148.92,146.01,147.38,241019.9,2021-09-27 11:00:00
1632744000000,147.38,148.38,144.6,145.76,247325.75,2021-09-27 12:00:00
1632747600000,145.76,147.26,144.25,145.2,224002.76,2021-09-27 13:00:00
1632751200000,145.17,147.97,143.16,144.31,323635.76,2021-09-27 14:00:00
1632754800000,144.31,145.86,143.6,145.25,202158.35,2021-09-27 15:00:00
1632758400000,145.29,145.43,140.41,141.74,310358.57,2021-09-27 16:00:00
1632762000000,141.72,143.3,141.1,143.03,164915.63,2021-09-27 17:00:00
1632765600000,143.01,143.98,141.53,142.46,142630.42,2021-09-27 18:00:00
1632769200000,142.47,144.41,141.8,143.29,104148.02,2021-09-27 19:00:00
1632772800000,143.28,143.31,138.01,138.79,231443.65,2021-09-27 20:00:00
1632776400000,138.76,141.49,138.13,140.95,102525.99,2021-09-27 21:00:00
1632780000000,141.0,142.43,139.67,140.32,97259.02,2021-09-27 22:00:00
1632783600000,140.37,140.42,135.3,136.35,321313.86,2021-09-27 23:00:00
1632787200000,136.34,138.67,135.23,137.22,170973.39,2021-09-28 00:00:00
1632790800000,137.22,137.55,135.07,137.04,177492.06,2021-09-28 01:00:00
1632794400000,137.05,137.87,136.01,136.93,90920.26,2021-09-28 02:00:00
1632798000000,136.95,138.48,136.29,138.12,87893.65,2021-09-28 03:00:00
1632801600000,138.13,139.4,137.7,138.8,112170.49,2021-09-28 04:00:00
1632805200000,138.8,138.92,136.34,136.92,124264.74,2021-09-28 05:00:00
1632808800000,136.93,137.37,134.66,136.39,174832.16,2021-09-28 06:00:00
1632812400000,136.38,137.18,132.41,133.66,230697.7,2021-09-28 07:00:00
1632816000000,133.69,135.49,132.84,135.05,203721.69,2021-09-28 08:00:00
1632819600000,135.06,136.53,133.82,134.79,128712.99,2021-09-28 09:00:00
1632823200000,134.8,134.9,133.0,134.41,147020.4,2021-09-28 10:00:00
1632826800000,134.43,135.95,133.72,135.75,131079.95,2021-09-28 11:00:00
1632830400000,135.76,135.9,133.02,133.67,137968.92,2021-09-28 12:00:00
1632834000000,133.69,136.58,132.79,134.24,306252.84,2021-09-28 13:00:00
1632837600000,134.21,134.42,131.69,132.72,276278.41,2021-09-28 14:00:00
1632841200000,132.71,132.82,130.36,130.43,257917.65,2021-09-28 15:00:00
1632844800000,130.39,132.14,129.42,130.13,176854.87,2021-09-28 16:00:00
1632848400000,130.16,130.53,128.62,129.28,157529.48,2021-09-28 17:00:00
1632852000000,129.26,131.49,128.17,131.04,161595.66,2021-09-28 18:00:00
1632855600000,131.01,131.83,128.86,131.06,129105.03,2021-09-28 19:00:00
1632859200000,131.08,132.78,131.03,131.89,136663.14,2021-09-28 20:00:00
1632862800000,131.88,134.58,131.77,134.0,103748.6,2021-09-28 21:00:00
1632866400000,134.0,134.09,132.0,132.31,112970.58,2021-09-28 22:00:00
1632870000000,132.35,133.64,130.04,132.2,163280.92,2021-09-28 23:00:00
1632873600000,132.22,138.6,132.09,136.39,432202.04,2021-09-29 00:00:00
1632877200000,136.4,137.61,134.39,135.39,180820.53,2021-09-29 01:00:00
1632880800000,135.38,138.41,135.38,137.4,160410.65,2021-09-29 02:00:00
1632884400000,137.43,139.42,136.51,138.81,190975.37,2021-09-29 03:00:00
1632888000000,138.8,139.85,138.12,138.55,179307.65,2021-09-29 04:00:00
1632891600000,138.55,140.0,138.21,139.93,158770.92,2021-09-29 05:00:00
1632895200000,139.92,140.17,137.84,139.34,126000.99,2021-09-29 06:00:00
1632906000000,139.3,139.3,136.83,137.8,173756.83,2021-09-29 09:00:00
1632909600000,137.8,139.64,137.09,139.44,160181.24,2021-09-29 10:00:00
1632913200000,139.43,140.0,137.79,139.53,137488.49,2021-09-29 11:00:00
1632916800000,139.53,140.07,137.0,137.59,174797.41,2021-09-29 12:00:00
1632920400000,137.58,138.69,135.85,137.73,153296.95,2021-09-29 13:00:00
1632924000000,137.79,138.52,136.29,137.04,135681.04,2021-09-29 14:00:00
1632927600000,137.07,138.01,134.84,135.62,176095.81,2021-09-29 15:00:00
1632931200000,135.62,136.38,133.93,134.42,153523.48,2021-09-29 16:00:00
1632934800000,134.38,134.98,132.68,133.23,152087.25,2021-09-29 17:00:00
1632938400000,133.23,134.58,132.38,133.44,194275.84,2021-09-29 18:00:00
1632942000000,133.45,134.09,131.59,132.01,161049.65,2021-09-29 19:00:00
1632945600000,132.01,133.37,131.12,132.81,172147.12,2021-09-29 20:00:00
1632949200000,132.84,134.8,132.63,134.7,109753.29,2021-09-29 21:00:00
1632952800000,134.71,135.25,133.6,134.89,98166.09,2021-09-29 22:00:00
1632956400000,134.83,135.43,134.25,135.25,104709.64,2021-09-29 23:00:00
1632960000000,135.24,138.5,134.8,138.37,178990.12,2021-09-30 00:00:00
1632963600000,138.37,140.0,137.76,138.6,268409.55,2021-09-30 01:00:00
1632967200000,138.65,139.13,137.56,138.39,92647.6,2021-09-30 02:00:00
1632970800000,138.41,140.1,138.0,139.91,147856.72,2021-09-30 03:00:00
1632974400000,139.92,141.28,138.28,138.57,159036.28,2021-09-30 04:00:00
1632978000000,138.57,139.63,138.57,139.01,76716.1,2021-09-30 05:00:00
1632981600000,139.01,140.06,138.31,138.39,102997.59,2021-09-30 06:00:00
1632985200000,138.4,138.7,136.7,136.92,138261.04,2021-09-30 07:00:00
1632988800000,136.94,137.56,134.02,135.76,210734.99,2021-09-30 08:00:00
1632992400000,135.75,136.86,135.16,136.33,98327.43,2021-09-30 09:00:00
1632996000000,136.34,139.06,135.34,135.75,210867.28,2021-09-30 10:00:00
1632999600000,135.76,137.42,135.2,137.35,91633.63,2021-09-30 11:00:00
1633003200000,137.32,139.38,136.9,138.34,153716.6,2021-09-30 12:00:00
1633006800000,138.34,139.6,137.54,137.77,150770.07,2021-09-30 13:00:00
1633010400000,137.8,138.63,136.88,138.39,109789.72,2021-09-30 14:00:00
1633014000000,138.4,139.4,137.61,138.32,94839.94,2021-09-30 15:00:00
1633017600000,138.3,138.67,136.17,136.98,102099.72,2021-09-30 16:00:00
1633021200000,136.95,138.5,136.5,137.6,107066.65,2021-09-30 17:00:00
1633024800000,137.59,142.26,137.4,142.12,305645.16,2021-09-30 18:00:00
1633028400000,142.14,142.95,139.2,139.24,210806.78,2021-09-30 19:00:00
1633032000000,139.24,140.8,138.01,139.05,113880.62,2021-09-30 20:00:00
1633035600000,139.06,140.62,138.66,140.36,63685.57,2021-09-30 21:00:00
1633039200000,140.37,141.63,139.84,140.72,86986.94,2021-09-30 22:00:00
1633042800000,140.72,141.69,139.72,141.37,85688.48,2021-09-30 23:00:00
1633046400000,141.38,144.96,141.34,143.18,261457.46,2021-10-01 00:00:00
1633050000000,143.21,143.28,141.22,142.38,144080.01,2021-10-01 01:00:00
1633053600000,142.43,142.67,138.7,139.23,180366.23,2021-10-01 02:00:00
1633057200000,139.26,139.88,138.25,139.52,125990.51,2021-10-01 03:00:00
1633060800000,139.5,140.73,139.06,139.87,93901.5,2021-10-01 04:00:00
1633064400000,139.88,141.71,139.48,141.58,114951.92,2021-10-01 05:00:00
1633068000000,141.57,142.01,140.17,141.3,99797.1,2021-10-01 06:00:00
1633071600000,141.33,143.83,140.92,142.78,208070.21,2021-10-01 07:00:00
1633075200000,142.78,144.43,142.5,144.06,207266.13,2021-10-01 08:00:00
1633078800000,144.05,144.12,142.64,143.36,124082.35,2021-10-01 09:00:00
1633082400000,143.37,149.05,142.6,147.91,540333.01,2021-10-01 10:00:00
1633086000000,147.88,156.23,146.9,153.26,702684.8,2021-10-01 11:00:00
1633089600000,153.27,155.96,150.55,151.92,476821.09,2021-10-01 12:00:00
1633093200000,151.92,153.41,149.27,149.57,247547.28,2021-10-01 13:00:00
1633096800000,149.58,155.21,149.25,153.8,497541.01,2021-10-01 14:00:00
1633100400000,153.8,159.09,153.8,157.4,525540.85,2021-10-01 15:00:00
1633104000000,157.43,158.6,155.32,158.0,215821.14,2021-10-01 16:00:00
1633107600000,157.97,162.0,157.0,160.65,329067.65,2021-10-01 17:00:00
1633111200000,160.64,164.95,159.82,163.19,438166.19,2021-10-01 18:00:00
1633114800000,163.2,164.43,162.37,162.81,194682.11,2021-10-01 19:00:00
1633118400000,162.81,162.88,159.01,161.52,264532.27,2021-10-01 20:00:00
1633122000000,161.51,162.0,159.96,161.92,143911.71,2021-10-01 21:00:00
1633125600000,161.9,163.2,156.68,158.93,450502.45,2021-10-01 22:00:00
1633129200000,158.93,161.88,158.84,161.56,155051.9,2021-10-01 23:00:00
1633132800000,161.62,161.68,156.97,159.34,246723.78,2021-10-02 00:00:00
1633136400000,159.33,161.48,158.2,159.19,149798.17,2021-10-02 01:00:00
1633140000000,159.18,161.5,158.53,158.88,121045.24,2021-10-02 02:00:00
1633143600000,158.88,159.3,156.06,156.69,151084.55,2021-10-02 03:00:00
1633147200000,156.7,158.08,156.34,157.58,107135.75,2021-10-02 04:00:00
1633150800000,157.6,159.29,156.94,157.49,150068.19,2021-10-02 05:00:00
1633154400000,157.48,160.31,157.03,159.99,148057.64,2021-10-02 06:00:00
1633158000000,159.99,159.99,158.47,158.51,103062.86,2021-10-02 07:00:00
1633161600000,158.51,158.9,156.59,157.98,140033.93,2021-10-02 08:00:00
1633165200000,157.94,159.45,157.7,158.18,118455.13,2021-10-02 09:00:00
1633168800000,158.16,158.99,157.25,158.82,96601.21,2021-10-02 10:00:00
1633172400000,158.82,159.38,157.23,159.04,118063.59,2021-10-02 11:00:00
1633176000000,159.04,161.9,158.63,161.71,142949.92,2021-10-02 12:00:00
1633179600000,161.71,169.0,161.34,167.38,667030.45,2021-10-02 13:00:00
1633183200000,167.38,170.05,165.0,167.97,463893.8,2021-10-02 14:00:00
1633186800000,167.96,170.69,166.88,170.48,321248.58,2021-10-02 15:00:00
1633190400000,170.44,173.74,170.03,172.73,507202.11,2021-10-02 16:00:00
1633194000000,172.73,175.0,172.14,172.96,282075.77,2021-10-02 17:00:00
1633197600000,172.95,173.89,171.2,171.93,162147.4,2021-10-02 18:00:00
1633201200000,171.95,175.0,171.95,174.8,175916.07,2021-10-02 19:00:00
1633204800000,174.85,174.88,171.44,173.27,147526.61,2021-10-02 20:00:00
1633208400000,173.26,174.3,172.14,173.05,94422.65,2021-10-02 21:00:00
1633212000000,173.1,174.2,171.31,171.62,115207.18,2021-10-02 22:00:00
1633215600000,171.62,172.86,166.0,168.98,330236.44,2021-10-02 23:00:00
1633219200000,169.0,171.58,165.58,167.75,246868.49,2021-10-03 00:00:00
1633222800000,167.76,170.27,166.95,169.15,158250.97,2021-10-03 01:00:00
1633226400000,169.16,171.65,167.7,168.3,157527.76,2021-10-03 02:00:00
1633230000000,168.31,170.83,167.77,170.62,99585.93,2021-10-03 03:00:00
1633233600000,170.62,170.9,168.82,169.53,98358.89,2021-10-03 04:00:00
1633237200000,169.53,174.0,169.15,172.68,168147.32,2021-10-03 05:00:00
1633240800000,172.69,173.24,171.64,172.78,122173.81,2021-10-03 06:00:00
1633244400000,172.75,173.04,170.02,171.65,104418.46,2021-10-03 07:00:00
1633248000000,171.65,173.37,171.19,172.0,132574.37,2021-10-03 08:00:00
1633251600000,172.0,172.0,168.69,171.32,184683.72,2021-10-03 09:00:00
1633255200000,171.35,171.36,169.15,169.66,91749.62,2021-10-03 10:00:00
1633258800000,169.66,171.6,169.36,170.82,89673.76,2021-10-03 11:00:00
1633262400000,170.81,174.38,170.42,173.68,228667.59,2021-10-03 12:00:00
1633266000000,173.67,177.0,172.5,176.96,348872.95,2021-10-03 13:00:00
1633269600000,176.92,177.79,174.36,175.28,326805.92,2021-10-03 14:00:00
1633273200000,175.29,175.62,171.54,172.5,226114.7,2021-10-03 15:00:00
1633276800000,172.48,174.57,171.68,174.25,150837.07,2021-10-03 16:00:00
1633280400000,174.24,176.94,172.26,176.81,224655.32,2021-10-03 17:00:00
1633284000000,176.82,177.0,173.41,175.83,239171.03,2021-10-03 18:00:00
1633287600000,175.81,176.95,175.25,175.59,99907.05,2021-10-03 19:00:00
1633291200000,175.58,176.0,173.0,173.38,128993.93,2021-10-03 20:00:00
1633294800000,173.38,173.66,167.69,169.27,272918.91,2021-10-03 21:00:00
1633298400000,169.26,172.69,169.02,170.84,193595.28,2021-10-03 22:00:00
1633302000000,170.86,173.67,169.6,172.98,139214.4,2021-10-03 23:00:00
1633305600000,172.99,173.34,168.98,169.52,162913.46,2021-10-04 00:00:00
1633309200000,169.52,171.27,168.21,170.11,106599.61,2021-10-04 01:00:00
1633312800000,170.12,171.08,166.81,168.46,202608.48,2021-10-04 02:00:00
1633316400000,168.48,169.66,166.0,167.13,151342.95,2021-10-04 03:00:00
1633320000000,167.09,170.13,164.12,169.93,234410.66,2021-10-04 04:00:00
1633323600000,169.98,170.1,167.68,167.8,127232.54,2021-10-04 05:00:00
1633327200000,167.78,168.08,165.51,166.95,151408.14,2021-10-04 06:00:00
1633330800000,166.94,169.82,166.0,169.61,130220.66,2021-10-04 07:00:00
1633334400000,169.62,169.87,166.57,167.28,156718.28,2021-10-04 08:00:00
1633338000000,167.28,168.43,166.34,168.39,116172.73,2021-10-04 09:00:00
1633341600000,168.4,169.18,166.78,168.23,116774.92,2021-10-04 10:00:00
1633345200000,168.25,168.38,164.81,165.86,176980.75,2021-10-04 11:00:00
1633348800000,165.83,167.8,164.85,167.03,113623.58,2021-10-04 12:00:00
1633352400000,167.03,172.6,166.83,171.55,307526.25,2021-10-04 13:00:00
1633356000000,171.56,172.8,164.77,166.28,298268.53,2021-10-04 14:00:00
1633359600000,166.31,167.42,162.0,166.44,323770.19,2021-10-04 15:00:00
1633363200000,166.44,170.33,165.81,168.6,321250.87,2021-10-04 16:00:00
1633366800000,168.63,171.88,166.44,171.83,305913.16,2021-10-04 17:00:00
1633370400000,171.82,172.4,169.96,171.07,187756.09,2021-10-04 18:00:00
1633374000000,171.07,171.46,167.97,169.27,139071.79,2021-10-04 19:00:00
1633377600000,169.26,169.66,166.59,167.3,130566.34,2021-10-04 20:00:00
1633381200000,167.27,167.87,165.43,167.27,84990.67,2021-10-04 21:00:00
1633384800000,167.28,168.09,165.4,166.07,146331.7,2021-10-04 22:00:00
1633388400000,166.09,168.69,165.95,167.13,120047.57,2021-10-04 23:00:00
1633392000000,167.13,169.97,165.41,169.53,135424.57,2021-10-05 00:00:00
1633395600000,169.56,170.18,165.92,166.7,118821.22,2021-10-05 01:00:00
1633399200000,166.72,167.25,164.04,165.58,189687.26,2021-10-05 02:00:00
1633402800000,165.58,167.16,164.6,166.9,92189.37,2021-10-05 03:00:00
1633406400000,166.9,167.19,165.24,165.4,68868.97,2021-10-05 04:00:00
1633410000000,165.37,166.91,165.26,166.5,79387.05,2021-10-05 05:00:00
1633413600000,166.49,168.0,166.3,166.9,94889.06,2021-10-05 06:00:00
1633417200000,166.89,167.68,166.0,166.12,93718.63,2021-10-05 07:00:00
1633420800000,166.13,167.4,165.66,167.09,91020.07,2021-10-05 08:00:00
1633424400000,167.08,169.99,165.4,169.77,241660.22,2021-10-05 09:00:00
1633428000000,169.77,170.0,167.73,168.2,190460.33,2021-10-05 10:00:00
1633431600000,168.21,169.72,167.92,168.34,87271.01,2021-10-05 11:00:00
1633435200000,168.37,169.78,167.47,169.07,105829.87,2021-10-05 12:00:00
1633438800000,169.07,169.5,167.88,168.83,100037.16,2021-10-05 13:00:00
1633442400000,168.81,169.46,164.3,165.1,206060.82,2021-10-05 14:00:00
1633446000000,165.11,165.22,162.0,162.35,252920.65,2021-10-05 15:00:00
1633449600000,162.34,163.85,159.68,162.43,247054.45,2021-10-05 16:00:00
1633453200000,162.41,163.04,161.49,161.92,117635.01,2021-10-05 17:00:00
1633456800000,161.89,163.76,161.64,162.05,128442.49,2021-10-05 18:00:00
1633460400000,162.03,162.7,160.5,161.8,168673.95,2021-10-05 19:00:00
1633464000000,161.81,165.65,161.74,165.45,196360.5,2021-10-05 20:00:00
1633467600000,165.46,167.1,163.61,164.47,171128.27,2021-10-05 21:00:00
1633471200000,164.48,165.27,163.03,163.7,100126.2,2021-10-05 22:00:00
1633474800000,163.7,165.01,163.52,164.62,100774.58,2021-10-05 23:00:00
1633478400000,164.64,165.42,163.39,164.39,96061.13,2021-10-06 00:00:00
1633482000000,164.42,164.42,161.64,162.46,104115.69,2021-10-06 01:00:00
1633485600000,162.46,162.79,160.61,161.01,114580.14,2021-10-06 02:00:00
1633489200000,161.0,161.11,157.83,157.96,163604.85,2021-10-06 03:00:00
1633492800000,157.96,159.27,156.34,158.39,167813.09,2021-10-06 04:00:00
1633496400000,158.36,159.7,156.49,157.66,178839.71,2021-10-06 05:00:00
1633500000000,157.64,158.95,156.42,156.49,116907.51,2021-10-06 06:00:00
1633503600000,156.49,156.59,154.09,155.93,216142.44,2021-10-06 07:00:00
1633507200000,155.93,156.33,151.08,151.95,345002.97,2021-10-06 08:00:00
1633510800000,151.95,154.46,150.1,153.75,250611.7,2021-10-06 09:00:00
1633514400000,153.73,155.69,153.15,154.35,172207.45,2021-10-06 10:00:00
1633518000000,154.34,155.07,152.49,152.91,131718.82,2021-10-06 11:00:00
1633521600000,152.94,156.37,151.6,155.08,291964.34,2021-10-06 12:00:00
1633525200000,155.07,162.89,154.78,157.44,539166.02,2021-10-06 13:00:00
1633528800000,157.44,160.6,156.14,160.15,264902.01,2021-10-06 14:00:00
1633532400000,160.15,162.0,158.34,160.76,212564.18,2021-10-06 15:00:00
1633536000000,160.75,161.66,157.68,160.97,194484.88,2021-10-06 16:00:00
1633539600000,160.97,161.16,158.45,159.55,147228.71,2021-10-06 17:00:00
1633543200000,159.56,160.42,158.81,159.72,110856.32,2021-10-06 18:00:00
1633546800000,159.72,160.76,159.14,159.78,90109.84,2021-10-06 19:00:00
1633550400000,159.8,160.08,154.33,154.79,205069.92,2021-10-06 20:00:00
1633554000000,154.8,155.38,153.35,155.35,157591.26,2021-10-06 21:00:00
1633557600000,155.38,155.91,153.44,153.88,95380.56,2021-10-06 22:00:00
1633561200000,153.87,155.39,152.58,153.87,132238.22,2021-10-06 23:00:00
1633564800000,153.9,155.04,151.57,153.02,147010.45,2021-10-07 00:00:00
1633568400000,153.01,153.21,150.34,152.38,151886.68,2021-10-07 01:00:00
1633572000000,152.33,154.09,151.6,152.26,86507.01,2021-10-07 02:00:00
1633575600000,152.23,153.39,151.98,152.03,72338.43,2021-10-07 03:00:00
1633579200000,152.02,157.53,151.83,155.87,140094.24,2021-10-07 04:00:00
1633582800000,155.87,156.21,153.62,155.45,135417.12,2021-10-07 05:00:00
1633586400000,155.42,156.59,153.67,153.96,111178.7,2021-10-07 06:00:00
1633590000000,153.91,159.4,153.08,158.47,167336.3,2021-10-07 07:00:00
1633593600000,158.5,160.18,157.32,158.63,240078.89,2021-10-07 08:00:00
1633597200000,158.62,159.2,154.18,157.08,180293.08,2021-10-07 09:00:00
1633600800000,157.08,157.7,155.03,156.09,105796.47,2021-10-07 10:00:00
1633604400000,156.06,157.98,155.56,157.7,100310.19,2021-10-07 11:00:00
1633608000000,157.69,161.42,157.11,158.78,246643.71,2021-10-07 12:00:00
1633611600000,158.76,161.0,157.56,159.8,131269.64,2021-10-07 13:00:00
1633615200000,159.78,160.08,153.5,154.91,205685.57,2021-10-07 14:00:00
1633618800000,154.9,156.71,154.51,155.88,124237.87,2021-10-07 15:00:00
1633622400000,155.87,155.98,153.41,154.19,139178.96,2021-10-07 16:00:00
1633626000000,154.21,157.0,153.91,155.0,175142.16,2021-10-07 17:00:00
1633629600000,155.01,155.56,153.66,154.88,124663.29,2021-10-07 18:00:00
1633633200000,154.85,156.08,154.85,156.07,68821.15,2021-10-07 19:00:00
1633636800000,156.07,158.19,155.75,156.83,116540.68,2021-10-07 20:00:00
1633640400000,156.87,158.8,156.54,156.86,84207.96,2021-10-07 21:00:00
1633644000000,156.86,156.97,154.66,156.24,114881.92,2021-10-07 22:00:00
1633647600000,156.22,156.29,153.01,154.26,81856.11,2021-10-07 23:00:00
1633651200000,154.26,156.4,154.11,155.86,71006.44,2021-10-08 00:00:00
1633654800000,155.85,157.03,155.08,155.94,55879.4,2021-10-08 01:00:00
1633658400000,155.94,156.38,153.46,154.03,85802.7,2021-10-08 02:00:00
1633662000000,153.99,154.6,152.52,154.44,74350.04,2021-10-08 03:00:00
1633665600000,154.43,155.05,153.6,154.1,55648.53,2021-10-08 04:00:00
1633669200000,154.1,155.13,152.39,155.1,89859.6,2021-10-08 05:00:00
1633672800000,155.11,155.27,153.51,154.61,72998.57,2021-10-08 06:00:00
1633676400000,154.6,159.09,154.38,158.77,209329.36,2021-10-08 07:00:00
1633680000000,158.77,161.49,157.87,160.95,390354.52,2021-10-08 08:00:00
1633683600000,160.93,161.31,158.56,158.77,141348.1,2021-10-08 09:00:00
1633687200000,158.77,165.84,158.7,164.6,352953.89,2021-10-08 10:00:00
1633690800000,164.63,166.64,162.16,162.22,286934.75,2021-10-08 11:00:00
1633694400000,162.21,164.91,160.0,164.62,245849.23,2021-10-08 12:00:00
1633698000000,164.61,165.73,162.34,164.63,202011.83,2021-10-08 13:00:00
1633701600000,164.63,168.48,164.33,166.86,316314.27,2021-10-08 14:00:00
1633705200000,166.87,168.97,164.89,166.48,217456.36,2021-10-08 15:00:00
1633708800000,166.51,168.06,165.15,167.71,137312.24,2021-10-08 16:00:00
1633712400000,167.68,167.74,162.41,163.35,154172.42,2021-10-08 17:00:00
1633716000000,163.37,165.65,163.24,165.39,96104.29,2021-10-08 18:00:00
1633719600000,165.42,165.44,162.47,163.57,74381.12,2021-10-08 19:00:00
1633723200000,163.6,163.6,159.24,160.3,145560.5,2021-10-08 20:00:00
1633726800000,160.3,162.0,159.42,161.12,95124.73,2021-10-08 21:00:00
1633730400000,161.11,161.78,160.21,160.93,56712.68,2021-10-08 22:00:00
1633734000000,160.91,160.91,157.2,158.86,107619.81,2021-10-08 23:00:00
1633737600000,158.88,159.95,157.0,159.55,90376.07,2021-10-09 00:00:00
1633741200000,159.56,159.9,156.06,157.09,100351.26,2021-10-09 01:00:00
1633744800000,157.1,158.87,156.35,158.83,55540.58,2021-10-09 02:00:00
1633748400000,158.83,160.57,157.61,160.02,87468.67,2021-10-09 03:00:00
1633752000000,160.01,160.89,159.74,160.82,57195.85,2021-10-09 04:00:00
1633755600000,160.8,161.54,159.28,160.15,73297.8,2021-10-09 05:00:00
1633759200000,160.11,161.25,158.94,159.68,103453.45,2021-10-09 06:00:00
1633762800000,159.7,160.86,158.3,159.19,102223.7,2021-10-09 07:00:00
1633766400000,159.15,159.97,157.43,158.37,88362.32,2021-10-09 08:00:00
1633770000000,158.37,159.77,157.86,159.22,83399.85,2021-10-09 09:00:00
1633773600000,159.2,159.92,158.21,159.77,76079.32,2021-10-09 10:00:00
1633777200000,159.77,160.48,158.25,158.38,81114.4,2021-10-09 11:00:00
1633780800000,158.37,159.98,157.87,158.71,92581.2,2021-10-09 12:00:00
1633784400000,158.69,160.18,158.67,159.69,61131.28,2021-10-09 13:00:00
1633788000000,159.69,159.9,157.6,157.74,107850.9,2021-10-09 14:00:00
1633791600000,157.74,158.39,157.11,157.97,80523.99,2021-10-09 15:00:00
1633795200000,157.97,158.4,156.1,156.45,90721.93,2021-10-09 16:00:00
1633798800000,156.42,157.51,156.25,157.06,69453.87,2021-10-09 17:00:00
1633802400000,157.05,158.2,156.32,157.1,50375.81,2021-10-09 18:00:00
1633806000000,157.09,157.72,156.19,156.4,44201.25,2021-10-09 19:00:00
1633809600000,156.42,156.86,154.18,156.62,122343.76,2021-10-09 20:00:00
1633813200000,156.6,157.87,155.85,157.76,46886.37,2021-10-09 21:00:00
1633816800000,157.78,157.8,156.44,157.0,34494.11,2021-10-09 22:00:00
1633820400000,157.01,157.73,156.69,156.84,33881.28,2021-10-09 23:00:00
1633824000000,156.8,156.9,153.33,153.95,138618.88,2021-10-10 00:00:00
1633827600000,153.96,154.29,152.38,153.68,139792.87,2021-10-10 01:00:00
1633831200000,153.65,155.31,152.93,154.7,64084.61,2021-10-10 02:00:00
1633834800000,154.66,155.58,154.56,155.41,40569.12,2021-10-10 03:00:00
1633838400000,155.39,156.94,154.79,156.84,54834.01,2021-10-10 04:00:00
1633842000000,156.88,157.02,155.74,156.02,50930.9,2021-10-10 05:00:00
1633845600000,156.02,156.64,155.79,155.98,41423.12,2021-10-10 06:00:00
1633849200000,155.95,156.13,154.58,154.98,51196.36,2021-10-10 07:00:00
1633852800000,155.0,157.72,154.4,157.49,103718.96,2021-10-10 08:00:00
1633856400000,157.49,158.5,155.14,155.76,123098.66,2021-10-10 09:00:00
1633860000000,155.74,156.6,154.93,155.3,43639.92,2021-10-10 10:00:00
1633863600000,155.3,155.37,154.0,154.69,78822.17,2021-10-10 11:00:00
1633867200000,154.67,154.89,153.38,154.28,77806.0,2021-10-10 12:00:00
1633870800000,154.28,154.78,153.07,153.78,86005.9,2021-10-10 13:00:00
1633874400000,153.78,154.62,153.58,153.58,51789.75,2021-10-10 14:00:00
1633878000000,153.58,154.54,152.8,154.4,66233.21,2021-10-10 15:00:00
1633881600000,154.41,154.67,153.26,153.66,43113.21,2021-10-10 16:00:00
1633885200000,153.67,153.69,152.0,153.54,78726.39,2021-10-10 17:00:00
1633888800000,153.52,153.6,152.56,153.43,33553.34,2021-10-10 18:00:00
1633892400000,153.43,154.52,153.25,153.48,39680.89,2021-10-10 19:00:00
1633896000000,153.47,154.69,152.67,152.88,90259.05,2021-10-10 20:00:00
1633899600000,152.86,152.89,145.55,150.72,336512.28,2021-10-10 21:00:00
1633903200000,150.72,151.84,148.53,151.5,103449.68,2021-10-10 22:00:00
1633906800000,151.5,151.55,146.57,147.55,100036.41,2021-10-10 23:00:00
1633910400000,147.56,149.55,145.34,149.18,144005.17,2021-10-11 00:00:00
1633914000000,149.22,150.86,148.35,149.9,85173.03,2021-10-11 01:00:00
1633917600000,149.89,150.75,149.31,149.97,39806.33,2021-10-11 02:00:00
1633921200000,149.97,151.62,149.07,151.47,81735.38,2021-10-11 03:00:00
1633924800000,151.43,152.96,151.43,151.94,91246.95,2021-10-11 04:00:00
1633928400000,151.96,152.19,150.92,151.1,47718.68,2021-10-11 05:00:00
1633932000000,151.12,151.74,150.5,150.81,45570.55,2021-10-11 06:00:00
1633935600000,150.81,152.57,150.33,152.33,71672.57,2021-10-11 07:00:00
1633939200000,152.3,154.0,152.13,153.4,103766.42,2021-10-11 08:00:00
1633942800000,153.4,153.51,151.26,151.71,62568.29,2021-10-11 09:00:00
1633946400000,151.7,152.0,148.38,148.53,85380.66,2021-10-11 10:00:00
1633950000000,148.54,149.62,147.11,148.54,133527.47,2021-10-11 11:00:00
1633953600000,148.55,149.64,147.94,149.07,58676.89,2021-10-11 12:00:00
1633957200000,149.11,149.99,148.43,149.08,100162.05,2021-10-11 13:00:00
1633960800000,149.1,149.46,147.27,148.68,112744.97,2021-10-11 14:00:00
1633964400000,148.68,148.93,146.67,147.76,85363.69,2021-10-11 15:00:00
1633968000000,147.76,148.1,146.05,146.18,92494.82,2021-10-11 16:00:00
1633971600000,146.18,147.32,145.35,146.27,86172.12,2021-10-11 17:00:00
1633975200000,146.28,146.36,143.02,143.37,154470.98,2021-10-11 18:00:00
1633978800000,143.39,144.73,141.32,141.58,141834.19,2021-10-11 19:00:00
1633982400000,141.57,142.85,141.0,141.68,135249.73,2021-10-11 20:00:00
1633986000000,141.68,143.29,140.24,143.1,96182.2,2021-10-11 21:00:00
1633989600000,143.08,145.46,142.5,144.3,91875.66,2021-10-11 22:00:00
1633993200000,144.34,145.09,143.28,144.77,63924.34,2021-10-11 23:00:00
1633996800000,144.79,145.11,141.38,143.4,102306.78,2021-10-12 00:00:00
1634000400000,143.43,145.82,142.31,145.21,82004.49,2021-10-12 01:00:00
1634004000000,145.21,145.57,142.39,142.82,81138.92,2021-10-12 02:00:00
1634007600000,142.84,144.01,140.82,143.2,129773.07,2021-10-12 03:00:00
1634011200000,143.2,145.05,142.45,144.71,66503.49,2021-10-12 04:00:00
1634014800000,144.71,145.57,141.2,144.39,110158.94,2021-10-12 05:00:00
1634018400000,144.43,145.16,142.2,142.86,100738.97,2021-10-12 06:00:00
1634022000000,142.85,144.17,142.51,143.32,58256.07,2021-10-12 07:00:00
1634025600000,143.34,145.2,142.94,144.49,70253.21,2021-10-12 08:00:00
1634029200000,144.5,144.67,140.89,141.66,98930.32,2021-10-12 09:00:00
1634032800000,141.66,142.2,140.17,141.61,128704.84,2021-10-12 10:00:00
1634036400000,141.61,143.0,141.09,142.5,79515.36,2021-10-12 11:00:00
1634040000000,142.51,142.95,137.61,138.64,196471.23,2021-10-12 12:00:00
1634043600000,138.64,144.5,138.61,143.48,178966.55,2021-10-12 13:00:00
1634047200000,143.45,145.34,140.68,141.78,213849.21,2021-10-12 14:00:00
1634050800000,141.78,144.02,140.0,143.54,153319.73,2021-10-12 15:00:00
1634054400000,143.53,149.86,142.9,149.37,295547.52,2021-10-12 16:00:00
1634058000000,149.39,149.39,146.05,146.68,204089.68,2021-10-12 17:00:00
1634061600000,146.68,152.33,146.58,151.09,265730.26,2021-10-12 18:00:00
1634065200000,151.11,153.5,149.14,150.04,264786.43,2021-10-12 19:00:00
1634068800000,150.01,151.9,147.92,150.05,217591.24,2021-10-12 20:00:00
1634072400000,150.07,150.33,148.65,149.28,77916.65,2021-10-12 21:00:00
1634076000000,149.28,151.09,148.7,150.46,79673.72,2021-10-12 22:00:00
1634079600000,150.46,153.1,149.61,152.32,121256.64,2021-10-12 23:00:00
1634083200000,152.35,155.56,151.04,153.52,251718.67,2021-10-13 00:00:00
1634086800000,153.48,153.57,150.69,151.04,115267.39,2021-10-13 01:00:00
1634090400000,151.02,152.13,150.04,151.22,99328.62,2021-10-13 02:00:00
1634094000000,151.25,151.4,148.41,149.28,96781.89,2021-10-13 03:00:00
1634097600000,149.28,150.3,148.5,149.3,80763.73,2021-10-13 04:00:00
1634101200000,149.29,150.41,146.04,146.22,157060.81,2021-10-13 05:00:00
1634104800000,146.18,147.71,145.27,146.16,122781.91,2021-10-13 06:00:00
1634108400000,146.14,146.69,144.58,145.43,106709.2,2021-10-13 07:00:00
1634112000000,145.43,147.62,145.23,146.11,132924.3,2021-10-13 08:00:00
1634115600000,146.13,147.25,145.33,146.28,85238.18,2021-10-13 09:00:00
1634119200000,146.29,147.29,145.73,146.4,68694.41,2021-10-13 10:00:00
1634122800000,146.4,147.35,145.69,146.86,69823.87,2021-10-13 11:00:00
1634126400000,146.86,147.18,145.91,146.9,83596.19,2021-10-13 12:00:00
1634130000000,146.9,147.06,144.59,145.25,86644.98,2021-10-13 13:00:00
1634133600000,145.24,147.42,144.28,146.4,137865.93,2021-10-13 14:00:00
1634137200000,146.41,147.0,145.84,146.31,92827.36,2021-10-13 15:00:00
1634140800000,146.31,146.57,144.88,145.69,135524.02,2021-10-13 16:00:00
1634144400000,145.69,147.88,145.06,146.84,112361.47,2021-10-13 17:00:00
1634148000000,146.84,147.9,145.07,145.33,185154.69,2021-10-13 18:00:00
1634151600000,145.34,145.66,144.56,145.01,112251.68,2021-10-13 19:00:00
1634155200000,145.02,146.94,144.74,146.05,113573.11,2021-10-13 20:00:00
1634158800000,146.06,149.5,145.76,146.26,109478.8,2021-10-13 21:00:00
1634162400000,146.27,149.0,146.27,148.63,137411.5,2021-10-13 22:00:00
1634166000000,148.68,149.12,147.36,148.04,66763.29,2021-10-13 23:00:00
1634169600000,148.05,149.34,147.3,147.66,95905.38,2021-10-14 00:00:00
1634173200000,147.63,149.7,147.27,149.65,107993.25,2021-10-14 01:00:00
1634176800000,149.66,150.99,149.12,149.58,127106.93,2021-10-14 02:00:00
1634180400000,149.57,150.6,149.4,149.65,75278.49,2021-10-14 03:00:00
1634184000000,149.65,149.99,148.48,149.23,78692.1,2021-10-14 04:00:00
1634187600000,149.24,150.07,148.68,149.43,81188.11,2021-10-14 05:00:00
1634191200000,149.44,152.0,149.35,151.09,216515.11,2021-10-14 06:00:00
1634194800000,151.1,151.84,150.24,150.36,90830.02,2021-10-14 07:00:00
1634198400000,150.36,151.8,150.3,150.87,65501.35,2021-10-14 08:00:00
1634202000000,150.88,151.5,150.43,150.55,80431.6,2021-10-14 09:00:00
1634205600000,150.54,151.16,149.91,150.69,140643.19,2021-10-14 10:00:00
1634209200000,150.69,154.21,150.54,153.88,201044.95,2021-10-14 11:00:00
1634212800000,153.87,154.99,152.92,153.27,145496.94,2021-10-14 12:00:00
1634216400000,153.25,155.1,153.2,153.79,117148.41,2021-10-14 13:00:00
1634220000000,153.78,155.65,153.15,154.18,147398.98,2021-10-14 14:00:00
1634223600000,154.19,154.57,152.22,152.81,181551.25,2021-10-14 15:00:00
1634227200000,152.83,153.53,150.06,151.06,173598.93,2021-10-14 16:00:00
1634230800000,151.05,152.3,150.77,151.76,63862.89,2021-10-14 17:00:00
1634234400000,151.75,151.76,149.21,150.75,132462.84,2021-10-14 18:00:00
1634238000000,150.74,151.54,148.56,150.07,135787.64,2021-10-14 19:00:00
1634241600000,150.06,150.22,148.9,149.87,58407.06,2021-10-14 20:00:00
1634245200000,149.87,151.49,149.59,150.62,52064.31,2021-10-14 21:00:00
1634248800000,150.61,150.79,149.55,149.99,40350.99,2021-10-14 22:00:00
1634252400000,149.99,150.64,149.3,150.02,45339.89,2021-10-14 23:00:00
1634256000000,150.01,150.2,147.1,148.0,116886.9,2021-10-15 00:00:00
1634259600000,147.99,148.65,146.68,148.25,87467.68,2021-10-15 01:00:00
1634263200000,148.26,150.64,147.22,150.46,152474.81,2021-10-15 02:00:00
1634266800000,150.46,151.41,150.33,150.85,95431.96,2021-10-15 03:00:00
1634270400000,150.85,156.3,150.8,154.68,441887.36,2021-10-15 04:00:00
1634274000000,154.69,155.57,152.56,154.86,194866.91,2021-10-15 05:00:00
1634277600000,154.86,163.64,154.67,161.98,914551.66,2021-10-15 06:00:00
1634281200000,161.98,163.25,160.0,161.57,333613.9,2021-10-15 07:00:00
1634284800000,161.6,165.75,158.55,159.38,657493.03,2021-10-15 08:00:00
1634288400000,159.37,161.35,157.02,160.04,253193.19,2021-10-15 09:00:00
1634292000000,160.03,160.57,157.74,159.29,153909.73,2021-10-15 10:00:00
1634295600000,159.28,159.87,157.41,157.82,129145.68,2021-10-15 11:00:00
1634299200000,157.82,159.76,157.02,158.4,117545.93,2021-10-15 12:00:00
1634302800000,158.37,159.9,157.55,159.53,117108.27,2021-10-15 13:00:00
1634306400000,159.53,163.11,157.97,160.47,242949.28,2021-10-15 14:00:00
1634310000000,160.48,160.73,158.01,159.36,141521.7,2021-10-15 15:00:00
1634313600000,159.35,162.3,158.7,161.89,201678.9,2021-10-15 16:00:00
1634317200000,161.89,162.21,160.43,161.09,152286.87,2021-10-15 17:00:00
1634320800000,161.09,162.94,160.13,161.2,142588.64,2021-10-15 18:00:00
1634324400000,161.19,161.4,159.43,160.4,136752.71,2021-10-15 19:00:00
1634328000000,160.39,162.56,159.42,162.38,178546.92,2021-10-15 20:00:00
1634331600000,162.37,162.6,159.19,159.44,112569.2,2021-10-15 21:00:00
1634335200000,159.45,162.18,159.14,161.83,133962.86,2021-10-15 22:00:00
1634338800000,161.83,164.3,160.47,163.18,180177.98,2021-10-15 23:00:00
1634342400000,163.15,163.5,159.48,160.16,133647.43,2021-10-16 00:00:00
1634346000000,160.15,160.86,158.19,158.75,92852.01,2021-10-16 01:00:00
1634349600000,158.75,160.04,158.3,159.77,57161.22,2021-10-16 02:00:00
1634353200000,159.77,159.78,158.5,158.79,53029.63,2021-10-16 03:00:00
1634356800000,158.78,159.5,158.17,158.22,90132.88,2021-10-16 04:00:00
1634360400000,158.23,159.68,158.17,158.96,69402.91,2021-10-16 05:00:00
1634364000000,158.96,159.71,158.6,159.53,51885.19,2021-10-16 06:00:00
1634367600000,159.52,159.52,157.51,158.29,75043.42,2021-10-16 07:00:00
1634371200000,158.29,160.85,157.94,160.59,104162.04,2021-10-16 08:00:00
1634374800000,160.59,162.33,160.16,161.68,111237.79,2021-10-16 09:00:00
1634378400000,161.67,164.8,161.67,162.59,245249.74,2021-10-16 10:00:00
1634382000000,162.58,163.31,161.72,162.14,80497.43,2021-10-16 11:00:00
1634385600000,162.14,162.98,158.71,158.98,156931.46,2021-10-16 12:00:00
1634389200000,159.01,160.33,158.78,159.97,86964.67,2021-10-16 13:00:00
1634392800000,159.96,160.9,159.2,159.52,104124.07,2021-10-16 14:00:00
1634396400000,159.52,160.5,159.01,159.55,75919.92,2021-10-16 15:00:00
1634400000000,159.55,160.12,158.83,159.86,60474.61,2021-10-16 16:00:00
1634403600000,159.86,159.95,158.05,158.9,72753.2,2021-10-16 17:00:00
1634407200000,158.91,159.27,158.41,158.88,43420.17,2021-10-16 18:00:00
1634410800000,158.88,159.02,158.0,158.19,35775.82,2021-10-16 19:00:00
1634414400000,158.19,158.85,157.95,158.77,36860.94,2021-10-16 20:00:00
1634418000000,158.77,158.83,156.36,157.02,60252.12,2021-10-16 21:00:00
1634421600000,157.02,158.3,156.55,157.95,43582.54,2021-10-16 22:00:00
1634425200000,157.97,158.63,157.02,157.54,43880.38,2021-10-16 23:00:00
1634428800000,157.54,159.53,156.66,159.13,69513.06,2021-10-17 00:00:00
1634432400000,159.12,160.72,158.71,158.97,71539.64,2021-10-17 01:00:00
1634436000000,158.97,160.03,158.82,159.68,41745.12,2021-10-17 02:00:00
1634439600000,159.68,163.02,159.3,162.96,99581.47,2021-10-17 03:00:00
1634443200000,162.96,164.68,162.28,163.06,291037.42,2021-10-17 04:00:00
1634446800000,163.11,163.52,160.67,161.05,127046.32,2021-10-17 05:00:00
1634450400000,161.07,163.64,160.85,163.37,108357.24,2021-10-17 06:00:00
1634454000000,163.4,165.0,162.01,162.16,168991.25,2021-10-17 07:00:00
1634457600000,162.16,167.65,162.11,166.31,311937.89,2021-10-17 08:00:00
1634461200000,166.31,166.86,165.31,165.6,130757.07,2021-10-17 09:00:00
1634464800000,165.6,166.61,164.79,166.01,97703.57,2021-10-17 10:00:00
1634468400000,166.0,166.39,163.16,163.54,116908.21,2021-10-17 11:00:00
1634472000000,163.54,165.49,163.45,164.67,104715.69,2021-10-17 12:00:00
1634475600000,164.68,164.77,163.45,164.52,86796.44,2021-10-17 13:00:00
1634479200000,164.53,165.14,163.82,164.3,87332.15,2021-10-17 14:00:00
1634482800000,164.29,164.41,160.01,160.77,178336.08,2021-10-17 15:00:00
1634486400000,160.75,161.75,159.18,160.74,120907.59,2021-10-17 16:00:00
1634490000000,160.74,160.84,159.46,160.07,76195.44,2021-10-17 17:00:00
1634493600000,160.07,160.84,159.68,160.31,51904.45,2021-10-17 18:00:00
1634497200000,160.31,160.36,158.2,158.83,120483.8,2021-10-17 19:00:00
1634500800000,158.83,158.83,153.13,155.16,309301.77,2021-10-17 20:00:00
1634504400000,155.16,158.9,154.76,158.52,100888.01,2021-10-17 21:00:00
1634508000000,158.54,159.92,158.17,159.58,121710.71,2021-10-17 22:00:00
1634511600000,159.58,160.15,158.84,160.12,76731.74,2021-10-17 23:00:00
1634515200000,160.11,162.25,159.34,161.24,112924.6,2021-10-18 00:00:00
1634518800000,161.25,162.98,160.25,161.9,88394.97,2021-10-18 01:00:00
1634522400000,161.9,162.27,160.94,161.56,76050.62,2021-10-18 02:00:00
1634526000000,161.56,161.69,159.06,159.92,112930.7,2021-10-18 03:00:00
1634529600000,159.92,160.56,159.12,160.35,50172.56,2021-10-18 04:00:00
1634533200000,160.35,161.4,159.73,160.72,57664.03,2021-10-18 05:00:00
1634536800000,160.72,161.2,160.04,160.17,54317.45,2021-10-18 06:00:00
1634540400000,160.17,161.48,158.6,158.87,82410.35,2021-10-18 07:00:00
1634544000000,158.85,159.93,158.33,158.76,105254.56,2021-10-18 08:00:00
1634547600000,158.77,158.78,156.02,157.18,153742.92,2021-10-18 09:00:00
1634551200000,157.17,158.74,156.0,158.15,107197.21,2021-10-18 10:00:00
1634554800000,158.15,158.66,156.0,156.96,97116.22,2021-10-18 11:00:00
1634558400000,156.97,157.88,156.51,157.04,97433.98,2021-10-18 12:00:00
1634562000000,157.03,159.68,155.58,159.29,205001.27,2021-10-18 13:00:00
1634565600000,159.3,159.67,157.17,157.24,104592.68,2021-10-18 14:00:00
1634569200000,157.25,157.66,156.41,156.66,102542.73,2021-10-18 15:00:00
1634572800000,156.65,157.53,155.87,156.34,79324.35,2021-10-18 16:00:00
1634576400000,156.34,157.92,155.37,155.4,90113.01,2021-10-18 17:00:00
1634580000000,155.39,158.01,154.91,157.14,166219.47,2021-10-18 18:00:00
1634583600000,157.14,157.14,155.77,156.75,68600.61,2021-10-18 19:00:00
1634587200000,156.75,157.58,156.12,157.06,56577.45,2021-10-18 20:00:00
1634590800000,157.05,157.66,156.18,156.45,47086.59,2021-10-18 21:00:00
1634594400000,156.46,156.97,155.63,156.52,52011.02,2021-10-18 22:00:00
1634598000000,156.51,158.25,156.37,157.12,72926.82,2021-10-18 23:00:00
1634601600000,157.12,157.59,156.18,156.25,55064.62,2021-10-19 00:00:00
1634605200000,156.24,157.5,156.06,157.21,45166.87,2021-10-19 01:00:00
1634608800000,157.24,157.77,156.67,157.05,51670.78,2021-10-19 02:00:00
1634612400000,157.06,158.97,156.78,158.5,95913.0,2021-10-19 03:00:00
1634616000000,158.5,159.45,157.97,158.04,93910.77,2021-10-19 04:00:00
1634619600000,158.05,159.12,157.6,158.53,60240.53,2021-10-19 05:00:00
1634623200000,158.54,158.83,156.86,157.15,63465.93,2021-10-19 06:00:00
1634626800000,157.15,158.07,156.72,157.67,46675.56,2021-10-19 07:00:00
1634630400000,157.67,157.91,156.45,157.65,49732.24,2021-10-19 08:00:00
1634634000000,157.64,157.75,155.6,157.11,69380.26,2021-10-19 09:00:00
1634637600000,157.11,157.77,156.48,156.7,81155.19,2021-10-19 10:00:00
1634641200000,156.7,157.49,156.41,157.0,67423.13,2021-10-19 11:00:00
1634644800000,157.01,157.98,156.68,157.31,73906.99,2021-10-19 12:00:00
1634648400000,157.31,157.99,156.7,156.74,107590.36,2021-10-19 13:00:00
1634652000000,156.73,157.0,154.79,156.1,148024.87,2021-10-19 14:00:00
1634655600000,156.09,156.43,155.47,155.53,63473.57,2021-10-19 15:00:00
1634659200000,155.54,156.08,155.3,155.89,51319.16,2021-10-19 16:00:00
1634662800000,155.88,156.51,155.71,156.2,51577.73,2021-10-19 17:00:00
1634666400000,156.2,156.49,155.14,155.35,92249.0,2021-10-19 18:00:00
1634670000000,155.35,155.93,154.41,154.53,103719.69,2021-10-19 19:00:00
1634673600000,154.52,155.06,153.06,153.76,145854.3,2021-10-19 20:00:00
1634677200000,153.77,155.01,153.65,154.52,44381.75,2021-10-19 21:00:00
1634680800000,154.51,157.04,154.51,156.71,99001.48,2021-10-19 22:00:00
1634684400000,156.7,157.3,155.78,155.78,60652.39,2021-10-19 23:00:00
1634688000000,155.77,157.47,155.71,156.5,57207.48,2021-10-20 00:00:00
1634691600000,156.5,157.16,155.62,156.07,50689.91,2021-10-20 01:00:00
1634695200000,156.08,156.98,155.79,156.29,54291.11,2021-10-20 02:00:00
1634698800000,156.28,156.76,155.74,155.77,32164.42,2021-10-20 03:00:00
1634702400000,155.76,156.43,155.46,156.22,39107.02,2021-10-20 04:00:00
1634706000000,156.22,157.11,155.0,155.65,93224.57,2021-10-20 05:00:00
1634709600000,155.62,156.18,155.48,155.99,41195.1,2021-10-20 06:00:00
1634713200000,155.98,156.74,155.76,156.52,34936.26,2021-10-20 07:00:00
1634716800000,156.52,157.0,155.91,156.81,62776.42,2021-10-20 08:00:00
1634720400000,156.83,158.19,156.67,157.4,95744.12,2021-10-20 09:00:00
1634724000000,157.4,159.32,157.29,158.17,117567.39,2021-10-20 10:00:00
1634727600000,158.17,160.15,157.69,160.08,93772.06,2021-10-20 11:00:00
1634731200000,160.07,160.76,159.44,160.57,138445.03,2021-10-20 12:00:00
1634734800000,160.58,162.11,159.95,162.08,179355.65,2021-10-20 13:00:00
1634738400000,162.08,164.75,161.55,164.0,297671.75,2021-10-20 14:00:00
1634742000000,164.0,169.95,163.79,168.74,507385.27,2021-10-20 15:00:00
1634745600000,168.75,174.58,166.78,172.3,589971.02,2021-10-20 16:00:00
1634749200000,172.3,174.11,169.92,172.34,262495.72,2021-10-20 17:00:00
1634752800000,172.34,174.1,171.45,173.76,177064.61,2021-10-20 18:00:00
1634756400000,173.79,174.9,172.15,173.06,186837.94,2021-10-20 19:00:00
1634760000000,173.07,173.95,169.92,173.3,244277.65,2021-10-20 20:00:00
1634763600000,173.31,174.78,171.56,172.43,156605.3,2021-10-20 21:00:00
1634767200000,172.43,173.3,171.5,171.88,113405.6,2021-10-20 22:00:00
1634770800000,171.87,176.87,171.07,176.72,258183.3,2021-10-20 23:00:00
1634774400000,176.72,187.93,176.7,185.5,910822.54,2021-10-21 00:00:00
1634778000000,185.49,189.77,181.99,184.59,488287.88,2021-10-21 01:00:00
1634781600000,184.59,188.45,181.0,184.57,467616.25,2021-10-21 02:00:00
1634785200000,184.54,185.2,180.88,184.22,281241.48,2021-10-21 03:00:00
1634788800000,184.2,184.2,180.0,182.79,186239.49,2021-10-21 04:00:00
1634792400000,182.76,184.69,182.38,183.27,167228.38,2021-10-21 05:00:00
1634796000000,183.27,184.3,181.0,183.17,196624.0,2021-10-21 06:00:00
1634799600000,183.18,188.88,181.72,186.99,407371.51,2021-10-21 07:00:00
1634803200000,186.99,193.1,185.27,191.1,458112.46,2021-10-21 08:00:00
1634806800000,191.1,193.7,189.93,191.54,302216.14,2021-10-21 09:00:00
1634810400000,191.53,192.44,188.71,191.51,205306.53,2021-10-21 10:00:00
1634814000000,191.51,194.21,183.15,187.09,527009.11,2021-10-21 11:00:00
1634817600000,187.09,188.83,182.31,186.7,420720.85,2021-10-21 12:00:00
1634821200000,186.71,191.1,186.16,187.42,269531.33,2021-10-21 13:00:00
1634824800000,187.42,188.22,182.0,183.64,378361.72,2021-10-21 14:00:00
1634828400000,183.65,185.27,177.8,182.6,536503.54,2021-10-21 15:00:00
1634832000000,182.62,185.47,180.43,181.0,287562.12,2021-10-21 16:00:00
1634835600000,181.0,184.89,180.8,181.39,155447.59,2021-10-21 17:00:00
1634839200000,181.4,183.83,181.19,182.75,137564.42,2021-10-21 18:00:00
1634842800000,182.75,188.59,182.67,184.75,331612.34,2021-10-21 19:00:00
1634846400000,184.74,186.47,182.68,184.38,181851.1,2021-10-21 20:00:00
1634850000000,184.38,188.27,184.31,188.01,166532.28,2021-10-21 21:00:00
1634853600000,188.03,188.82,183.72,184.08,149701.75,2021-10-21 22:00:00
1634857200000,184.08,191.1,184.0,190.5,240245.96,2021-10-21 23:00:00
1634860800000,190.46,202.0,187.96,200.03,862886.64,2021-10-22 00:00:00
1634864400000,200.03,205.0,199.33,201.44,504976.91,2021-10-22 01:00:00
1634868000000,201.46,203.34,198.23,199.5,280177.31,2021-10-22 02:00:00
1634871600000,199.46,202.75,199.33,201.71,178290.21,2021-10-22 03:00:00
1634875200000,201.72,204.0,200.25,202.79,199752.19,2021-10-22 04:00:00
1634878800000,202.84,208.0,201.51,205.2,443545.71,2021-10-22 05:00:00
1634882400000,205.2,205.89,201.61,202.13,227024.38,2021-10-22 06:00:00
1634886000000,202.14,203.92,200.42,203.24,168985.69,2021-10-22 07:00:00
1634889600000,203.24,205.46,201.77,203.09,177834.9,2021-10-22 08:00:00
1634893200000,203.09,206.0,202.62,204.74,191219.17,2021-10-22 09:00:00
1634896800000,204.77,205.45,201.05,202.89,177579.25,2021-10-22 10:00:00
1634900400000,202.89,205.27,202.51,204.18,106608.86,2021-10-22 11:00:00
1634904000000,204.18,210.12,201.8,209.87,374311.9,2021-10-22 12:00:00
1634907600000,209.87,214.26,207.31,209.9,705882.16,2021-10-22 13:00:00
1634911200000,209.87,210.53,203.41,209.89,642967.19,2021-10-22 14:00:00
1634914800000,209.89,215.1,205.57,206.53,825362.17,2021-10-22 15:00:00
1634918400000,206.53,211.12,202.34,207.91,527669.63,2021-10-22 16:00:00
1634922000000,207.92,208.08,202.36,202.52,250163.79,2021-10-22 17:00:00
1634925600000,202.47,204.39,200.33,200.89,276036.59,2021-10-22 18:00:00
1634929200000,200.95,200.95,195.36,197.69,456086.84,2021-10-22 19:00:00
1634932800000,197.69,200.0,196.1,196.31,281284.63,2021-10-22 20:00:00
1634936400000,196.33,197.0,192.0,194.89,251842.6,2021-10-22 21:00:00
1634940000000,194.87,198.0,194.52,197.29,149894.68,2021-10-22 22:00:00
1634943600000,197.29,198.38,195.28,196.29,103856.02,2021-10-22 23:00:00
1634947200000,196.29,198.38,191.86,197.81,261322.99,2021-10-23 00:00:00
1634950800000,197.8,198.0,194.91,196.23,101696.91,2021-10-23 01:00:00
1634954400000,196.24,203.21,196.04,201.81,278972.48,2021-10-23 02:00:00
1634958000000,201.81,204.09,201.13,202.84,128257.24,2021-10-23 03:00:00
1634961600000,202.85,205.78,202.1,203.39,151703.46,2021-10-23 04:00:00
1634965200000,203.35,204.43,200.5,200.98,111283.71,2021-10-23 05:00:00
1634968800000,200.97,202.2,198.7,201.09,116707.94,2021-10-23 06:00:00
1634972400000,201.09,202.77,199.17,201.35,89747.27,2021-10-23 07:00:00
1634976000000,201.38,203.1,201.28,202.48,87575.05,2021-10-23 08:00:00
1634979600000,202.49,203.08,197.6,199.92,164148.89,2021-10-23 09:00:00
1634983200000,199.97,201.45,198.14,198.24,113246.26,2021-10-23 10:00:00
1634986800000,198.21,202.56,196.8,202.25,229299.38,2021-10-23 11:00:00
1634990400000,202.29,202.68,200.67,201.58,93019.64,2021-10-23 12:00:00
1634994000000,201.59,201.65,197.96,199.12,141522.29,2021-10-23 13:00:00
1634997600000,199.12,199.86,197.29,197.59,99983.65,2021-10-23 14:00:00
1635001200000,197.56,200.53,196.74,199.2,223913.69,2021-10-23 15:00:00
1635004800000,199.2,201.69,197.84,198.15,201505.1,2021-10-23 16:00:00
1635008400000,198.12,198.87,195.18,195.48,149806.41,2021-10-23 17:00:00
1635012000000,195.49,197.11,194.0,195.2,142004.42,2021-10-23 18:00:00
1635015600000,195.19,195.43,193.0,193.74,95483.74,2021-10-23 19:00:00
1635019200000,193.75,196.28,193.56,196.12,78572.7,2021-10-23 20:00:00
1635022800000,196.12,196.83,194.99,195.97,64944.58,2021-10-23 21:00:00
1635026400000,195.97,197.9,195.81,196.4,71919.96,2021-10-23 22:00:00
1635030000000,196.42,198.18,195.18,197.75,78065.29,2021-10-23 23:00:00
1635033600000,197.75,200.13,196.75,197.09,143115.9,2021-10-24 00:00:00
1635037200000,197.07,198.73,195.91,197.82,67887.77,2021-10-24 01:00:00
1635040800000,197.81,197.86,195.69,196.84,55318.91,2021-10-24 02:00:00
1635044400000,196.79,197.63,196.26,196.56,46475.17,2021-10-24 03:00:00
1635048000000,196.58,196.6,194.92,195.67,66889.85,2021-10-24 04:00:00
1635051600000,195.66,196.2,194.03,194.25,57281.58,2021-10-24 05:00:00
1635055200000,194.24,195.24,192.29,193.19,136068.79,2021-10-24 06:00:00
1635058800000,193.18,195.53,192.51,194.11,105380.69,2021-10-24 07:00:00
1635062400000,194.1,194.87,192.97,193.67,67159.22,2021-10-24 08:00:00
1635066000000,193.67,196.42,193.31,194.15,112388.25,2021-10-24 09:00:00
1635069600000,194.17,195.68,193.84,193.96,67141.15,2021-10-24 10:00:00
1635073200000,193.97,194.35,188.69,188.82,289491.8,2021-10-24 11:00:00
1635076800000,188.83,191.09,187.22,190.94,263536.6,2021-10-24 12:00:00
1635080400000,190.93,192.56,190.23,190.23,125075.96,2021-10-24 13:00:00
1635084000000,190.24,190.62,187.35,188.29,132456.07,2021-10-24 14:00:00
1635087600000,188.29,188.97,185.41,186.58,224091.55,2021-10-24 15:00:00
1635091200000,186.58,191.01,185.22,190.78,184279.69,2021-10-24 16:00:00
1635094800000,190.81,191.38,189.03,189.24,106529.59,2021-10-24 17:00:00
1635098400000,189.2,189.33,186.36,188.03,120871.95,2021-10-24 18:00:00
1635102000000,187.98,191.7,187.93,191.53,124453.44,2021-10-24 19:00:00
1635105600000,191.51,194.29,190.51,193.82,153625.26,2021-10-24 20:00:00
1635109200000,193.83,200.0,193.82,199.81,340035.06,2021-10-24 21:00:00
1635112800000,199.81,204.86,199.8,201.95,415587.73,2021-10-24 22:00:00
1635116400000,201.95,204.26,200.86,202.14,168818.28,2021-10-24 23:00:00
1635120000000,202.15,203.0,198.0,202.66,222434.23,2021-10-25 00:00:00
1635123600000,202.72,203.9,199.2,200.83,182639.92,2021-10-25 01:00:00
1635127200000,200.87,201.32,198.15,200.33,86637.3,2021-10-25 02:00:00
1635130800000,200.32,203.4,199.71,201.68,134596.88,2021-10-25 03:00:00
1635134400000,201.68,203.89,200.81,203.34,117287.62,2021-10-25 04:00:00
1635138000000,203.33,208.3,202.44,207.97,287249.73,2021-10-25 05:00:00
1635141600000,207.97,210.82,206.49,209.1,285223.58,2021-10-25 06:00:00
1635145200000,209.06,209.26,206.64,207.75,164971.27,2021-10-25 07:00:00
1635148800000,207.75,212.7,207.16,212.01,264857.69,2021-10-25 08:00:00
1635152400000,212.03,212.15,208.37,208.58,147322.14,2021-10-25 09:00:00
1635156000000,208.59,210.0,205.62,207.57,220591.64,2021-10-25 10:00:00
1635159600000,207.58,209.43,207.47,207.9,123209.61,2021-10-25 11:00:00
1635163200000,207.9,209.9,206.55,206.8,110303.97,2021-10-25 12:00:00
1635166800000,206.81,209.09,204.9,208.18,205913.62,2021-10-25 13:00:00
1635170400000,208.15,214.5,207.4,213.65,359374.7,2021-10-25 14:00:00
1635174000000,213.65,218.93,213.56,218.63,670223.31,2021-10-25 15:00:00
1635177600000,218.62,218.75,215.04,216.74,231057.4,2021-10-25 16:00:00
1635181200000,216.74,217.42,211.42,213.83,328569.91,2021-10-25 17:00:00
1635184800000,213.77,214.35,210.78,211.65,162875.63,2021-10-25 18:00:00
1635188400000,211.69,212.91,209.88,210.4,116804.12,2021-10-25 19:00:00
1635192000000,210.44,213.2,209.25,211.64,138843.27,2021-10-25 20:00:00
1635195600000,211.63,214.32,210.0,210.4,112403.34,2021-10-25 21:00:00
1635199200000,210.4,212.23,207.47,211.55,140719.23,2021-10-25 22:00:00
1635202800000,211.54,212.4,209.51,209.7,100369.18,2021-10-25 23:00:00
1635206400000,209.73,214.2,208.83,210.89,217994.59,2021-10-26 00:00:00
1635210000000,210.89,210.89,207.5,208.49,134618.07,2021-10-26 01:00:00
1635213600000,208.48,210.33,207.79,209.93,82733.48,2021-10-26 02:00:00
1635217200000,209.94,210.16,207.54,208.63,141892.27,2021-10-26 03:00:00
1635220800000,208.63,209.14,205.58,206.58,150447.6,2021-10-26 04:00:00
1635224400000,206.57,208.66,206.57,206.84,84399.79,2021-10-26 05:00:00
1635228000000,206.84,208.05,205.76,206.53,94890.78,2021-10-26 06:00:00
1635231600000,206.53,209.43,206.39,209.34,98644.79,2021-10-26 07:00:00
1635235200000,209.35,211.7,208.26,208.76,170812.16,2021-10-26 08:00:00
1635238800000,208.75,208.99,207.61,208.68,71405.3,2021-10-26 09:00:00
1635242400000,208.68,210.93,207.69,209.53,119115.15,2021-10-26 10:00:00
1635246000000,209.53,210.07,207.25,207.28,134064.42,2021-10-26 11:00:00
1635249600000,207.28,208.35,206.0,207.44,121447.08,2021-10-26 12:00:00
1635253200000,207.44,208.28,206.48,206.89,92026.73,2021-10-26 13:00:00
1635256800000,206.9,206.95,202.36,204.26,228478.84,2021-10-26 14:00:00
1635260400000,204.25,207.39,204.0,206.57,147206.72,2021-10-26 15:00:00
1635264000000,206.57,207.25,204.01,204.57,108164.47,2021-10-26 16:00:00
1635267600000,204.58,208.58,204.35,208.42,102946.56,2021-10-26 17:00:00
1635271200000,208.42,209.6,206.19,206.8,104405.64,2021-10-26 18:00:00
1635274800000,206.8,208.89,206.47,207.1,70342.26,2021-10-26 19:00:00
1635278400000,207.11,207.6,205.94,206.04,92198.85,2021-10-26 20:00:00
1635282000000,206.05,206.05,202.17,202.72,135065.44,2021-10-26 21:00:00
1635285600000,202.71,203.45,196.36,198.61,325960.77,2021-10-26 22:00:00
1635289200000,198.62,201.17,197.92,199.85,139445.4,2021-10-26 23:00:00
1635292800000,199.87,204.07,198.15,203.78,144159.3,2021-10-27 00:00:00
1635296400000,203.78,204.78,201.53,202.06,96988.81,2021-10-27 01:00:00
1635300000000,202.07,202.31,200.59,201.55,95818.68,2021-10-27 02:00:00
1635303600000,201.52,204.5,201.4,202.83,80661.14,2021-10-27 03:00:00
1635307200000,202.85,205.49,202.02,204.21,130673.8,2021-10-27 04:00:00
1635310800000,204.15,204.7,202.42,202.58,76632.49,2021-10-27 05:00:00
1635314400000,202.6,203.13,198.87,198.97,150903.31,2021-10-27 06:00:00
1635318000000,198.96,199.69,194.0,194.09,230077.65,2021-10-27 07:00:00
1635321600000,194.09,195.87,176.94,192.03,1110311.55,2021-10-27 08:00:00
1635325200000,192.02,192.33,184.31,189.71,335122.59,2021-10-27 09:00:00
1635328800000,189.74,193.67,186.26,191.83,255704.64,2021-10-27 10:00:00
1635332400000,191.82,195.53,189.28,190.0,238310.56,2021-10-27 11:00:00
1635336000000,189.98,192.19,188.1,191.83,151066.19,2021-10-27 12:00:00
1635339600000,191.81,194.2,189.07,189.5,204258.22,2021-10-27 13:00:00
1635343200000,189.5,192.15,187.15,190.92,225364.28,2021-10-27 14:00:00
1635346800000,190.92,193.14,188.4,188.97,159249.07,2021-10-27 15:00:00
1635350400000,188.96,190.73,186.23,189.14,189736.03,2021-10-27 16:00:00
1635354000000,189.17,191.4,187.68,188.37,128463.42,2021-10-27 17:00:00
1635357600000,188.38,192.24,188.38,189.11,125852.5,2021-10-27 18:00:00
1635361200000,189.14,189.6,184.43,189.33,228574.47,2021-10-27 19:00:00
1635364800000,189.3,191.17,186.4,188.35,172950.64,2021-10-27 20:00:00
1635368400000,188.38,190.81,188.22,190.06,70703.56,2021-10-27 21:00:00
1635372000000,190.08,190.66,181.12,183.75,249580.5,2021-10-27 22:00:00
1635375600000,183.77,185.18,182.22,184.49,152462.81,2021-10-27 23:00:00
1635379200000,184.45,187.3,181.84,182.13,133371.53,2021-10-28 00:00:00
1635382800000,182.13,187.63,181.64,187.57,119034.44,2021-10-28 01:00:00
1635386400000,187.63,188.69,186.04,188.37,104312.64,2021-10-28 02:00:00
1635390000000,188.37,190.25,185.79,186.84,154706.94,2021-10-28 03:00:00
1635393600000,186.83,189.52,186.83,187.61,120874.0,2021-10-28 04:00:00
1635397200000,187.61,191.19,187.51,190.86,150029.75,2021-10-28 05:00:00
1635400800000,190.87,191.19,184.79,187.59,206604.81,2021-10-28 06:00:00
1635404400000,187.59,188.81,185.81,186.74,112137.81,2021-10-28 07:00:00
1635408000000,186.77,200.0,186.7,197.62,427247.08,2021-10-28 08:00:00
1635411600000,197.63,198.26,194.0,197.19,194624.86,2021-10-28 09:00:00
1635415200000,197.2,198.77,195.67,196.35,130402.53,2021-10-28 10:00:00
1635418800000,196.36,196.99,194.58,195.41,108332.37,2021-10-28 11:00:00
1635422400000,195.41,198.75,194.7,197.61,91933.08,2021-10-28 12:00:00
1635426000000,197.6,200.0,196.71,199.03,141891.15,2021-10-28 13:00:00
1635429600000,199.04,201.38,197.84,198.68,181608.41,2021-10-28 14:00:00
1635433200000,198.65,199.73,196.51,197.3,111257.91,2021-10-28 15:00:00
1635436800000,197.3,198.85,196.39,196.91,91494.16,2021-10-28 16:00:00
1635440400000,196.91,198.69,196.24,196.87,83750.76,2021-10-28 17:00:00
1635444000000,196.88,197.63,191.13,194.55,265936.66,2021-10-28 18:00:00
1635447600000,194.63,198.78,192.24,198.2,138391.49,2021-10-28 19:00:00
1635451200000,198.2,201.0,197.33,197.87,169482.53,2021-10-28 20:00:00
1635454800000,197.88,197.95,194.44,195.05,99117.16,2021-10-28 21:00:00
1635458400000,195.08,197.34,194.5,195.32,70897.49,2021-10-28 22:00:00
1635462000000,195.32,196.21,193.75,195.42,96335.04,2021-10-28 23:00:00
1635465600000,195.37,199.3,194.45,199.28,135175.65,2021-10-29 00:00:00
1635469200000,199.28,203.43,197.84,202.36,207896.62,2021-10-29 01:00:00
1635472800000,202.37,205.22,201.71,202.25,160211.05,2021-10-29 02:00:00
1635476400000,202.23,203.63,201.16,201.6,83312.56,2021-10-29 03:00:00
1635480000000,201.63,202.19,200.02,200.55,90206.64,2021-10-29 04:00:00
1635483600000,200.57,201.16,197.31,199.07,113132.7,2021-10-29 05:00:00
1635487200000,199.05,201.24,198.0,200.15,79542.13,2021-10-29 06:00:00
1635490800000,200.08,200.28,196.55,198.03,84554.04,2021-10-29 07:00:00
1635494400000,198.05,198.87,196.72,198.68,84184.7,2021-10-29 08:00:00
1635498000000,198.67,199.75,197.8,198.12,64472.81,2021-10-29 09:00:00
1635501600000,198.12,198.75,195.58,197.39,76752.49,2021-10-29 10:00:00
1635505200000,197.33,198.16,195.4,196.35,72912.01,2021-10-29 11:00:00
1635508800000,196.35,197.56,195.61,196.06,75911.9,2021-10-29 12:00:00
1635512400000,196.04,198.74,195.7,198.53,85455.32,2021-10-29 13:00:00
1635516000000,198.52,198.97,196.8,197.82,96331.58,2021-10-29 14:00:00
1635519600000,197.83,203.43,197.34,201.82,207592.06,2021-10-29 15:00:00
1635523200000,201.84,204.88,201.16,202.25,218367.3,2021-10-29 16:00:00
1635526800000,202.26,204.95,202.07,202.63,88369.21,2021-10-29 17:00:00
1635530400000,202.65,203.79,199.72,200.41,101511.82,2021-10-29 18:00:00
1635534000000,200.4,202.15,199.71,200.59,77975.23,2021-10-29 19:00:00
1635537600000,200.6,203.86,199.09,202.2,152348.05,2021-10-29 20:00:00
1635541200000,202.19,202.79,200.51,201.26,44097.61,2021-10-29 21:00:00
1635544800000,201.27,202.0,199.53,200.51,47139.65,2021-10-29 22:00:00
1635548400000,200.47,200.92,199.45,200.41,36760.89,2021-10-29 23:00:00
1635552000000,200.36,200.62,198.6,199.03,72072.02,2021-10-30 00:00:00
1635555600000,199.01,199.23,196.6,197.2,75057.09,2021-10-30 01:00:00
1635559200000,197.16,197.94,196.52,197.39,45328.25,2021-10-30 02:00:00
1635562800000,197.38,198.23,196.5,197.04,59996.24,2021-10-30 03:00:00
1635566400000,197.04,197.86,196.51,196.93,39549.33,2021-10-30 04:00:00
1635570000000,196.94,197.48,196.2,196.53,40851.9,2021-10-30 05:00:00
1635573600000,196.53,197.22,195.95,196.85,55748.98,2021-10-30 06:00:00
1635577200000,196.84,199.04,196.35,198.07,55377.34,2021-10-30 07:00:00
1635580800000,198.08,198.61,195.06,196.3,61197.9,2021-10-30 08:00:00
1635584400000,196.29,197.49,195.41,196.39,56030.24,2021-10-30 09:00:00
1635588000000,196.41,198.26,195.21,197.61,68499.66,2021-10-30 10:00:00
1635591600000,197.64,197.93,196.36,197.01,59676.06,2021-10-30 11:00:00
1635595200000,197.03,197.24,195.47,195.56,66287.39,2021-10-30 12:00:00
1635598800000,195.56,196.63,193.36,194.44,112747.8,2021-10-30 13:00:00
1635602400000,194.43,194.45,190.29,191.95,140096.69,2021-10-30 14:00:00
1635606000000,191.94,193.3,191.75,193.18,59565.51,2021-10-30 15:00:00
1635609600000,193.15,193.51,191.35,192.08,69162.28,2021-10-30 16:00:00
1635613200000,192.1,193.6,191.08,192.0,50129.33,2021-10-30 17:00:00
1635616800000,191.99,194.19,191.99,193.42,48103.8,2021-10-30 18:00:00
1635620400000,193.43,194.69,193.37,194.56,40025.41,2021-10-30 19:00:00
1635624000000,194.57,195.39,193.44,193.46,54819.17,2021-10-30 20:00:00
1635627600000,193.46,193.6,191.34,191.96,59763.06,2021-10-30 21:00:00
1635631200000,191.94,192.5,187.3,191.34,133747.42,2021-10-30 22:00:00
1635634800000,191.34,195.86,190.77,195.7,85740.5,2021-10-30 23:00:00
1635638400000,195.69,196.96,193.84,195.0,92339.07,2021-10-31 00:00:00
1635642000000,195.0,195.81,191.41,191.55,86379.77,2021-10-31 01:00:00
1635645600000,191.55,194.39,191.12,193.24,69399.55,2021-10-31 02:00:00
1635649200000,193.23,193.45,191.53,191.91,38195.76,2021-10-31 03:00:00
1635652800000,191.92,192.36,190.18,192.23,50870.2,2021-10-31 04:00:00
1635656400000,192.28,192.5,190.12,191.11,44292.13,2021-10-31 05:00:00
1635660000000,191.12,191.37,189.14,189.99,47400.91,2021-10-31 06:00:00
1635663600000,189.99,191.0,189.16,190.58,44793.97,2021-10-31 07:00:00
1635667200000,190.59,190.66,188.0,189.06,61207.07,2021-10-31 08:00:00
1635670800000,189.08,189.08,187.47,187.89,57441.04,2021-10-31 09:00:00
1635674400000,187.88,189.06,186.01,187.48,81749.34,2021-10-31 10:00:00
1635678000000,187.47,188.22,185.88,186.38,58813.25,2021-10-31 11:00:00
1635681600000,186.4,191.44,185.69,187.53,133478.49,2021-10-31 12:00:00
1635685200000,187.53,191.8,185.31,189.71,118330.91,2021-10-31 13:00:00
1635688800000,189.72,195.0,188.03,194.52,182889.49,2021-10-31 14:00:00
1635692400000,194.53,202.0,194.17,195.0,347939.61,2021-10-31 15:00:00
1635696000000,194.99,198.17,193.03,197.06,147609.27,2021-10-31 16:00:00
1635699600000,197.03,198.71,195.41,195.8,73243.48,2021-10-31 17:00:00
1635703200000,195.79,197.06,194.28,196.66,63382.43,2021-10-31 18:00:00
1635706800000,196.66,197.81,194.87,195.91,56890.41,2021-10-31 19:00:00
1635710400000,195.92,198.9,195.0,198.16,64183.24,2021-10-31 20:00:00
1635714000000,198.16,204.98,198.07,204.15,257140.0,2021-10-31 21:00:00
1635717600000,204.15,205.0,201.89,201.93,123887.5,2021-10-31 22:00:00
1635721200000,201.92,203.0,200.46,202.49,73900.46,2021-10-31 23:00:00
1635724800000,202.53,209.9,201.92,208.03,284389.49,2021-11-01 00:00:00
1635728400000,208.02,210.0,205.55,205.95,180754.26,2021-11-01 01:00:00
1635732000000,205.92,206.52,198.85,201.5,202549.84,2021-11-01 02:00:00
1635735600000,201.52,203.9,200.26,200.89,113300.71,2021-11-01 03:00:00
1635739200000,200.89,203.79,197.7,202.45,138785.48,2021-11-01 04:00:00
1635742800000,202.46,205.24,202.15,203.26,96867.59,2021-11-01 05:00:00
1635746400000,203.26,208.0,202.02,207.45,165847.78,2021-11-01 06:00:00
1635750000000,207.45,210.0,207.15,209.91,223311.26,2021-11-01 07:00:00
1635753600000,209.89,211.66,206.4,207.23,250518.3,2021-11-01 08:00:00
1635757200000,207.22,210.49,207.06,207.86,111375.28,2021-11-01 09:00:00
1635760800000,207.86,208.27,205.39,206.95,101294.8,2021-11-01 10:00:00
1635764400000,206.98,207.43,204.02,204.69,90761.38,2021-11-01 11:00:00
1635768000000,204.64,206.4,203.69,204.16,115399.08,2021-11-01 12:00:00
1635771600000,204.2,205.69,202.86,203.87,137605.49,2021-11-01 13:00:00
1635775200000,203.86,204.95,200.97,202.04,167984.72,2021-11-01 14:00:00
1635778800000,202.04,204.21,201.8,204.05,91219.21,2021-11-01 15:00:00
1635782400000,204.05,204.31,200.53,200.57,110725.21,2021-11-01 16:00:00
1635786000000,200.6,202.49,199.68,201.54,103533.54,2021-11-01 17:00:00
1635789600000,201.5,201.64,199.0,199.41,102784.74,2021-11-01 18:00:00
1635793200000,199.42,204.5,199.0,204.04,105196.3,2021-11-01 19:00:00
1635796800000,204.04,206.28,201.75,202.5,134246.14,2021-11-01 20:00:00
1635800400000,202.51,203.22,200.8,202.69,47934.7,2021-11-01 21:00:00
1635804000000,202.68,204.92,202.63,203.31,40556.94,2021-11-01 22:00:00
1635807600000,203.32,204.32,203.0,203.9,33134.04,2021-11-01 23:00:00
1635811200000,203.91,204.31,200.97,201.82,75170.7,2021-11-02 00:00:00
1635814800000,201.82,204.18,201.09,202.09,57627.16,2021-11-02 01:00:00
1635818400000,202.1,203.3,201.66,202.38,39741.64,2021-11-02 02:00:00
1635822000000,202.38,204.8,202.22,203.92,48389.76,2021-11-02 03:00:00
1635825600000,203.91,205.0,203.15,204.27,64739.48,2021-11-02 04:00:00
1635829200000,204.27,205.5,203.33,205.25,52048.38,2021-11-02 05:00:00
1635832800000,205.26,205.8,203.6,204.0,56800.12,2021-11-02 06:00:00
1635836400000,204.01,204.51,202.67,203.43,40699.96,2021-11-02 07:00:00
1635840000000,203.43,204.13,202.35,203.53,40377.35,2021-11-02 08:00:00
1635843600000,203.48,206.48,202.8,206.17,92445.21,2021-11-02 09:00:00
1635847200000,206.16,207.4,205.54,206.04,126022.8,2021-11-02 10:00:00
1635850800000,206.04,207.81,204.18,204.35,86639.69,2021-11-02 11:00:00
1635854400000,204.33,205.7,204.28,204.72,62682.0,2021-11-02 12:00:00
1635858000000,204.71,206.22,204.69,206.14,63184.27,2021-11-02 13:00:00
1635861600000,206.07,206.73,203.69,204.49,94219.48,2021-11-02 14:00:00
1635865200000,204.48,208.9,204.19,208.84,144026.66,2021-11-02 15:00:00
1635868800000,208.84,211.95,206.55,211.88,261988.2,2021-11-02 16:00:00
1635872400000,211.88,214.42,210.32,213.77,308777.84,2021-11-02 17:00:00
1635876000000,213.79,216.84,211.79,212.35,285340.27,2021-11-02 18:00:00
1635879600000,212.34,217.69,212.16,217.23,184461.1,2021-11-02 19:00:00
1635883200000,217.25,218.0,214.34,215.66,192430.27,2021-11-02 20:00:00
1635886800000,215.66,216.1,213.0,214.35,97492.82,2021-11-02 21:00:00
1635890400000,214.38,216.09,211.97,214.48,92862.92,2021-11-02 22:00:00
1635894000000,214.52,222.22,212.69,220.82,308536.462,2021-11-02 23:00:00
1635897600000,220.81,224.46,215.69,223.87,311969.215,2021-11-03 00:00:00
1635901200000,223.87,229.95,222.4,226.77,450451.88,2021-11-03 01:00:00
1635904800000,226.76,230.17,224.45,227.5,218362.99,2021-11-03 02:00:00
1635908400000,227.5,231.95,225.31,229.6,224335.3,2021-11-03 03:00:00
1635912000000,229.6,229.64,224.0,224.2,134564.43,2021-11-03 04:00:00
1635915600000,224.21,229.78,224.08,229.5,124771.0,2021-11-03 05:00:00
1635919200000,229.5,230.97,226.62,227.37,125541.43,2021-11-03 06:00:00
1635922800000,227.38,232.66,227.0,232.47,164474.19,2021-11-03 07:00:00
1635926400000,232.49,232.88,227.31,227.85,141309.86,2021-11-03 08:00:00
1635930000000,227.83,233.83,226.82,233.63,175478.43,2021-11-03 09:00:00
1635933600000,233.63,235.0,232.12,232.62,241641.92,2021-11-03 10:00:00
1635937200000,232.61,233.39,228.52,231.7,175370.6,2021-11-03 11:00:00
1635940800000,231.7,232.02,224.0,226.72,219334.07,2021-11-03 12:00:00
1635944400000,226.71,229.3,223.12,225.89,237796.89,2021-11-03 13:00:00
1635948000000,225.92,227.85,223.39,225.98,159706.15,2021-11-03 14:00:00
1635951600000,226.0,227.25,223.82,225.31,143773.68,2021-11-03 15:00:00
1635955200000,225.35,228.14,221.12,222.7,263236.45,2021-11-03 16:00:00
1635958800000,222.71,226.46,222.17,225.75,103305.11,2021-11-03 17:00:00
1635962400000,225.74,236.76,222.67,236.55,370323.58,2021-11-03 18:00:00
1635966000000,236.55,237.94,234.32,234.69,178867.3,2021-11-03 19:00:00
1635969600000,234.68,240.0,234.38,239.04,239737.725,2021-11-03 20:00:00
1635973200000,239.04,247.0,237.16,240.73,460304.462,2021-11-03 21:00:00
1635976800000,240.73,243.48,238.5,243.04,190122.74,2021-11-03 22:00:00
1635980400000,243.05,245.82,239.44,243.37,198936.95,2021-11-03 23:00:00
1635984000000,243.37,247.0,239.04,246.24,245973.44,2021-11-04 00:00:00
1635987600000,246.29,248.0,242.49,242.65,170146.05,2021-11-04 01:00:00
1635991200000,242.66,243.54,240.0,242.05,101732.21,2021-11-04 02:00:00
1635994800000,242.15,242.7,238.0,238.1,94234.76,2021-11-04 03:00:00
1635998400000,238.12,242.81,238.01,241.95,74889.34,2021-11-04 04:00:00
1636002000000,241.95,242.29,235.56,236.01,85617.71,2021-11-04 05:00:00
1636005600000,236.01,244.0,235.83,242.36,132897.37,2021-11-04 06:00:00
1636009200000,242.38,244.25,236.72,237.89,129826.65,2021-11-04 07:00:00
1636012800000,237.8,242.4,237.39,238.47,133411.38,2021-11-04 08:00:00
1636016400000,238.41,240.85,236.76,239.6,102192.78,2021-11-04 09:00:00
1636020000000,239.6,243.43,238.01,242.26,111583.38,2021-11-04 10:00:00
1636023600000,242.27,244.08,237.66,239.0,143522.36,2021-11-04 11:00:00
1636027200000,239.0,243.0,238.06,239.44,123590.94,2021-11-04 12:00:00
1636030800000,239.42,244.73,238.32,242.8,185573.76,2021-11-04 13:00:00
1636034400000,242.86,245.26,241.22,242.43,198893.76,2021-11-04 14:00:00
1636038000000,242.37,242.89,235.99,238.48,240728.13,2021-11-04 15:00:00
1636041600000,238.47,242.74,234.0,241.42,237977.15,2021-11-04 16:00:00
1636045200000,241.42,242.25,237.0,237.21,128835.6,2021-11-04 17:00:00
1636048800000,237.19,241.69,236.59,238.0,120824.81,2021-11-04 18:00:00
1636052400000,237.95,241.7,237.78,240.44,91064.39,2021-11-04 19:00:00
1636056000000,240.49,248.8,239.0,248.6,228199.69,2021-11-04 20:00:00
1636059600000,248.6,248.96,245.16,248.07,117175.83,2021-11-04 21:00:00
1636063200000,248.13,250.0,245.17,248.21,221642.48,2021-11-04 22:00:00
1636066800000,248.14,250.5,246.5,247.07,132114.61,2021-11-04 23:00:00
1636070400000,247.06,248.84,240.94,241.26,194018.42,2021-11-05 00:00:00
1636074000000,241.26,244.92,240.53,244.42,85924.6,2021-11-05 01:00:00
1636077600000,244.4,244.66,241.63,241.63,100040.96,2021-11-05 02:00:00
1636081200000,241.64,244.15,240.95,242.93,101621.06,2021-11-05 03:00:00
1636084800000,242.97,244.27,241.34,241.73,96677.57,2021-11-05 04:00:00
1636088400000,241.73,243.08,240.31,242.49,70804.28,2021-11-05 05:00:00
1636092000000,242.5,244.25,241.65,242.59,77600.63,2021-11-05 06:00:00
1636095600000,242.6,244.3,242.0,242.73,64308.67,2021-11-05 07:00:00
1636099200000,242.75,243.8,242.0,243.33,51239.54,2021-11-05 08:00:00
1636102800000,243.34,243.61,239.54,241.13,79605.62,2021-11-05 09:00:00
1636106400000,241.13,242.0,236.98,238.06,105862.46,2021-11-05 10:00:00
1636110000000,238.06,238.9,236.28,236.47,90421.1,2021-11-05 11:00:00
1636113600000,236.47,238.05,235.47,237.23,89195.48,2021-11-05 12:00:00
1636117200000,237.23,238.72,236.74,237.37,100845.37,2021-11-05 13:00:00
1636120800000,237.4,238.04,231.09,232.23,184192.66,2021-11-05 14:00:00
1636124400000,232.24,234.92,230.34,233.19,181002.68,2021-11-05 15:00:00
1636128000000,233.24,235.94,232.46,235.56,86493.86,2021-11-05 16:00:00
1636131600000,235.56,236.21,234.11,235.75,52839.24,2021-11-05 17:00:00
1636135200000,235.75,238.77,235.5,237.15,90297.26,2021-11-05 18:00:00
1636138800000,237.16,237.25,233.78,235.8,55528.74,2021-11-05 19:00:00
1636142400000,235.79,235.9,231.49,232.71,110022.18,2021-11-05 20:00:00
1636146000000,232.7,235.79,232.61,235.48,52170.62,2021-11-05 21:00:00
1636149600000,235.47,237.91,234.77,236.51,57498.08,2021-11-05 22:00:00
1636153200000,236.5,237.99,235.16,236.06,55589.15,2021-11-05 23:00:00
1636156800000,236.04,241.37,234.79,241.18,145575.86,2021-11-06 00:00:00
1636160400000,241.19,242.0,238.38,239.63,97815.88,2021-11-06 01:00:00
1636164000000,239.62,240.19,238.08,239.06,50090.03,2021-11-06 02:00:00
1636167600000,239.05,240.46,237.95,239.79,72353.19,2021-11-06 03:00:00
1636171200000,239.8,244.18,239.58,242.99,144200.46,2021-11-06 04:00:00
1636174800000,243.0,245.87,243.0,245.58,116720.48,2021-11-06 05:00:00
1636178400000,245.58,247.47,244.53,247.47,122897.58,2021-11-06 06:00:00
1636182000000,247.47,247.99,241.26,245.92,159749.52,2021-11-06 07:00:00
1636185600000,245.91,249.88,244.71,247.94,204263.93,2021-11-06 08:00:00
1636189200000,247.93,248.42,245.73,245.75,83573.01,2021-11-06 09:00:00
1636192800000,245.77,247.93,242.06,242.68,110785.33,2021-11-06 10:00:00
1636196400000,242.67,244.6,239.77,242.33,175775.95,2021-11-06 11:00:00
1636200000000,242.34,243.54,237.54,242.26,160768.05,2021-11-06 12:00:00
1636203600000,242.24,244.51,242.03,243.41,83151.54,2021-11-06 13:00:00
1636207200000,243.42,246.86,241.56,245.18,91967.48,2021-11-06 14:00:00
1636210800000,245.14,254.44,245.04,253.2,338735.35,2021-11-06 15:00:00
1636214400000,253.21,255.0,248.1,250.0,206078.03,2021-11-06 16:00:00
1636218000000,250.05,254.05,249.7,252.18,94123.53,2021-11-06 17:00:00
1636221600000,252.21,253.16,250.15,252.2,60875.07,2021-11-06 18:00:00
1636225200000,252.21,255.0,251.11,254.28,80005.03,2021-11-06 19:00:00
1636228800000,254.28,255.75,251.25,252.53,124632.42,2021-11-06 20:00:00
1636232400000,252.52,259.9,252.4,257.07,186787.31,2021-11-06 21:00:00
1636236000000,257.11,257.96,255.18,256.11,71718.38,2021-11-06 22:00:00
1636239600000,256.12,259.14,256.12,258.44,63419.05,2021-11-06 23:00:00
1636243200000,258.41,258.66,252.63,253.43,130461.73,2021-11-07 00:00:00
1636246800000,253.36,256.07,251.94,252.07,144598.7,2021-11-07 01:00:00
1636250400000,252.06,253.53,251.14,252.3,63313.44,2021-11-07 02:00:00
1636254000000,252.31,255.2,252.18,254.18,45354.18,2021-11-07 03:00:00
1636257600000,254.18,255.75,252.55,255.64,74334.2,2021-11-07 04:00:00
1636261200000,255.68,258.59,254.34,256.31,92609.74,2021-11-07 05:00:00
1636264800000,256.35,258.5,254.88,255.0,78462.76,2021-11-07 06:00:00
1636268400000,254.99,255.97,252.83,252.92,80000.04,2021-11-07 07:00:00
1636272000000,252.91,253.9,250.0,251.47,140269.29,2021-11-07 08:00:00
1636275600000,251.49,253.5,250.05,252.97,75511.98,2021-11-07 09:00:00
1636279200000,252.96,253.1,250.16,251.49,93196.73,2021-11-07 10:00:00
1636282800000,251.51,252.98,250.36,252.6,54830.46,2021-11-07 11:00:00
1636286400000,252.61,254.41,251.26,252.84,75750.32,2021-11-07 12:00:00
1636290000000,252.83,253.84,251.2,251.26,66472.1,2021-11-07 13:00:00
1636293600000,251.27,252.31,250.68,250.79,64715.51,2021-11-07 14:00:00
1636297200000,250.78,252.79,250.68,252.16,56977.91,2021-11-07 15:00:00
1636300800000,252.15,253.43,251.2,251.34,54347.91,2021-11-07 16:00:00
1636304400000,251.35,251.75,249.58,250.74,93974.2,2021-11-07 17:00:00
1636308000000,250.75,251.36,247.92,249.69,91362.67,2021-11-07 18:00:00
1636311600000,249.68,250.39,246.68,247.0,85285.94,2021-11-07 19:00:00
1636315200000,246.99,249.45,245.65,248.81,83276.38,2021-11-07 20:00:00
1636318800000,248.81,249.17,247.04,247.25,55895.52,2021-11-07 21:00:00
1636322400000,247.24,250.38,247.22,249.3,71836.44,2021-11-07 22:00:00
1636326000000,249.3,250.69,249.0,249.68,50254.72,2021-11-07 23:00:00
1636329600000,249.62,250.3,243.19,247.23,212835.03,2021-11-08 00:00:00
1636333200000,247.23,247.24,240.72,241.41,171840.97,2021-11-08 01:00:00
1636336800000,241.41,244.74,240.68,244.3,101824.98,2021-11-08 02:00:00
1636340400000,244.32,249.6,244.27,248.29,104264.76,2021-11-08 03:00:00
1636344000000,248.29,248.62,246.45,248.09,70001.34,2021-11-08 04:00:00
1636347600000,248.09,249.39,246.0,247.73,82578.71,2021-11-08 05:00:00
1636351200000,247.73,247.87,243.87,244.57,98320.91,2021-11-08 06:00:00
1636354800000,244.58,246.1,244.17,245.86,87289.97,2021-11-08 07:00:00
1636358400000,245.86,247.77,243.2,243.66,101706.43,2021-11-08 08:00:00
1636362000000,243.65,244.56,242.37,244.09,83597.01,2021-11-08 09:00:00
1636365600000,244.11,246.0,243.96,244.09,66850.09,2021-11-08 10:00:00
1636369200000,244.11,244.45,242.45,243.77,74872.12,2021-11-08 11:00:00
1636372800000,243.77,244.65,242.74,243.77,68989.76,2021-11-08 12:00:00
1636376400000,243.77,245.89,243.01,243.23,78524.14,2021-11-08 13:00:00
1636380000000,243.23,245.48,242.83,244.1,60745.14,2021-11-08 14:00:00
1636383600000,244.11,248.6,243.36,248.28,103826.81,2021-11-08 15:00:00
1636387200000,248.28,253.3,247.56,248.11,216174.42,2021-11-08 16:00:00
1636390800000,248.14,249.88,247.04,249.83,59452.71,2021-11-08 17:00:00
1636394400000,249.83,249.85,248.26,248.95,49777.56,2021-11-08 18:00:00
1636398000000,248.96,250.05,245.83,246.43,76333.48,2021-11-08 19:00:00
1636401600000,246.43,246.54,240.7,245.17,127674.93,2021-11-08 20:00:00
1636405200000,245.17,247.86,245.0,247.37,53250.57,2021-11-08 21:00:00
1636408800000,247.37,247.75,244.57,246.05,37938.96,2021-11-08 22:00:00
1636412400000,246.07,249.57,245.88,248.26,112680.96,2021-11-08 23:00:00
1636416000000,248.27,253.22,247.97,249.85,183329.47,2021-11-09 00:00:00
1636419600000,249.84,250.1,247.2,249.0,76674.38,2021-11-09 01:00:00
1636423200000,249.03,249.12,246.22,246.71,75232.36,2021-11-09 02:00:00
1636426800000,246.69,247.83,246.17,246.72,73310.5,2021-11-09 03:00:00
1636430400000,246.73,247.59,245.11,245.29,79254.84,2021-11-09 04:00:00
1636434000000,245.29,246.76,245.15,245.97,68359.26,2021-11-09 05:00:00
1636437600000,245.97,246.89,245.02,246.85,66848.46,2021-11-09 06:00:00
1636441200000,246.84,248.11,246.02,246.53,83168.88,2021-11-09 07:00:00
1636444800000,246.54,247.42,245.37,247.35,68999.85,2021-11-09 08:00:00
1636448400000,247.36,247.65,246.57,247.18,59361.47,2021-11-09 09:00:00
1636452000000,247.16,248.88,246.75,246.83,78152.38,2021-11-09 10:00:00
1636455600000,246.82,247.71,244.65,245.91,91911.68,2021-11-09 11:00:00
1636459200000,245.9,246.31,243.6,244.05,105749.82,2021-11-09 12:00:00
1636462800000,244.03,245.95,243.89,245.5,76727.67,2021-11-09 13:00:00
1636466400000,245.5,246.39,243.6,243.61,99742.73,2021-11-09 14:00:00
1636470000000,243.63,243.66,237.62,240.8,316409.83,2021-11-09 15:00:00
1636473600000,240.8,241.5,237.92,240.15,127837.53,2021-11-09 16:00:00
1636477200000,240.15,243.0,238.37,242.04,96513.98,2021-11-09 17:00:00
1636480800000,242.04,243.53,239.81,239.85,70520.15,2021-11-09 18:00:00
1636484400000,239.84,241.42,238.72,240.15,67933.9,2021-11-09 19:00:00
1636488000000,240.14,242.63,239.29,242.29,66748.58,2021-11-09 20:00:00
1636491600000,242.29,242.29,240.0,241.72,54466.32,2021-11-09 21:00:00
1636495200000,241.75,242.26,239.57,240.21,71966.57,2021-11-09 22:00:00
1636498800000,240.21,241.16,238.77,239.04,57867.45,2021-11-09 23:00:00
1636502400000,239.06,241.23,236.26,238.09,107781.93,2021-11-10 00:00:00
1636506000000,238.09,240.67,236.95,239.89,66796.68,2021-11-10 01:00:00
1636509600000,239.9,241.19,238.97,239.82,51878.57,2021-11-10 02:00:00
1636513200000,239.83,240.43,235.89,236.6,100317.45,2021-11-10 03:00:00
1636516800000,236.61,238.54,235.38,238.36,76433.94,2021-11-10 04:00:00
1636520400000,238.36,238.55,236.6,237.4,57809.49,2021-11-10 05:00:00
1636524000000,237.41,240.88,237.41,240.56,76728.46,2021-11-10 06:00:00
1636527600000,240.57,243.4,240.42,240.87,119051.07,2021-11-10 07:00:00
1636531200000,240.87,243.0,240.76,241.47,80481.32,2021-11-10 08:00:00
1636534800000,241.48,242.41,240.36,241.78,57691.63,2021-11-10 09:00:00
1636538400000,241.78,243.24,241.53,242.87,56233.87,2021-11-10 10:00:00
1636542000000,242.87,243.96,240.55,240.63,66499.76,2021-11-10 11:00:00
1636545600000,240.64,241.83,237.0,237.12,101529.76,2021-11-10 12:00:00
1636549200000,237.15,241.65,236.44,241.53,142990.83,2021-11-10 13:00:00
1636552800000,241.52,244.04,240.6,241.83,116633.58,2021-11-10 14:00:00
1636556400000,241.86,248.0,241.86,244.84,193056.91,2021-11-10 15:00:00
1636560000000,244.84,246.02,243.5,243.64,106091.62,2021-11-10 16:00:00
1636563600000,243.64,244.96,241.93,242.87,99295.41,2021-11-10 17:00:00
1636567200000,242.87,243.07,240.12,240.53,65801.64,2021-11-10 18:00:00
1636570800000,240.51,242.28,236.32,236.48,136299.09,2021-11-10 19:00:00
1636574400000,236.49,238.84,226.0,229.99,354660.19,2021-11-10 20:00:00
1636578000000,229.98,233.79,217.5,228.19,604446.77,2021-11-10 21:00:00
1636581600000,228.24,234.09,226.06,233.71,156959.6,2021-11-10 22:00:00
1636585200000,233.67,233.98,230.0,233.09,97007.66,2021-11-10 23:00:00
1636588800000,233.06,235.0,229.4,234.87,105599.79,2021-11-11 00:00:00
1636592400000,234.86,237.87,234.34,236.66,108212.47,2021-11-11 01:00:00
1636596000000,236.65,237.94,234.44,237.17,81120.06,2021-11-11 02:00:00
1636599600000,237.17,239.16,235.86,239.04,64101.76,2021-11-11 03:00:00
1636603200000,239.02,240.37,237.74,239.05,92117.89,2021-11-11 04:00:00
1636606800000,239.05,243.0,238.98,242.95,126721.79,2021-11-11 05:00:00
1636610400000,242.95,246.0,241.93,245.07,134169.2,2021-11-11 06:00:00
1636614000000,245.14,246.5,243.95,244.2,103330.39,2021-11-11 07:00:00
1636617600000,244.19,246.07,241.19,245.06,111477.6,2021-11-11 08:00:00
1636621200000,245.06,245.21,242.41,243.28,80300.98,2021-11-11 09:00:00
1636624800000,243.28,243.5,241.42,241.67,64518.39,2021-11-11 10:00:00
1636628400000,241.66,242.86,239.85,239.88,60582.38,2021-11-11 11:00:00
1636632000000,239.88,241.52,237.38,241.13,103731.82,2021-11-11 12:00:00
1636635600000,241.13,243.21,239.34,241.56,105221.61,2021-11-11 13:00:00
1636639200000,241.57,242.64,238.28,240.31,87756.89,2021-11-11 14:00:00
1636642800000,240.31,241.75,236.16,239.42,95142.63,2021-11-11 15:00:00
1636646400000,239.41,240.7,237.89,239.93,55860.14,2021-11-11 16:00:00
1636650000000,239.93,240.14,237.83,237.9,44405.44,2021-11-11 17:00:00
1636653600000,237.88,238.3,235.32,236.58,73508.09,2021-11-11 18:00:00
1636657200000,236.58,238.22,236.48,237.77,49124.16,2021-11-11 19:00:00
1636660800000,237.77,238.79,235.0,235.17,66900.72,2021-11-11 20:00:00
1636664400000,235.17,236.59,234.86,236.53,51148.33,2021-11-11 21:00:00
1636668000000,236.53,236.63,234.83,236.2,72982.28,2021-11-11 22:00:00
1636671600000,236.16,236.4,233.31,233.37,59959.09,2021-11-11 23:00:00
1636675200000,233.34,236.45,232.97,234.94,76014.36,2021-11-12 00:00:00
1636678800000,234.94,237.56,231.66,236.72,111720.14,2021-11-12 01:00:00
1636682400000,236.72,239.09,236.0,236.73,51019.8,2021-11-12 02:00:00
1636686000000,236.72,237.17,230.06,232.24,123671.13,2021-11-12 03:00:00
1636689600000,232.24,234.85,231.77,233.76,64493.04,2021-11-12 04:00:00
1636693200000,233.77,234.18,230.18,230.52,63105.26,2021-11-12 05:00:00
1636696800000,230.52,231.29,227.64,228.19,115927.48,2021-11-12 06:00:00
1636700400000,228.24,229.61,227.03,228.09,91999.92,2021-11-12 07:00:00
1636704000000,228.12,231.65,227.06,231.31,72768.16,2021-11-12 08:00:00
1636707600000,231.36,231.42,225.38,226.27,111178.13,2021-11-12 09:00:00
1636711200000,226.26,227.69,224.68,225.58,111093.74,2021-11-12 10:00:00
1636714800000,225.57,227.93,225.0,226.17,74697.03,2021-11-12 11:00:00
1636718400000,226.17,228.88,224.0,227.95,87757.5,2021-11-12 12:00:00
1636722000000,227.95,229.33,225.05,228.13,100130.2,2021-11-12 13:00:00
1636725600000,228.13,228.43,225.34,225.56,77204.0,2021-11-12 14:00:00
1636729200000,225.55,226.35,221.48,222.3,157766.43,2021-11-12 15:00:00
1636732800000,222.3,227.0,220.83,226.2,152199.12,2021-11-12 16:00:00
1636736400000,226.2,230.44,225.0,230.03,126658.03,2021-11-12 17:00:00
1636740000000,230.03,232.57,228.25,229.56,115317.76,2021-11-12 18:00:00
1636743600000,229.53,230.4,227.8,228.85,43362.23,2021-11-12 19:00:00
1636747200000,228.85,231.89,228.8,231.36,48245.75,2021-11-12 20:00:00
1636750800000,231.34,233.35,229.88,229.93,53321.6,2021-11-12 21:00:00
1636754400000,229.92,231.11,227.84,229.09,40182.3,2021-11-12 22:00:00
1636758000000,229.08,229.87,227.81,228.48,44888.12,2021-11-12 23:00:00
1636761600000,228.46,232.72,228.45,230.84,60399.89,2021-11-13 00:00:00
1636765200000,230.84,231.54,226.37,226.47,63787.6,2021-11-13 01:00:00
1636768800000,226.47,228.44,226.2,226.45,35992.25,2021-11-13 02:00:00
1636772400000,226.45,227.28,225.46,225.54,35761.32,2021-11-13 03:00:00
1636776000000,225.54,227.03,224.79,226.1,49961.81,2021-11-13 04:00:00
1636779600000,226.09,227.38,225.86,226.2,30702.7,2021-11-13 05:00:00
1636783200000,226.19,227.36,225.67,227.32,31881.97,2021-11-13 06:00:00
1636786800000,227.32,227.38,225.73,227.07,37399.69,2021-11-13 07:00:00
1636790400000,227.08,228.95,226.0,226.31,53331.45,2021-11-13 08:00:00
1636794000000,226.31,226.65,225.04,225.61,40405.51,2021-11-13 09:00:00
1636797600000,225.61,227.27,225.3,227.05,33667.25,2021-11-13 10:00:00
1636801200000,227.07,227.48,226.42,226.96,30764.66,2021-11-13 11:00:00
1636804800000,226.98,228.37,226.39,228.11,42760.5,2021-11-13 12:00:00
1636808400000,228.07,232.05,227.62,232.0,74804.38,2021-11-13 13:00:00
1636812000000,232.0,235.19,231.99,234.77,117810.46,2021-11-13 14:00:00
1636815600000,234.77,237.2,230.47,233.62,143274.26,2021-11-13 15:00:00
1636819200000,233.61,237.74,233.46,236.89,114861.08,2021-11-13 16:00:00
1636822800000,236.89,239.16,235.83,238.51,79641.02,2021-11-13 17:00:00
1636826400000,238.51,238.9,234.0,235.51,77138.58,2021-11-13 18:00:00
1636830000000,235.5,237.8,234.85,237.18,46213.43,2021-11-13 19:00:00
1636833600000,237.2,240.9,236.93,240.13,88015.19,2021-11-13 20:00:00
1636837200000,240.12,241.92,239.03,239.45,81736.03,2021-11-13 21:00:00
1636840800000,239.45,240.08,238.59,239.87,48001.77,2021-11-13 22:00:00
1636844400000,239.86,241.97,238.75,241.59,40074.59,2021-11-13 23:00:00
1636848000000,241.58,242.0,238.52,238.88,63823.09,2021-11-14 00:00:00
1636851600000,238.88,239.83,236.41,238.17,49215.14,2021-11-14 01:00:00
1636855200000,238.16,239.12,237.27,237.86,33294.17,2021-11-14 02:00:00
1636858800000,237.86,239.48,236.65,237.2,35790.88,2021-11-14 03:00:00
1636862400000,237.2,238.73,236.77,237.23,27795.41,2021-11-14 04:00:00
1636866000000,237.23,237.93,236.09,237.58,30203.54,2021-11-14 05:00:00
1636869600000,237.58,237.84,235.94,236.84,37283.54,2021-11-14 06:00:00
1636873200000,236.84,237.27,234.77,235.31,41172.92,2021-11-14 07:00:00
1636876800000,235.31,235.93,234.0,234.77,56385.24,2021-11-14 08:00:00
1636880400000,234.76,235.62,233.55,234.63,38691.61,2021-11-14 09:00:00
1636884000000,234.63,237.28,234.52,236.18,36825.26,2021-11-14 10:00:00
1636887600000,236.17,236.71,235.28,236.27,35891.14,2021-11-14 11:00:00
1636891200000,236.27,237.21,235.08,236.57,35851.0,2021-11-14 12:00:00
1636894800000,236.57,238.4,236.05,238.01,39836.54,2021-11-14 13:00:00
1636898400000,238.01,238.78,236.03,236.53,57829.88,2021-11-14 14:00:00
1636902000000,236.51,236.71,234.06,234.41,45465.35,2021-11-14 15:00:00
1636905600000,234.41,234.42,230.67,231.62,82849.89,2021-11-14 16:00:00
1636909200000,231.6,234.17,230.4,233.69,54747.06,2021-11-14 17:00:00
1636912800000,233.69,235.0,232.75,233.77,28218.22,2021-11-14 18:00:00
1636916400000,233.76,235.84,231.3,235.37,48508.71,2021-11-14 19:00:00
1636920000000,235.36,237.3,235.27,236.89,50496.25,2021-11-14 20:00:00
1636923600000,236.9,236.96,235.3,236.07,36149.27,2021-11-14 21:00:00
1636927200000,236.07,239.06,235.78,237.5,59560.23,2021-11-14 22:00:00
1636930800000,237.5,238.77,236.31,238.64,49260.53,2021-11-14 23:00:00
1636934400000,238.63,241.68,237.63,240.78,129142.34,2021-11-15 00:00:00
1636938000000,240.8,242.66,239.04,240.63,88933.48,2021-11-15 01:00:00
1636941600000,240.61,241.86,240.01,240.82,44766.1,2021-11-15 02:00:00
1636945200000,240.84,244.51,240.65,243.72,129365.06,2021-11-15 03:00:00
1636948800000,243.71,244.48,242.29,243.24,53929.77,2021-11-15 04:00:00
1636952400000,243.25,244.44,242.06,242.33,48041.75,2021-11-15 05:00:00
1636956000000,242.33,243.58,239.46,241.61,78826.61,2021-11-15 06:00:00
1636959600000,241.61,241.96,240.62,241.28,46874.74,2021-11-15 07:00:00
1636963200000,241.29,242.16,239.81,241.4,63098.84,2021-11-15 08:00:00
1636966800000,241.4,243.99,240.98,242.85,73226.6,2021-11-15 09:00:00
1636970400000,242.85,243.07,241.13,242.05,46072.88,2021-11-15 10:00:00
1636974000000,242.05,244.0,241.32,243.0,58906.52,2021-11-15 11:00:00
1636977600000,243.01,246.0,242.89,245.39,122661.97,2021-11-15 12:00:00
1636981200000,245.38,246.36,243.15,244.09,91161.23,2021-11-15 13:00:00
1636984800000,244.09,244.09,240.52,241.35,91432.51,2021-11-15 14:00:00
1636988400000,241.36,241.89,238.62,239.76,136465.98,2021-11-15 15:00:00
1636992000000,239.75,241.91,239.18,241.62,90890.31,2021-11-15 16:00:00
1636995600000,241.62,242.41,240.0,240.06,63087.44,2021-11-15 17:00:00
1636999200000,240.08,240.25,237.57,238.82,119477.07,2021-11-15 18:00:00
1637002800000,238.81,240.57,237.72,240.31,62741.0,2021-11-15 19:00:00
1637006400000,240.3,240.61,236.02,236.18,91662.49,2021-11-15 20:00:00
1637010000000,236.17,238.44,234.49,237.48,81473.85,2021-11-15 21:00:00
1637013600000,237.47,239.16,235.34,238.79,48716.19,2021-11-15 22:00:00
1637017200000,238.8,239.04,237.0,238.2,60173.51,2021-11-15 23:00:00
1637020800000,238.18,238.21,229.93,230.01,207932.08,2021-11-16 00:00:00
1637024400000,229.99,232.76,225.01,231.65,219639.17,2021-11-16 01:00:00
1637028000000,231.61,233.29,228.04,228.94,137286.38,2021-11-16 02:00:00
1637031600000,228.85,230.0,224.13,226.7,123458.93,2021-11-16 03:00:00
1637035200000,226.74,230.62,224.37,229.31,116927.84,2021-11-16 04:00:00
1637038800000,229.27,229.92,227.39,227.78,62439.04,2021-11-16 05:00:00
1637042400000,227.79,228.15,224.9,226.39,75721.9,2021-11-16 06:00:00
1637046000000,226.39,228.14,224.8,226.63,77731.94,2021-11-16 07:00:00
1637049600000,226.67,228.78,224.92,228.44,69565.03,2021-11-16 08:00:00
1637053200000,228.44,229.9,222.2,222.3,115671.16,2021-11-16 09:00:00
1637056800000,222.26,224.56,213.81,224.14,352422.14,2021-11-16 10:00:00
1637060400000,224.09,226.33,223.47,224.93,107138.0,2021-11-16 11:00:00
1637064000000,224.93,225.56,220.28,220.45,88900.43,2021-11-16 12:00:00
1637067600000,220.44,224.15,220.41,222.63,93042.03,2021-11-16 13:00:00
1637071200000,222.63,227.82,222.23,226.72,128305.41,2021-11-16 14:00:00
1637074800000,226.72,227.62,224.78,225.29,50733.79,2021-11-16 15:00:00
1637078400000,225.24,226.1,223.44,224.54,55276.18,2021-11-16 16:00:00
1637082000000,224.54,225.93,224.43,224.52,50463.46,2021-11-16 17:00:00
1637085600000,224.59,226.55,222.24,222.55,53488.13,2021-11-16 18:00:00
1637089200000,222.53,226.97,222.27,225.9,71169.68,2021-11-16 19:00:00
1637092800000,225.82,225.89,216.81,219.77,140071.39,2021-11-16 20:00:00
1637096400000,219.76,224.0,219.41,222.99,71609.67,2021-11-16 21:00:00
1637100000000,222.98,224.95,222.94,223.59,39576.24,2021-11-16 22:00:00
1637103600000,223.66,224.05,218.85,219.04,49053.65,2021-11-16 23:00:00
1637107200000,219.09,221.36,217.35,218.38,89431.55,2021-11-17 00:00:00
1637110800000,218.34,220.53,215.83,215.92,74731.87,2021-11-17 01:00:00
1637114400000,215.94,218.52,215.22,216.07,69906.78,2021-11-17 02:00:00
1637118000000,216.03,217.33,211.73,212.49,139840.99,2021-11-17 03:00:00
1637121600000,212.5,214.48,210.71,213.41,97298.77,2021-11-17 04:00:00
1637125200000,213.59,214.91,212.4,214.16,90300.37,2021-11-17 05:00:00
1637128800000,214.16,214.81,211.0,212.62,64904.66,2021-11-17 06:00:00
1637132400000,212.62,216.55,211.22,214.81,78670.72,2021-11-17 07:00:00
1637136000000,214.82,217.21,214.15,215.01,70573.51,2021-11-17 08:00:00
1637139600000,215.0,215.01,210.48,211.05,83103.24,2021-11-17 09:00:00
1637143200000,211.06,219.0,209.53,218.68,154759.29,2021-11-17 10:00:00
1637146800000,218.64,220.46,216.84,220.28,104748.07,2021-11-17 11:00:00
1637150400000,220.32,222.44,219.05,219.74,93229.18,2021-11-17 12:00:00
1637154000000,219.83,220.59,217.01,217.14,93442.37,2021-11-17 13:00:00
1637157600000,217.13,219.32,213.77,213.85,84891.57,2021-11-17 14:00:00
1637161200000,213.84,214.45,210.02,213.67,107949.09,2021-11-17 15:00:00
1637164800000,213.66,216.67,211.4,216.33,96079.68,2021-11-17 16:00:00
1637168400000,216.33,216.39,212.03,214.44,79082.87,2021-11-17 17:00:00
1637172000000,214.44,217.22,213.79,216.13,74700.77,2021-11-17 18:00:00
1637175600000,216.12,217.58,213.03,214.47,97861.64,2021-11-17 19:00:00
1637179200000,214.46,217.76,212.52,217.62,83793.83,2021-11-17 20:00:00
1637182800000,217.6,217.78,214.11,217.06,74967.62,2021-11-17 21:00:00
1637186400000,217.05,217.45,214.48,216.34,40952.32,2021-11-17 22:00:00
1637190000000,216.39,218.97,215.38,218.94,49569.78,2021-11-17 23:00:00
1637193600000,218.9,222.78,217.5,222.22,99789.29,2021-11-18 00:00:00
1637197200000,222.26,222.36,218.31,219.8,82256.94,2021-11-18 01:00:00
1637200800000,219.8,221.74,218.31,221.12,56697.09,2021-11-18 02:00:00
1637204400000,221.11,221.34,216.61,216.74,62975.11,2021-11-18 03:00:00
1637208000000,216.75,218.14,213.1,213.12,96978.87,2021-11-18 04:00:00
1637211600000,213.11,214.39,212.53,213.51,72007.66,2021-11-18 05:00:00
1637215200000,213.5,213.98,211.86,212.98,54452.61,2021-11-18 06:00:00
1637218800000,212.97,213.3,211.38,212.63,50637.63,2021-11-18 07:00:00
1637222400000,212.64,213.3,211.3,212.38,42891.89,2021-11-18 08:00:00
1637226000000,212.37,212.63,207.29,209.21,140618.52,2021-11-18 09:00:00
1637229600000,209.2,210.8,207.69,210.48,78697.12,2021-11-18 10:00:00
1637233200000,210.5,210.88,207.47,207.9,56140.39,2021-11-18 11:00:00
1637236800000,207.9,209.6,206.34,207.57,101599.04,2021-11-18 12:00:00
1637240400000,207.62,208.14,203.83,204.88,131197.05,2021-11-18 13:00:00
1637244000000,204.9,205.26,200.18,200.36,138208.65,2021-11-18 14:00:00
1637247600000,200.3,202.72,193.0,196.99,443118.19,2021-11-18 15:00:00
1637251200000,197.04,198.53,192.22,193.24,255839.38,2021-11-18 16:00:00
1637254800000,193.18,199.36,186.5,196.34,378852.86,2021-11-18 17:00:00
1637258400000,196.32,198.31,195.1,197.59,138519.64,2021-11-18 18:00:00
1637262000000,197.59,202.08,196.76,200.18,181644.66,2021-11-18 19:00:00
1637265600000,200.21,202.82,197.65,200.13,113072.08,2021-11-18 20:00:00
1637269200000,200.09,201.81,195.45,195.71,92260.38,2021-11-18 21:00:00
1637272800000,195.71,197.55,192.58,192.99,121114.09,2021-11-18 22:00:00
1637276400000,192.97,196.5,192.45,195.01,88230.8,2021-11-18 23:00:00
1637280000000,195.19,202.71,193.15,202.38,162378.08,2021-11-19 00:00:00
1637283600000,202.37,202.54,195.34,195.44,82699.18,2021-11-19 01:00:00
1637287200000,195.46,198.49,191.1,192.16,128629.84,2021-11-19 02:00:00
1637290800000,192.28,193.51,188.99,192.0,138491.18,2021-11-19 03:00:00
1637294400000,192.03,197.15,191.51,196.47,79751.08,2021-11-19 04:00:00
1637298000000,196.42,199.75,195.52,199.19,78364.25,2021-11-19 05:00:00
1637301600000,199.19,199.97,195.73,196.41,69817.36,2021-11-19 06:00:00
1637305200000,196.41,197.82,194.09,196.44,82196.11,2021-11-19 07:00:00
1637308800000,196.43,205.0,196.31,202.95,176001.39,2021-11-19 08:00:00
1637312400000,202.97,206.37,202.79,203.85,115718.18,2021-11-19 09:00:00
1637316000000,203.88,204.76,201.25,202.91,81735.21,2021-11-19 10:00:00
1637319600000,202.92,204.07,200.19,202.94,99242.32,2021-11-19 11:00:00
1637323200000,202.9,205.58,201.98,203.9,98711.72,2021-11-19 12:00:00
1637326800000,203.85,208.99,203.34,208.3,160312.18,2021-11-19 13:00:00
1637330400000,208.3,215.85,208.29,215.4,210846.27,2021-11-19 14:00:00
1637334000000,215.45,215.99,210.96,213.99,155850.74,2021-11-19 15:00:00
1637337600000,213.97,217.22,213.48,216.86,117139.32,2021-11-19 16:00:00
1637341200000,216.91,219.59,216.65,216.66,197710.15,2021-11-19 17:00:00
1637344800000,216.71,217.18,214.0,215.87,138520.08,2021-11-19 18:00:00
1637348400000,215.83,218.2,215.67,217.31,64737.23,2021-11-19 19:00:00
1637352000000,217.32,218.51,214.62,215.87,80159.42,2021-11-19 20:00:00
1637355600000,215.87,216.25,212.64,214.41,86010.49,2021-11-19 21:00:00
1637359200000,214.42,216.54,213.38,214.04,54190.28,2021-11-19 22:00:00
1637362800000,214.04,215.26,213.25,215.25,53373.72,2021-11-19 23:00:00
1637366400000,215.25,218.48,213.28,217.55,90071.9,2021-11-20 00:00:00
1637370000000,217.57,221.17,217.07,220.55,96772.64,2021-11-20 01:00:00
1637373600000,220.5,220.89,217.15,217.17,51643.57,2021-11-20 02:00:00
1637377200000,217.18,217.94,214.14,214.94,53790.72,2021-11-20 03:00:00
1637380800000,214.95,215.16,214.08,214.86,31146.2,2021-11-20 04:00:00
1637384400000,214.86,215.21,213.68,214.17,38564.47,2021-11-20 05:00:00
1637388000000,214.18,216.0,212.78,213.98,67013.28,2021-11-20 06:00:00
1637391600000,213.98,215.03,212.75,212.83,50374.16,2021-11-20 07:00:00
1637395200000,212.81,217.09,212.24,215.78,80581.95,2021-11-20 08:00:00
1637398800000,215.75,216.68,214.25,214.63,64187.22,2021-11-20 09:00:00
1637402400000,214.63,216.2,213.83,215.87,50390.95,2021-11-20 10:00:00
1637406000000,215.86,216.92,215.0,215.56,37434.22,2021-11-20 11:00:00
1637409600000,215.55,216.12,213.31,213.85,64841.67,2021-11-20 12:00:00
1637413200000,213.85,215.1,213.52,214.03,38387.57,2021-11-20 13:00:00
1637416800000,214.0,215.1,212.77,212.8,47971.48,2021-11-20 14:00:00
1637420400000,212.8,213.3,207.0,207.1,174032.79,2021-11-20 15:00:00
1637424000000,207.13,209.57,205.84,209.12,106142.58,2021-11-20 16:00:00
1637427600000,209.11,209.66,207.78,209.66,56769.29,2021-11-20 17:00:00
1637431200000,209.62,217.71,208.98,216.27,135770.63,2021-11-20 18:00:00
1637434800000,216.31,217.25,214.36,215.4,49606.26,2021-11-20 19:00:00
1637438400000,215.42,217.33,215.33,216.38,52682.59,2021-11-20 20:00:00
1637442000000,216.37,218.59,216.27,217.92,55235.47,2021-11-20 21:00:00
1637445600000,217.99,218.77,216.62,218.08,27730.83,2021-11-20 22:00:00
1637449200000,218.08,218.82,216.34,217.63,39409.81,2021-11-20 23:00:00
1637452800000,217.64,218.22,215.12,215.49,46181.46,2021-11-21 00:00:00
1637456400000,215.49,216.03,214.0,214.36,31611.3,2021-11-21 01:00:00
1637460000000,214.37,214.5,210.93,212.78,64025.94,2021-11-21 02:00:00
1637463600000,212.78,213.46,211.0,211.66,39164.41,2021-11-21 03:00:00
1637467200000,211.67,213.65,211.11,211.34,33472.48,2021-11-21 04:00:00
1637470800000,211.36,213.5,211.13,213.48,30715.39,2021-11-21 05:00:00
1637474400000,213.48,214.0,212.08,213.85,35287.15,2021-11-21 06:00:00
1637478000000,213.83,215.36,212.8,213.87,43733.63,2021-11-21 07:00:00
1637481600000,213.88,214.34,211.65,211.81,44619.23,2021-11-21 08:00:00
1637485200000,211.8,213.34,211.39,213.19,29383.11,2021-11-21 09:00:00
1637488800000,213.21,213.43,210.72,212.25,40222.29,2021-11-21 10:00:00
1637492400000,212.24,213.9,210.66,211.51,43802.78,2021-11-21 11:00:00
1637496000000,211.52,214.0,210.68,212.84,56442.43,2021-11-21 12:00:00
1637499600000,212.84,213.61,210.85,211.01,32233.21,2021-11-21 13:00:00
1637503200000,211.02,212.65,210.53,211.78,55766.88,2021-11-21 14:00:00
1637506800000,211.79,215.32,211.37,215.06,61114.6,2021-11-21 15:00:00
1637510400000,215.08,218.24,214.6,217.49,86450.93,2021-11-21 16:00:00
1637514000000,217.54,221.73,215.77,221.58,100111.13,2021-11-21 17:00:00
1637517600000,221.57,233.35,220.58,230.0,399208.98,2021-11-21 18:00:00
1637521200000,230.0,231.79,227.89,228.84,107735.73,2021-11-21 19:00:00
1637524800000,228.84,240.0,228.72,234.12,168260.26,2021-11-21 20:00:00
1637528400000,234.15,235.41,231.96,233.17,112641.95,2021-11-21 21:00:00
1637532000000,233.17,233.51,226.24,230.18,104009.87,2021-11-21 22:00:00
1637535600000,230.14,234.42,228.4,230.51,122084.91,2021-11-21 23:00:00
1637539200000,230.56,231.99,225.0,225.73,145827.79,2021-11-22 00:00:00
1637542800000,225.73,227.8,223.48,226.79,109337.0,2021-11-22 01:00:00
1637546400000,226.78,227.31,221.52,222.9,99145.62,2021-11-22 02:00:00
1637550000000,222.91,224.26,219.69,220.45,122056.3,2021-11-22 03:00:00
1637553600000,220.45,221.41,217.01,217.13,87050.14,2021-11-22 04:00:00
1637557200000,217.09,222.27,215.32,222.22,96617.88,2021-11-22 05:00:00
1637560800000,222.22,222.26,218.04,219.13,71670.99,2021-11-22 06:00:00
1637564400000,219.15,222.08,215.93,215.99,106386.46,2021-11-22 07:00:00
1637568000000,216.0,218.6,215.71,216.34,85878.51,2021-11-22 08:00:00
1637571600000,216.35,219.58,216.35,216.9,83516.11,2021-11-22 09:00:00
1637575200000,216.88,222.96,216.1,222.93,83413.15,2021-11-22 10:00:00
1637578800000,222.93,224.34,218.68,218.93,102216.58,2021-11-22 11:00:00
1637582400000,218.94,222.2,217.63,218.35,94273.96,2021-11-22 12:00:00
1637586000000,218.25,225.32,214.37,222.76,210250.01,2021-11-22 13:00:00
1637589600000,222.79,223.64,219.45,220.7,95591.21,2021-11-22 14:00:00
1637593200000,220.72,223.82,220.72,222.54,79723.72,2021-11-22 15:00:00
1637596800000,222.55,225.25,219.75,224.23,123481.23,2021-11-22 16:00:00
1637600400000,224.22,224.79,220.22,223.27,80743.63,2021-11-22 17:00:00
1637604000000,223.29,223.59,217.25,217.98,105351.31,2021-11-22 18:00:00
1637607600000,217.98,222.0,212.22,212.84,193856.44,2021-11-22 19:00:00
1637611200000,212.86,217.44,211.6,215.35,112945.33,2021-11-22 20:00:00
1637614800000,215.36,218.14,213.71,217.59,80077.8,2021-11-22 21:00:00
1637618400000,217.57,218.82,215.06,218.76,43754.82,2021-11-22 22:00:00
1637622000000,218.74,218.81,215.13,215.59,43537.82,2021-11-22 23:00:00
1637625600000,215.58,218.8,214.23,217.99,62032.31,2021-11-23 00:00:00
1637629200000,218.04,220.23,217.69,219.88,60186.6,2021-11-23 01:00:00
1637632800000,219.91,220.53,218.0,220.26,44989.91,2021-11-23 02:00:00
1637636400000,220.26,221.83,219.79,220.95,47038.46,2021-11-23 03:00:00
1637640000000,220.97,221.17,219.61,220.0,37249.92,2021-11-23 04:00:00
1637643600000,220.01,220.48,217.39,218.11,42490.54,2021-11-23 05:00:00
1637647200000,218.1,218.92,216.35,216.67,42267.21,2021-11-23 06:00:00
1637650800000,216.68,216.81,212.16,212.95,76554.37,2021-11-23 07:00:00
1637654400000,212.92,214.31,211.48,213.79,69995.39,2021-11-23 08:00:00
1637658000000,213.87,215.37,210.91,212.6,130904.42,2021-11-23 09:00:00
1637661600000,212.61,216.68,211.21,212.56,119211.35,2021-11-23 10:00:00
1637665200000,212.53,213.89,211.37,212.25,62019.22,2021-11-23 11:00:00
1637668800000,212.27,213.28,211.13,211.84,60072.33,2021-11-23 12:00:00
1637672400000,211.85,214.67,211.77,214.25,75329.96,2021-11-23 13:00:00
1637676000000,214.3,219.28,213.44,218.93,93927.52,2021-11-23 14:00:00
1637679600000,218.91,219.64,215.86,215.99,74467.48,2021-11-23 15:00:00
1637683200000,215.99,223.48,215.96,223.3,109132.41,2021-11-23 16:00:00
1637686800000,223.33,224.55,221.23,221.48,103685.97,2021-11-23 17:00:00
1637690400000,221.48,223.03,220.36,222.05,61370.62,2021-11-23 18:00:00
1637694000000,222.12,224.59,220.71,224.53,60590.94,2021-11-23 19:00:00
1637697600000,224.54,225.63,222.69,225.41,75759.48,2021-11-23 20:00:00
1637701200000,225.41,226.08,223.34,223.45,79344.6,2021-11-23 21:00:00
1637704800000,223.48,223.91,221.57,222.53,31729.27,2021-11-23 22:00:00
1637708400000,222.55,223.0,221.29,221.75,33666.96,2021-11-23 23:00:00
1637712000000,221.76,222.47,219.72,219.96,47224.89,2021-11-24 00:00:00
1637715600000,220.01,220.83,218.0,218.06,51494.0,2021-11-24 01:00:00
1637719200000,218.04,218.85,214.1,214.46,114309.96,2021-11-24 02:00:00
1637722800000,214.45,219.77,214.23,217.13,104509.89,2021-11-24 03:00:00
1637726400000,217.06,220.33,216.97,218.87,44423.43,2021-11-24 04:00:00
1637730000000,218.87,219.96,217.54,218.17,29175.41,2021-11-24 05:00:00
1637733600000,218.15,218.33,215.2,217.97,49580.43,2021-11-24 06:00:00
1637737200000,217.95,218.69,216.48,216.92,40285.28,2021-11-24 07:00:00
1637740800000,216.88,219.9,216.18,218.19,55864.66,2021-11-24 08:00:00
1637744400000,218.19,219.26,216.2,216.67,54555.65,2021-11-24 09:00:00
1637748000000,216.67,217.15,214.21,214.33,72208.66,2021-11-24 10:00:00
1637751600000,214.33,216.96,214.04,214.6,57370.65,2021-11-24 11:00:00
1637755200000,214.58,215.34,213.35,213.59,46813.24,2021-11-24 12:00:00
1637758800000,213.55,214.47,211.38,211.53,89960.99,2021-11-24 13:00:00
1637762400000,211.52,212.49,207.11,208.81,179164.85,2021-11-24 14:00:00
1637766000000,208.8,213.4,208.24,212.34,81296.55,2021-11-24 15:00:00
1637769600000,212.33,214.0,207.6,207.72,90657.47,2021-11-24 16:00:00
1637773200000,207.71,208.66,203.78,204.13,130131.59,2021-11-24 17:00:00
1637776800000,204.11,206.72,202.91,203.74,135981.28,2021-11-24 18:00:00
1637780400000,203.73,204.32,200.14,202.05,131884.85,2021-11-24 19:00:00
1637784000000,202.06,206.4,200.73,206.16,102726.76,2021-11-24 20:00:00
1637787600000,206.16,207.49,204.36,206.82,70458.03,2021-11-24 21:00:00
1637791200000,206.91,207.92,204.15,205.33,47968.46,2021-11-24 22:00:00
1637794800000,205.29,206.83,203.84,205.7,50125.57,2021-11-24 23:00:00
1637798400000,205.76,210.58,204.71,209.97,101417.17,2021-11-25 00:00:00
1637802000000,209.95,211.7,208.27,209.12,94900.75,2021-11-25 01:00:00
1637805600000,209.11,209.8,207.54,208.81,35702.05,2021-11-25 02:00:00
1637809200000,208.82,211.25,207.87,210.95,41288.07,2021-11-25 03:00:00
1637812800000,210.87,211.22,206.53,207.89,58481.86,2021-11-25 04:00:00
1637816400000,207.89,208.59,204.8,205.58,55150.07,2021-11-25 05:00:00
1637820000000,205.59,207.86,205.39,206.13,50288.6,2021-11-25 06:00:00
1637823600000,206.13,207.71,205.16,205.7,55399.21,2021-11-25 07:00:00
1637827200000,205.69,207.5,203.8,203.93,67594.24,2021-11-25 08:00:00
1637830800000,203.92,204.56,201.93,204.28,90072.87,2021-11-25 09:00:00
1637834400000,204.28,209.06,203.32,207.11,139758.72,2021-11-25 10:00:00
1637838000000,207.13,210.86,206.34,208.44,87631.21,2021-11-25 11:00:00
1637841600000,208.43,214.04,208.0,213.87,128911.94,2021-11-25 12:00:00
1637845200000,213.89,214.6,210.86,211.7,111254.97,2021-11-25 13:00:00
1637848800000,211.67,213.61,210.86,213.14,53693.66,2021-11-25 14:00:00
1637852400000,213.16,214.67,212.22,214.42,81284.77,2021-11-25 15:00:00
1637856000000,214.44,216.35,213.03,213.87,102346.62,2021-11-25 16:00:00
1637859600000,213.87,216.11,213.71,214.4,98399.18,2021-11-25 17:00:00
1637863200000,214.37,214.69,211.75,212.1,53170.11,2021-11-25 18:00:00
1637866800000,212.1,212.59,209.9,210.45,62486.96,2021-11-25 19:00:00
1637870400000,210.44,212.65,210.4,210.91,56753.85,2021-11-25 20:00:00
1637874000000,210.91,211.97,208.16,208.48,65108.65,2021-11-25 21:00:00
1637877600000,208.48,210.25,207.45,209.72,37506.73,2021-11-25 22:00:00
1637881200000,209.71,211.88,209.35,209.97,36234.93,2021-11-25 23:00:00
1637884800000,209.94,210.53,207.33,207.61,56512.77,2021-11-26 00:00:00
1637888400000,207.61,209.0,206.85,206.89,50305.48,2021-11-26 01:00:00
1637892000000,206.86,207.63,205.43,205.93,53810.03,2021-11-26 02:00:00
1637895600000,205.97,207.05,205.18,205.5,39857.78,2021-11-26 03:00:00
1637899200000,205.5,207.1,204.29,204.72,46265.12,2021-11-26 04:00:00
1637902800000,204.72,204.99,203.51,203.92,91285.07,2021-11-26 05:00:00
1637906400000,203.93,204.73,202.51,203.36,74566.24,2021-11-26 06:00:00
1637910000000,203.35,203.53,200.01,201.39,190713.89,2021-11-26 07:00:00
1637913600000,201.35,201.42,185.13,190.5,528345.15,2021-11-26 08:00:00
1637917200000,190.5,192.49,188.25,189.26,221855.3,2021-11-26 09:00:00
1637920800000,189.32,189.49,186.2,186.46,145083.42,2021-11-26 10:00:00
1637924400000,186.46,190.14,183.75,185.31,184521.91,2021-11-26 11:00:00
1637928000000,185.31,191.92,182.7,191.62,185120.04,2021-11-26 12:00:00
1637931600000,191.65,196.74,190.0,196.66,140664.94,2021-11-26 13:00:00
1637935200000,196.71,198.25,195.04,195.81,120748.27,2021-11-26 14:00:00
1637938800000,195.81,195.81,192.22,192.75,90023.78,2021-11-26 15:00:00
1637942400000,192.73,194.45,190.13,193.21,83260.22,2021-11-26 16:00:00
1637946000000,193.26,197.0,193.01,194.54,80071.85,2021-11-26 17:00:00
1637949600000,194.56,195.74,192.5,194.63,48963.01,2021-11-26 18:00:00
1637953200000,194.64,198.46,194.08,197.73,87982.43,2021-11-26 19:00:00
1637956800000,197.75,200.23,195.85,199.73,86360.43,2021-11-26 20:00:00
1637960400000,199.66,200.76,195.7,195.88,63101.13,2021-11-26 21:00:00
1637964000000,195.91,198.36,193.55,193.81,52875.48,2021-11-26 22:00:00
1637967600000,193.77,195.58,191.24,192.42,53811.7,2021-11-26 23:00:00
1637971200000,192.37,196.34,191.29,193.95,54408.72,2021-11-27 00:00:00
1637974800000,193.98,194.51,191.86,194.14,44611.54,2021-11-27 01:00:00
1637978400000,194.2,195.28,192.62,194.84,39022.45,2021-11-27 02:00:00
1637982000000,194.82,196.21,193.71,195.39,36180.69,2021-11-27 03:00:00
1637985600000,195.39,198.24,193.86,197.84,52316.1,2021-11-27 04:00:00
1637989200000,197.86,198.33,193.73,193.81,43541.85,2021-11-27 05:00:00
1637992800000,193.79,195.26,193.35,193.68,29414.78,2021-11-27 06:00:00
1637996400000,193.65,194.63,192.62,194.29,31757.36,2021-11-27 07:00:00
1638000000000,194.3,198.37,194.27,196.58,68048.57,2021-11-27 08:00:00
1638003600000,196.58,197.93,194.64,195.35,46348.49,2021-11-27 09:00:00
1638007200000,195.3,198.55,194.46,198.0,69439.17,2021-11-27 10:00:00
1638010800000,197.98,198.62,195.67,196.2,46490.55,2021-11-27 11:00:00
1638014400000,196.18,198.22,196.18,197.53,34776.06,2021-11-27 12:00:00
1638018000000,197.54,199.19,196.86,197.85,50610.21,2021-11-27 13:00:00
1638021600000,197.82,199.39,196.39,196.66,37280.14,2021-11-27 14:00:00
1638025200000,196.68,198.04,196.31,196.46,34479.3,2021-11-27 15:00:00
1638028800000,196.46,198.64,195.89,197.28,38748.73,2021-11-27 16:00:00
1638032400000,197.28,198.98,197.07,198.93,33534.91,2021-11-27 17:00:00
1638036000000,198.92,199.12,195.9,196.58,37548.46,2021-11-27 18:00:00
1638039600000,196.56,196.99,195.95,196.29,25110.99,2021-11-27 19:00:00
1638043200000,196.31,197.72,192.46,193.01,48731.22,2021-11-27 20:00:00
1638046800000,193.01,195.07,190.61,194.1,63601.19,2021-11-27 21:00:00
1638050400000,194.08,195.27,193.03,194.46,23913.58,2021-11-27 22:00:00
1638054000000,194.47,194.68,191.26,192.74,39040.21,2021-11-27 23:00:00
1638057600000,192.74,193.15,188.8,191.26,59262.49,2021-11-28 00:00:00
1638061200000,191.25,191.99,185.91,187.19,90302.12,2021-11-28 01:00:00
1638064800000,187.17,188.85,184.7,186.73,147481.1,2021-11-28 02:00:00
1638068400000,186.75,187.87,185.02,187.13,56905.14,2021-11-28 03:00:00
1638072000000,187.15,188.84,185.99,186.62,46857.44,2021-11-28 04:00:00
1638075600000,186.63,189.57,186.0,189.53,31623.67,2021-11-28 05:00:00
1638079200000,189.57,190.11,187.82,189.56,39450.49,2021-11-28 06:00:00
1638082800000,189.57,189.9,188.73,189.82,29817.55,2021-11-28 07:00:00
1638086400000,189.82,190.2,188.38,189.29,28218.29,2021-11-28 08:00:00
1638090000000,189.29,189.81,187.34,189.69,29939.89,2021-11-28 09:00:00
1638093600000,189.65,191.43,188.49,190.57,37920.73,2021-11-28 10:00:00
1638097200000,190.57,191.49,189.3,190.07,39550.17,2021-11-28 11:00:00
1638100800000,190.09,191.46,189.7,190.67,42612.84,2021-11-28 12:00:00
1638104400000,190.7,190.99,189.09,189.98,27734.22,2021-11-28 13:00:00
1638108000000,189.9,190.89,187.95,189.85,37564.55,2021-11-28 14:00:00
1638111600000,189.87,190.37,188.25,188.99,26554.42,2021-11-28 15:00:00
1638115200000,188.98,189.76,185.7,187.36,53152.43,2021-11-28 16:00:00
1638118800000,187.36,188.1,184.51,185.96,70327.13,2021-11-28 17:00:00
1638122400000,185.95,186.65,180.93,185.68,108831.0,2021-11-28 18:00:00
1638126000000,185.68,189.75,185.13,188.51,68326.75,2021-11-28 19:00:00
1638129600000,188.52,192.78,188.52,192.42,63612.48,2021-11-28 20:00:00
1638133200000,192.42,198.73,192.41,198.27,132547.95,2021-11-28 21:00:00
1638136800000,198.34,202.1,195.82,195.86,169075.22,2021-11-28 22:00:00
1638140400000,195.86,201.97,195.86,200.69,123312.78,2021-11-28 23:00:00
1638144000000,200.71,203.02,199.63,201.71,93725.28,2021-11-29 00:00:00
1638147600000,201.71,203.98,201.11,201.88,65459.69,2021-11-29 01:00:00
1638151200000,201.9,202.33,200.61,200.66,35851.11,2021-11-29 02:00:00
1638154800000,200.69,201.5,200.33,200.85,46410.81,2021-11-29 03:00:00
1638158400000,200.87,203.18,200.73,201.61,44196.05,2021-11-29 04:00:00
1638162000000,201.62,203.82,201.01,203.46,36562.84,2021-11-29 05:00:00
1638165600000,203.45,206.61,203.41,204.6,83678.71,2021-11-29 06:00:00
1638169200000,204.6,204.9,203.32,203.79,36362.44,2021-11-29 07:00:00
1638172800000,203.79,204.56,201.62,203.68,46656.68,2021-11-29 08:00:00
1638176400000,203.68,204.95,201.02,202.15,58757.91,2021-11-29 09:00:00
1638180000000,202.16,206.25,201.92,205.4,66542.86,2021-11-29 10:00:00
1638183600000,205.41,205.95,203.38,203.38,39372.11,2021-11-29 11:00:00
1638187200000,203.43,204.91,203.08,203.74,38355.45,2021-11-29 12:00:00
1638190800000,203.83,210.61,203.59,209.38,138515.93,2021-11-29 13:00:00
1638194400000,209.38,210.84,206.13,206.53,71926.93,2021-11-29 14:00:00
1638198000000,206.57,206.95,204.01,206.92,51323.62,2021-11-29 15:00:00
1638201600000,206.91,210.73,206.62,209.66,91596.14,2021-11-29 16:00:00
1638205200000,209.69,212.75,209.12,210.63,98290.34,2021-11-29 17:00:00
1638208800000,210.63,211.2,209.4,209.59,44890.15,2021-11-29 18:00:00
1638212400000,209.59,209.82,205.24,206.05,82829.66,2021-11-29 19:00:00
1638216000000,206.06,207.48,205.52,206.0,42416.51,2021-11-29 20:00:00
1638219600000,206.0,208.0,205.62,206.82,44865.99,2021-11-29 21:00:00
1638223200000,206.82,207.22,204.39,204.55,43173.34,2021-11-29 22:00:00
1638226800000,204.6,205.81,203.66,204.09,57003.02,2021-11-29 23:00:00
1638230400000,204.1,205.78,203.68,205.6,57613.57,2021-11-30 00:00:00
1638234000000,205.61,206.53,203.82,204.72,48908.39,2021-11-30 01:00:00
1638237600000,204.71,205.53,203.91,204.35,26389.84,2021-11-30 02:00:00
1638241200000,204.33,204.69,201.2,203.72,53349.71,2021-11-30 03:00:00
1638244800000,203.74,204.46,202.08,204.37,41108.17,2021-11-30 04:00:00
1638248400000,204.38,206.1,201.64,201.67,59896.61,2021-11-30 05:00:00
1638252000000,201.66,203.43,200.02,203.2,89382.36,2021-11-30 06:00:00
1638255600000,203.21,204.19,200.52,201.77,47349.22,2021-11-30 07:00:00
1638259200000,201.82,203.71,199.55,201.59,75451.12,2021-11-30 08:00:00
1638262800000,201.58,202.47,200.28,201.38,37980.1,2021-11-30 09:00:00
1638266400000,201.37,203.53,200.5,203.29,54936.83,2021-11-30 10:00:00
1638270000000,203.31,207.5,202.29,207.19,87041.71,2021-11-30 11:00:00
1638273600000,207.18,217.47,207.12,214.81,312366.87,2021-11-30 12:00:00
1638277200000,214.81,216.1,212.4,214.6,152751.3,2021-11-30 13:00:00
1638280800000,214.62,216.43,213.07,214.52,124334.97,2021-11-30 14:00:00
1638284400000,214.55,218.28,212.32,213.03,195303.15,2021-11-30 15:00:00
1638288000000,213.03,215.3,207.83,210.22,225650.78,2021-11-30 16:00:00
1638291600000,210.23,213.77,207.74,212.5,100969.28,2021-11-30 17:00:00
1638295200000,212.5,216.13,211.13,215.99,82711.23,2021-11-30 18:00:00
1638298800000,216.04,216.09,212.78,215.41,74615.56,2021-11-30 19:00:00
1638302400000,215.4,215.83,211.72,212.19,77462.07,2021-11-30 20:00:00
1638306000000,212.26,213.94,210.98,212.7,54268.66,2021-11-30 21:00:00
1638309600000,212.7,213.9,210.06,210.2,49031.65,2021-11-30 22:00:00
1638313200000,210.13,210.47,208.19,208.53,47861.24,2021-11-30 23:00:00
1638316800000,208.52,211.62,207.89,211.32,80413.77,2021-12-01 00:00:00
1638320400000,211.35,212.04,209.84,210.66,43336.96,2021-12-01 01:00:00
1638324000000,210.64,214.79,210.54,213.93,62116.27,2021-12-01 02:00:00
1638327600000,213.89,215.0,212.38,214.93,51437.89,2021-12-01 03:00:00
1638331200000,214.92,216.43,214.27,215.77,61596.54,2021-12-01 04:00:00
1638334800000,215.8,217.82,214.49,215.37,63114.9,2021-12-01 05:00:00
1638338400000,215.36,219.0,214.47,217.89,73127.06,2021-12-01 06:00:00
1638342000000,217.89,220.88,217.74,218.42,112083.79,2021-12-01 07:00:00
1638345600000,218.44,219.98,216.24,217.62,85032.21,2021-12-01 08:00:00
1638349200000,217.64,223.95,216.8,223.43,120715.38,2021-12-01 09:00:00
1638352800000,223.46,224.45,220.81,222.59,142746.75,2021-12-01 10:00:00
1638356400000,222.59,223.97,220.23,221.29,107618.36,2021-12-01 11:00:00
1638360000000,221.3,224.31,220.49,221.41,83982.5,2021-12-01 12:00:00
1638363600000,221.41,224.75,220.74,224.2,85194.01,2021-12-01 13:00:00
1638367200000,224.21,228.91,224.06,228.81,174856.42,2021-12-01 14:00:00
1638370800000,228.81,229.85,226.27,229.51,108013.26,2021-12-01 15:00:00
1638374400000,229.51,229.92,226.54,228.97,82335.15,2021-12-01 16:00:00
1638378000000,228.91,231.7,226.42,226.52,126752.44,2021-12-01 17:00:00
1638381600000,226.51,228.5,225.0,225.24,72705.49,2021-12-01 18:00:00
1638385200000,225.24,232.63,221.45,230.14,313943.58,2021-12-01 19:00:00
1638388800000,230.15,230.99,224.15,225.02,156585.4,2021-12-01 20:00:00
1638392400000,225.02,225.98,220.11,224.68,169345.16,2021-12-01 21:00:00
1638396000000,224.74,226.0,221.91,225.77,74741.76,2021-12-01 22:00:00
1638399600000,225.79,231.0,225.37,229.81,137683.18,2021-12-01 23:00:00
1638403200000,229.81,230.38,224.56,228.8,140441.6,2021-12-02 00:00:00
1638406800000,228.78,236.24,226.79,233.86,208374.36,2021-12-02 01:00:00
1638410400000,233.84,234.34,226.06,226.26,150750.74,2021-12-02 02:00:00
1638414000000,226.26,226.87,220.0,224.24,182972.98,2021-12-02 03:00:00
1638417600000,224.23,227.4,223.95,225.25,76931.78,2021-12-02 04:00:00
1638421200000,225.24,226.44,222.77,223.06,54236.01,2021-12-02 05:00:00
1638424800000,223.06,224.46,221.42,223.12,57722.8,2021-12-02 06:00:00
1638428400000,223.13,225.52,222.48,222.89,67175.84,2021-12-02 07:00:00
1638432000000,222.88,228.74,222.41,228.07,71569.23,2021-12-02 08:00:00
1638435600000,228.07,229.72,226.44,227.27,88638.34,2021-12-02 09:00:00
1638439200000,227.26,229.0,225.94,227.74,81763.69,2021-12-02 10:00:00
1638442800000,227.74,228.76,224.08,226.79,93707.68,2021-12-02 11:00:00
1638446400000,226.78,227.51,223.3,224.99,97066.45,2021-12-02 12:00:00
1638450000000,224.98,225.85,221.78,223.17,83574.65,2021-12-02 13:00:00
1638453600000,223.07,228.82,222.35,228.74,103666.23,2021-12-02 14:00:00
1638457200000,228.81,232.11,224.31,229.47,177740.65,2021-12-02 15:00:00
1638460800000,229.43,232.75,224.65,228.71,237164.55,2021-12-02 16:00:00
1638464400000,228.74,232.23,227.48,230.08,110827.16,2021-12-02 17:00:00
1638468000000,230.08,233.9,227.55,233.68,135047.56,2021-12-02 18:00:00
1638471600000,233.64,235.98,232.9,234.12,202244.79,2021-12-02 19:00:00
1638475200000,234.13,239.57,233.1,239.48,177689.3,2021-12-02 20:00:00
1638478800000,239.53,243.12,236.99,241.8,170852.18,2021-12-02 21:00:00
1638482400000,241.84,243.0,237.09,238.2,99482.8,2021-12-02 22:00:00
1638486000000,238.21,238.48,231.76,233.6,173071.3,2021-12-02 23:00:00
1638489600000,233.59,236.4,230.36,231.44,96447.13,2021-12-03 00:00:00
1638493200000,231.43,234.0,228.55,230.6,82007.68,2021-12-03 01:00:00
1638496800000,230.6,231.69,226.37,228.23,94214.85,2021-12-03 02:00:00
1638500400000,228.24,230.49,226.33,229.97,58689.35,2021-12-03 03:00:00
1638504000000,229.95,231.6,229.0,229.98,43673.61,2021-12-03 04:00:00
1638507600000,229.97,231.76,228.26,230.9,48728.4,2021-12-03 05:00:00
1638511200000,230.9,235.35,230.9,234.28,68882.23,2021-12-03 06:00:00
1638514800000,234.27,234.41,231.7,232.49,48904.08,2021-12-03 07:00:00
1638518400000,232.5,232.73,229.68,232.0,60498.88,2021-12-03 08:00:00
1638522000000,232.0,234.43,230.84,234.42,49309.22,2021-12-03 09:00:00
1638525600000,234.41,237.71,233.51,236.27,123455.57,2021-12-03 10:00:00
1638529200000,236.3,238.34,236.11,237.54,92477.93,2021-12-03 11:00:00
1638532800000,237.55,238.09,235.21,235.25,80313.08,2021-12-03 12:00:00
1638536400000,235.25,239.37,235.25,235.85,83395.59,2021-12-03 13:00:00
1638540000000,235.9,237.37,229.0,230.55,119216.34,2021-12-03 14:00:00
1638543600000,230.54,231.0,222.83,224.27,199919.65,2021-12-03 15:00:00
1638547200000,224.3,226.13,217.86,219.49,240830.62,2021-12-03 16:00:00
1638550800000,219.49,223.19,216.64,218.6,205083.93,2021-12-03 17:00:00
1638554400000,218.6,220.65,215.01,218.08,174283.59,2021-12-03 18:00:00
1638558000000,218.09,218.16,210.85,212.75,205108.4,2021-12-03 19:00:00
1638561600000,212.75,216.89,204.68,216.2,374131.91,2021-12-03 20:00:00
1638565200000,216.12,219.25,214.2,214.79,172578.35,2021-12-03 21:00:00
1638568800000,214.76,216.01,210.51,210.64,71225.8,2021-12-03 22:00:00
1638572400000,210.63,213.84,210.57,211.65,73758.22,2021-12-03 23:00:00
1638576000000,211.65,212.62,202.0,203.18,151118.31,2021-12-04 00:00:00
1638579600000,203.21,205.13,200.5,204.03,149109.68,2021-12-04 01:00:00
1638583200000,203.99,205.8,201.52,205.54,77138.89,2021-12-04 02:00:00
1638586800000,205.59,205.69,195.92,196.09,147316.78,2021-12-04 03:00:00
1638590400000,196.09,202.16,190.0,192.99,234340.12,2021-12-04 04:00:00
1638594000000,193.0,195.5,169.0,193.37,953925.88,2021-12-04 05:00:00
1638597600000,193.37,197.0,187.21,190.4,485508.78,2021-12-04 06:00:00
1638601200000,190.41,193.06,185.04,193.0,296583.12,2021-12-04 07:00:00
1638604800000,193.04,196.81,191.26,191.79,198235.48,2021-12-04 08:00:00
1638608400000,191.78,194.87,190.5,193.19,125414.04,2021-12-04 09:00:00
1638612000000,193.22,195.19,189.5,193.71,142871.74,2021-12-04 10:00:00
1638615600000,193.71,194.35,185.49,188.24,171891.42,2021-12-04 11:00:00
1638619200000,188.29,195.0,188.29,190.22,179804.27,2021-12-04 12:00:00
1638622800000,190.22,193.99,188.61,193.63,120086.7,2021-12-04 13:00:00
1638626400000,193.61,205.22,192.9,202.95,228391.39,2021-12-04 14:00:00
1638630000000,202.95,207.66,202.5,205.05,216788.94,2021-12-04 15:00:00
1638633600000,205.03,206.62,198.28,198.71,192907.55,2021-12-04 16:00:00
1638637200000,198.69,204.3,198.28,203.06,110864.29,2021-12-04 17:00:00
1638640800000,203.05,206.77,202.36,206.02,121674.09,2021-12-04 18:00:00
1638644400000,206.02,208.7,203.63,207.13,120094.61,2021-12-04 19:00:00
1638648000000,207.13,210.52,204.91,206.92,122858.91,2021-12-04 20:00:00
1638651600000,206.94,207.53,198.75,201.16,113103.23,2021-12-04 21:00:00
1638655200000,201.21,205.9,200.5,203.46,80886.94,2021-12-04 22:00:00
1638658800000,203.46,204.8,199.16,200.67,154843.93,2021-12-04 23:00:00
1638662400000,200.68,204.51,193.33,197.23,160132.14,2021-12-05 00:00:00
1638666000000,197.19,197.68,194.22,195.75,90664.8,2021-12-05 01:00:00
1638669600000,195.75,196.75,192.82,193.75,70012.98,2021-12-05 02:00:00
1638673200000,193.73,197.14,191.15,196.5,142873.64,2021-12-05 03:00:00
1638676800000,196.51,197.18,194.57,195.76,53315.35,2021-12-05 04:00:00
1638680400000,195.78,199.9,194.1,199.58,84445.67,2021-12-05 05:00:00
1638684000000,199.54,202.68,197.9,202.1,71725.46,2021-12-05 06:00:00
1638687600000,202.1,203.35,199.1,200.49,72606.52,2021-12-05 07:00:00
1638691200000,200.49,201.62,197.92,201.09,52042.05,2021-12-05 08:00:00
1638694800000,201.11,201.55,196.04,196.75,84778.4,2021-12-05 09:00:00
1638698400000,196.78,199.89,196.26,198.22,59990.06,2021-12-05 10:00:00
1638702000000,198.2,199.74,195.19,196.06,70407.54,2021-12-05 11:00:00
1638705600000,196.17,199.58,194.68,197.21,89361.66,2021-12-05 12:00:00
1638709200000,197.19,197.36,193.83,194.81,69902.64,2021-12-05 13:00:00
1638712800000,194.84,195.35,190.15,190.55,150543.73,2021-12-05 14:00:00
1638716400000,190.54,191.77,181.44,185.45,303231.96,2021-12-05 15:00:00
1638720000000,185.35,189.34,184.87,187.67,210328.4,2021-12-05 16:00:00
1638723600000,187.72,191.04,185.61,190.2,113187.24,2021-12-05 17:00:00
1638727200000,190.23,190.69,187.85,190.31,76641.94,2021-12-05 18:00:00
1638730800000,190.36,192.0,186.19,190.2,112739.5,2021-12-05 19:00:00
1638734400000,190.18,192.67,186.9,190.37,86421.93,2021-12-05 20:00:00
1638738000000,190.44,191.92,186.64,190.46,90305.81,2021-12-05 21:00:00
1638741600000,190.4,190.95,187.38,190.42,50878.68,2021-12-05 22:00:00
1638745200000,190.43,197.78,189.56,196.43,115754.16,2021-12-05 23:00:00
1638748800000,196.49,197.08,187.2,189.76,126772.02,2021-12-06 00:00:00
1638752400000,189.81,192.83,188.16,192.1,81687.8,2021-12-06 01:00:00
1638756000000,192.11,194.46,191.46,192.17,62953.42,2021-12-06 02:00:00
1638759600000,192.22,195.24,191.14,193.31,110316.85,2021-12-06 03:00:00
1638763200000,193.25,196.56,193.25,194.6,80673.65,2021-12-06 04:00:00
1638766800000,194.64,195.91,190.53,190.54,61552.63,2021-12-06 05:00:00
1638770400000,190.53,192.71,187.3,187.59,60172.85,2021-12-06 06:00:00
1638774000000,187.6,188.37,183.0,184.99,132091.75,2021-12-06 07:00:00
1638777600000,185.08,189.8,181.8,183.86,216037.62,2021-12-06 08:00:00
1638781200000,183.82,184.46,177.8,178.68,207060.58,2021-12-06 09:00:00
1638784800000,178.69,181.22,177.8,179.44,123975.62,2021-12-06 10:00:00
1638788400000,179.45,184.86,176.17,182.07,203845.09,2021-12-06 11:00:00
1638792000000,182.02,184.83,179.87,182.24,118570.23,2021-12-06 12:00:00
1638795600000,182.26,184.39,179.83,181.71,86836.09,2021-12-06 13:00:00
1638799200000,181.71,184.09,179.3,180.17,108907.7,2021-12-06 14:00:00
1638802800000,180.18,188.47,179.19,188.35,139927.3,2021-12-06 15:00:00
1638806400000,188.29,190.75,186.72,188.29,177794.24,2021-12-06 16:00:00
1638810000000,188.29,192.0,187.71,188.11,92818.26,2021-12-06 17:00:00
1638813600000,188.11,190.0,185.83,189.72,76989.23,2021-12-06 18:00:00
1638817200000,189.77,190.41,187.15,187.56,58984.31,2021-12-06 19:00:00
1638820800000,187.56,191.72,187.56,188.14,69930.35,2021-12-06 20:00:00
1638824400000,188.1,195.6,188.04,192.58,178836.56,2021-12-06 21:00:00
1638828000000,192.52,197.71,192.47,196.4,147467.15,2021-12-06 22:00:00
1638831600000,196.41,197.08,193.09,193.56,91044.53,2021-12-06 23:00:00
1638835200000,193.57,196.98,193.15,196.72,80384.96,2021-12-07 00:00:00
1638838800000,196.73,198.0,193.66,194.84,141688.61,2021-12-07 01:00:00
1638842400000,194.84,196.45,193.12,193.89,64211.04,2021-12-07 02:00:00
1638846000000,193.91,195.88,192.94,195.35,73228.05,2021-12-07 03:00:00
1638849600000,195.34,196.89,194.62,196.23,56358.03,2021-12-07 04:00:00
1638853200000,196.26,197.73,195.78,197.0,49535.42,2021-12-07 05:00:00
1638856800000,196.95,199.99,196.89,199.84,108458.05,2021-12-07 06:00:00
1638860400000,199.84,201.08,198.32,199.36,76671.8,2021-12-07 07:00:00
1638864000000,199.37,204.1,199.02,203.44,108523.4,2021-12-07 08:00:00
1638867600000,203.46,203.88,201.18,202.04,80475.09,2021-12-07 09:00:00
1638871200000,202.04,202.96,200.22,202.12,66652.0,2021-12-07 10:00:00
1638874800000,202.12,203.49,200.77,203.14,74918.03,2021-12-07 11:00:00
1638878400000,203.15,203.45,196.23,199.32,125277.77,2021-12-07 12:00:00
1638882000000,199.36,200.84,197.22,198.16,67570.4,2021-12-07 13:00:00
1638885600000,198.16,200.92,197.77,199.43,65054.09,2021-12-07 14:00:00
1638889200000,199.48,200.07,196.87,198.11,98700.27,2021-12-07 15:00:00
1638892800000,198.16,198.93,194.47,196.94,77500.15,2021-12-07 16:00:00
1638896400000,196.91,197.56,194.07,196.74,54141.8,2021-12-07 17:00:00
1638900000000,196.74,197.68,194.1,195.14,66315.59,2021-12-07 18:00:00
1638903600000,195.1,195.94,193.51,194.3,55663.14,2021-12-07 19:00:00
1638907200000,194.34,195.18,191.63,192.58,88386.3,2021-12-07 20:00:00
1638910800000,192.6,194.6,191.3,191.71,72201.25,2021-12-07 21:00:00
1638914400000,191.71,192.28,188.63,189.42,81956.22,2021-12-07 22:00:00
1638918000000,189.39,190.82,187.26,190.19,105836.45,2021-12-07 23:00:00
1638921600000,190.24,191.98,187.52,191.98,59684.52,2021-12-08 00:00:00
1638925200000,191.98,193.45,189.89,190.88,46889.45,2021-12-08 01:00:00
1638928800000,190.94,191.92,188.27,188.39,49203.11,2021-12-08 02:00:00
1638932400000,188.4,190.31,186.0,186.62,99764.75,2021-12-08 03:00:00
1638936000000,186.61,188.73,186.53,188.05,47329.62,2021-12-08 04:00:00
1638939600000,188.05,189.32,186.91,187.87,57147.22,2021-12-08 05:00:00
1638943200000,187.85,190.94,187.79,189.78,59535.16,2021-12-08 06:00:00
1638946800000,189.77,190.18,187.89,189.62,71568.45,2021-12-08 07:00:00
1638950400000,189.61,190.78,188.89,189.64,54674.22,2021-12-08 08:00:00
1638954000000,189.64,191.1,187.85,187.88,52890.74,2021-12-08 09:00:00
1638957600000,187.89,189.74,184.09,185.16,105408.25,2021-12-08 10:00:00
1638961200000,185.13,186.79,183.5,186.31,103867.3,2021-12-08 11:00:00
1638964800000,186.35,188.59,184.8,188.25,71477.57,2021-12-08 12:00:00
1638968400000,188.25,189.51,187.27,187.54,56723.3,2021-12-08 13:00:00
1638972000000,187.56,194.6,186.86,194.16,161476.21,2021-12-08 14:00:00
1638975600000,194.23,196.27,191.9,192.49,102271.19,2021-12-08 15:00:00
1638979200000,192.44,194.0,189.5,191.39,72778.03,2021-12-08 16:00:00
1638982800000,191.43,193.37,191.07,193.2,56784.22,2021-12-08 17:00:00
1638986400000,193.16,194.37,191.57,193.88,57610.01,2021-12-08 18:00:00
1638990000000,193.86,194.69,191.88,193.02,55122.05,2021-12-08 19:00:00
1638993600000,193.03,194.08,192.39,193.1,60991.14,2021-12-08 20:00:00
1638997200000,193.11,193.53,191.05,191.56,52322.84,2021-12-08 21:00:00
1639000800000,191.54,193.11,191.16,193.03,51568.09,2021-12-08 22:00:00
1639004400000,193.04,194.63,192.01,194.61,63590.22,2021-12-08 23:00:00
1639008000000,194.61,196.6,193.72,193.95,68554.89,2021-12-09 00:00:00
1639011600000,193.95,194.61,192.29,192.52,36295.38,2021-12-09 01:00:00
1639015200000,192.46,193.36,190.19,191.01,52947.83,2021-12-09 02:00:00
1639018800000,191.0,191.13,188.29,189.25,55448.55,2021-12-09 03:00:00
1639022400000,189.22,191.49,188.81,191.44,36581.41,2021-12-09 04:00:00
1639026000000,191.49,192.08,190.3,190.45,31525.06,2021-12-09 05:00:00
1639029600000,190.44,191.65,189.34,190.5,34523.4,2021-12-09 06:00:00
1639033200000,190.5,191.6,188.52,190.85,54099.6,2021-12-09 07:00:00
1639036800000,190.85,190.85,188.19,188.89,50362.88,2021-12-09 08:00:00
1639040400000,188.85,188.97,186.81,187.6,155683.52,2021-12-09 09:00:00
1639044000000,187.59,188.8,186.81,188.43,76372.08,2021-12-09 10:00:00
1639047600000,188.43,188.83,186.89,187.63,66954.31,2021-12-09 11:00:00
1639051200000,187.62,188.73,186.62,188.36,56933.87,2021-12-09 12:00:00
1639054800000,188.39,189.5,187.08,188.95,46462.89,2021-12-09 13:00:00
1639058400000,188.92,189.5,184.2,184.58,92157.09,2021-12-09 14:00:00
1639062000000,184.62,186.53,182.23,184.9,107099.23,2021-12-09 15:00:00
1639065600000,184.93,186.68,183.74,183.8,187029.56,2021-12-09 16:00:00
1639069200000,183.78,184.74,182.08,182.25,42029.23,2021-12-09 17:00:00
1639072800000,182.29,182.95,178.91,180.41,120208.35,2021-12-09 18:00:00
1639076400000,180.38,182.91,180.24,181.26,65683.94,2021-12-09 19:00:00
1639080000000,181.27,181.9,178.64,180.79,95900.43,2021-12-09 20:00:00
1639083600000,180.77,183.28,180.61,182.53,61581.43,2021-12-09 21:00:00
1639087200000,182.51,184.05,181.37,183.35,30696.42,2021-12-09 22:00:00
1639090800000,183.35,183.99,180.64,181.11,39802.9,2021-12-09 23:00:00
1639094400000,181.08,184.6,181.0,181.61,66844.92,2021-12-10 00:00:00
1639098000000,181.65,183.46,180.11,182.21,54880.73,2021-12-10 01:00:00
1639101600000,182.2,182.78,180.82,181.89,29948.77,2021-12-10 02:00:00
1639105200000,181.9,182.28,179.8,179.82,38388.69,2021-12-10 03:00:00
1639108800000,179.88,180.33,178.33,178.82,51153.96,2021-12-10 04:00:00
1639112400000,178.87,179.66,177.15,178.47,63225.47,2021-12-10 05:00:00
1639116000000,178.44,179.39,176.61,176.86,50981.8,2021-12-10 06:00:00
1639119600000,176.88,177.27,175.18,176.16,89378.78,2021-12-10 07:00:00
1639123200000,176.16,177.24,175.52,176.5,55123.42,2021-12-10 08:00:00
1639126800000,176.51,177.35,175.42,177.15,56370.68,2021-12-10 09:00:00
1639130400000,177.14,178.0,176.41,177.45,47672.38,2021-12-10 10:00:00
1639134000000,177.45,178.92,176.33,178.66,73479.3,2021-12-10 11:00:00
1639137600000,178.67,181.39,178.5,180.37,97140.98,2021-12-10 12:00:00
1639141200000,180.37,183.1,178.21,182.23,126603.08,2021-12-10 13:00:00
1639144800000,182.23,183.61,175.1,175.74,133884.92,2021-12-10 14:00:00
1639148400000,175.73,177.85,172.51,173.65,161256.76,2021-12-10 15:00:00
1639152000000,173.64,173.66,170.0,171.17,170917.82,2021-12-10 16:00:00
1639155600000,171.2,172.45,169.76,171.89,100171.85,2021-12-10 17:00:00
1639159200000,171.86,175.08,170.86,171.68,83983.35,2021-12-10 18:00:00
1639162800000,171.6,174.13,170.93,173.57,44035.65,2021-12-10 19:00:00
1639166400000,173.58,175.72,173.51,175.45,53366.34,2021-12-10 20:00:00
1639170000000,175.47,175.47,173.45,173.45,58565.39,2021-12-10 21:00:00
1639173600000,173.44,173.84,170.69,171.16,43004.37,2021-12-10 22:00:00
1639177200000,171.23,173.03,167.0,167.39,112527.49,2021-12-10 23:00:00
1639180800000,167.39,169.74,161.33,165.25,298752.05,2021-12-11 00:00:00
1639184400000,165.24,171.23,164.67,168.17,119948.18,2021-12-11 01:00:00
1639188000000,168.18,169.63,166.96,167.93,62241.49,2021-12-11 02:00:00
1639191600000,167.92,171.87,167.6,170.18,80801.62,2021-12-11 03:00:00
1639195200000,170.21,171.64,169.11,170.91,41644.59,2021-12-11 04:00:00
1639198800000,170.9,171.8,169.53,170.2,41111.09,2021-12-11 05:00:00
1639202400000,170.2,172.46,168.1,168.28,59673.87,2021-12-11 06:00:00
1639206000000,168.27,169.82,167.5,169.23,49806.04,2021-12-11 07:00:00
1639209600000,169.22,172.47,168.32,170.9,79541.14,2021-12-11 08:00:00
1639213200000,170.89,171.95,170.01,171.5,41111.06,2021-12-11 09:00:00
1639216800000,171.5,172.41,170.85,171.78,32301.61,2021-12-11 10:00:00
1639220400000,171.81,172.39,170.0,170.05,44321.97,2021-12-11 11:00:00
1639224000000,170.09,171.18,169.81,170.61,44014.63,2021-12-11 12:00:00
1639227600000,170.61,170.84,167.7,168.58,80352.24,2021-12-11 13:00:00
1639231200000,168.57,169.43,167.72,169.19,43428.45,2021-12-11 14:00:00
1639234800000,169.19,171.08,169.0,170.99,42341.0,2021-12-11 15:00:00
1639238400000,171.0,173.8,170.27,172.42,83444.63,2021-12-11 16:00:00
1639242000000,172.44,172.65,169.7,170.27,49198.72,2021-12-11 17:00:00
1639245600000,170.25,170.75,168.42,168.54,40636.99,2021-12-11 18:00:00
1639249200000,168.5,168.75,167.59,167.98,50423.07,2021-12-11 19:00:00
1639252800000,167.99,169.83,167.71,169.68,40322.08,2021-12-11 20:00:00
1639256400000,169.68,169.76,167.84,169.46,33207.09,2021-12-11 21:00:00
1639260000000,169.41,170.98,168.84,170.45,34550.03,2021-12-11 22:00:00
1639263600000,170.44,172.42,170.2,172.15,48482.47,2021-12-11 23:00:00
1639267200000,172.15,172.67,169.59,170.73,49301.07,2021-12-12 00:00:00
1639270800000,170.75,171.38,169.25,169.37,28054.56,2021-12-12 01:00:00
1639274400000,169.39,169.81,168.74,168.8,27521.49,2021-12-12 02:00:00
1639278000000,168.84,170.33,168.74,169.8,26636.37,2021-12-12 03:00:00
1639281600000,169.77,170.01,168.0,168.41,33020.44,2021-12-12 04:00:00
1639285200000,168.37,169.39,168.14,168.47,20573.03,2021-12-12 05:00:00
1639288800000,168.46,170.14,168.29,169.77,22912.23,2021-12-12 06:00:00
1639292400000,169.79,170.92,169.51,170.24,27241.46,2021-12-12 07:00:00
1639296000000,170.25,170.62,168.45,168.65,30077.61,2021-12-12 08:00:00
1639299600000,168.66,169.68,168.03,168.13,30709.84,2021-12-12 09:00:00
1639303200000,168.14,168.71,167.64,168.22,40002.76,2021-12-12 10:00:00
1639306800000,168.22,169.97,167.68,169.1,44695.72,2021-12-12 11:00:00
1639310400000,169.14,170.5,168.71,169.57,44876.29,2021-12-12 12:00:00
1639314000000,169.57,171.44,169.39,171.32,38902.16,2021-12-12 13:00:00
1639317600000,171.28,172.0,169.77,170.85,66619.67,2021-12-12 14:00:00
1639321200000,170.86,171.3,169.95,170.41,29457.94,2021-12-12 15:00:00
1639324800000,170.41,171.98,169.82,171.69,43921.71,2021-12-12 16:00:00
1639328400000,171.64,175.63,171.25,175.34,95193.69,2021-12-12 17:00:00
1639332000000,175.37,176.85,174.82,175.27,89359.57,2021-12-12 18:00:00
1639335600000,175.28,176.4,174.27,174.43,47680.67,2021-12-12 19:00:00
1639339200000,174.43,175.4,173.8,174.4,38068.49,2021-12-12 20:00:00
1639342800000,174.43,175.35,173.03,173.28,36530.62,2021-12-12 21:00:00
1639346400000,173.31,174.22,172.73,174.13,24716.18,2021-12-12 22:00:00
1639350000000,174.13,174.87,172.75,172.8,40542.39,2021-12-12 23:00:00
1639353600000,172.83,172.83,170.0,170.59,83456.79,2021-12-13 00:00:00
1639357200000,170.6,170.96,167.74,167.88,98687.45,2021-12-13 01:00:00
1639360800000,167.86,169.25,167.09,167.63,50917.85,2021-12-13 02:00:00
1639364400000,167.63,168.14,167.27,167.4,47443.73,2021-12-13 03:00:00
1639368000000,167.38,167.97,166.13,167.41,71802.97,2021-12-13 04:00:00
1639371600000,167.41,167.74,166.19,167.13,38638.56,2021-12-13 05:00:00
1639375200000,167.12,167.23,164.5,164.82,62626.45,2021-12-13 06:00:00
1639378800000,164.82,165.33,163.49,164.09,77067.69,2021-12-13 07:00:00
1639382400000,164.09,166.6,162.77,165.9,82652.42,2021-12-13 08:00:00
1639386000000,165.9,166.35,164.41,165.93,40772.72,2021-12-13 09:00:00
1639389600000,165.93,166.68,165.23,166.42,38492.31,2021-12-13 10:00:00
1639393200000,166.42,167.76,166.13,167.71,41385.03,2021-12-13 11:00:00
1639396800000,167.71,168.79,165.89,166.48,52538.75,2021-12-13 12:00:00
1639400400000,166.48,167.27,164.26,164.26,58854.35,2021-12-13 13:00:00
1639404000000,164.26,164.29,160.99,162.49,144144.35,2021-12-13 14:00:00
1639407600000,162.49,162.51,155.35,158.19,276428.82,2021-12-13 15:00:00
1639411200000,158.16,159.1,156.0,156.58,157462.99,2021-12-13 16:00:00
1639414800000,156.58,159.23,155.63,157.62,116088.54,2021-12-13 17:00:00
1639418400000,157.62,158.04,155.75,156.8,69562.58,2021-12-13 18:00:00
1639422000000,156.81,156.82,148.04,153.17,377839.21,2021-12-13 19:00:00
1639425600000,153.15,154.62,149.18,151.9,182574.03,2021-12-13 20:00:00
1639429200000,151.88,153.91,150.76,153.13,87362.07,2021-12-13 21:00:00
1639432800000,153.16,158.55,152.6,156.9,114034.07,2021-12-13 22:00:00
1639436400000,156.97,159.32,154.52,155.21,99398.09,2021-12-13 23:00:00
1639440000000,155.2,158.35,152.87,156.66,108238.01,2021-12-14 00:00:00
1639443600000,156.64,158.06,154.44,156.07,55585.35,2021-12-14 01:00:00
1639447200000,156.09,157.0,153.31,154.59,63663.1,2021-12-14 02:00:00
1639450800000,154.62,154.87,152.58,153.77,80381.02,2021-12-14 03:00:00
1639454400000,153.76,154.52,152.13,153.09,61563.63,2021-12-14 04:00:00
1639458000000,153.08,154.27,151.29,151.51,47797.14,2021-12-14 05:00:00
1639461600000,151.52,152.71,149.6,151.93,126001.02,2021-12-14 06:00:00
1639465200000,151.91,155.23,151.03,154.77,123086.29,2021-12-14 07:00:00
1639468800000,154.76,157.11,154.11,156.89,92560.54,2021-12-14 08:00:00
1639472400000,156.92,157.07,153.05,153.36,64866.48,2021-12-14 09:00:00
1639476000000,153.4,156.07,153.32,155.64,62631.73,2021-12-14 10:00:00
1639479600000,155.64,158.49,154.94,158.09,76627.86,2021-12-14 11:00:00
1639483200000,158.14,161.22,157.46,159.24,184001.9,2021-12-14 12:00:00
1639486800000,159.24,160.57,156.86,157.85,93627.4,2021-12-14 13:00:00
1639490400000,157.82,160.7,157.4,160.21,84212.77,2021-12-14 14:00:00
1639494000000,160.23,161.72,156.68,157.7,132598.87,2021-12-14 15:00:00
1639497600000,157.71,159.22,155.18,155.49,75854.7,2021-12-14 16:00:00
1639501200000,155.51,156.64,153.66,153.99,66230.89,2021-12-14 17:00:00
1639504800000,153.98,155.24,152.65,153.6,74609.52,2021-12-14 18:00:00
1639508400000,153.56,154.42,152.76,153.96,83858.0,2021-12-14 19:00:00
1639512000000,153.97,157.97,153.91,157.97,96601.9,2021-12-14 20:00:00
1639515600000,157.98,163.35,157.29,160.47,164773.41,2021-12-14 21:00:00
1639519200000,160.47,161.09,158.23,158.84,57091.76,2021-12-14 22:00:00
1639522800000,158.84,161.84,158.74,161.26,74945.69,2021-12-14 23:00:00
1639526400000,161.25,163.66,160.2,161.13,82486.8,2021-12-15 00:00:00
1639530000000,161.14,161.18,159.53,160.75,45555.67,2021-12-15 01:00:00
1639533600000,160.82,161.09,158.54,160.5,86921.37,2021-12-15 02:00:00
1639537200000,160.53,161.04,159.27,160.5,68689.08,2021-12-15 03:00:00
1639540800000,160.5,162.26,159.55,161.54,91043.54,2021-12-15 04:00:00
1639544400000,161.52,163.1,160.18,162.3,65628.13,2021-12-15 05:00:00
1639548000000,162.36,165.06,162.17,163.5,92879.19,2021-12-15 06:00:00
1639551600000,163.49,166.66,163.33,166.29,85255.32,2021-12-15 07:00:00
1639555200000,166.29,168.48,166.29,167.5,109794.36,2021-12-15 08:00:00
1639558800000,167.51,168.66,166.17,168.13,72510.78,2021-12-15 09:00:00
1639562400000,168.17,168.33,165.8,166.01,62528.37,2021-12-15 10:00:00
1639566000000,166.02,167.04,164.63,165.75,62417.68,2021-12-15 11:00:00
1639569600000,165.76,166.88,162.33,162.42,97474.35,2021-12-15 12:00:00
1639573200000,162.41,164.69,162.04,163.89,82507.96,2021-12-15 13:00:00
1639576800000,163.9,164.87,160.57,160.87,89478.14,2021-12-15 14:00:00
1639580400000,160.87,161.65,157.25,157.7,166046.71,2021-12-15 15:00:00
1639584000000,157.66,161.5,156.81,161.39,82746.88,2021-12-15 16:00:00
1639587600000,161.37,167.82,160.88,166.44,203572.79,2021-12-15 17:00:00
1639591200000,166.43,171.74,164.35,168.93,228732.97,2021-12-15 18:00:00
1639594800000,168.88,177.59,166.41,175.26,694071.42,2021-12-15 19:00:00
1639598400000,175.25,182.64,174.16,180.56,356259.84,2021-12-15 20:00:00
1639602000000,180.66,181.59,178.0,178.91,196561.24,2021-12-15 21:00:00
1639605600000,178.91,180.0,175.34,176.1,114918.51,2021-12-15 22:00:00
1639609200000,176.1,179.22,176.1,178.52,90469.79,2021-12-15 23:00:00
1639612800000,178.53,179.9,177.03,179.43,82317.44,2021-12-16 00:00:00
1639616400000,179.42,179.85,177.38,178.2,58595.95,2021-12-16 01:00:00
1639620000000,178.2,178.54,176.43,177.68,78503.74,2021-12-16 02:00:00
1639623600000,177.63,179.29,176.56,178.77,70318.4,2021-12-16 03:00:00
1639627200000,178.8,179.23,176.31,176.83,73307.46,2021-12-16 04:00:00
1639630800000,176.83,177.58,174.37,174.46,60698.66,2021-12-16 05:00:00
1639634400000,174.46,178.73,174.46,178.62,71806.83,2021-12-16 06:00:00
1639638000000,178.63,180.58,178.13,178.31,91812.59,2021-12-16 07:00:00
1639641600000,178.27,180.99,177.98,180.27,56688.11,2021-12-16 08:00:00
1639645200000,180.2,182.54,179.97,182.04,112514.44,2021-12-16 09:00:00
1639648800000,182.06,184.43,181.66,184.28,101533.48,2021-12-16 10:00:00
1639652400000,184.29,186.12,182.67,185.87,160102.16,2021-12-16 11:00:00
1639656000000,185.88,187.31,184.03,185.0,189289.86,2021-12-16 12:00:00
1639659600000,184.99,186.99,182.57,186.87,138778.38,2021-12-16 13:00:00
1639663200000,186.88,189.0,185.61,185.87,223274.42,2021-12-16 14:00:00
1639666800000,185.9,187.22,184.23,187.01,169452.24,2021-12-16 15:00:00
1639670400000,187.05,187.49,183.69,184.41,86705.52,2021-12-16 16:00:00
1639674000000,184.41,184.42,181.56,182.54,97177.21,2021-12-16 17:00:00
1639677600000,182.55,184.27,181.14,183.15,81207.07,2021-12-16 18:00:00
1639681200000,183.15,184.08,179.54,180.08,98077.85,2021-12-16 19:00:00
1639684800000,180.11,185.0,179.93,183.42,111881.79,2021-12-16 20:00:00
1639688400000,183.42,183.8,182.03,182.62,77772.77,2021-12-16 21:00:00
1639692000000,182.66,183.07,179.65,180.65,75798.76,2021-12-16 22:00:00
1639695600000,180.69,180.69,176.01,176.86,115286.25,2021-12-16 23:00:00
1639699200000,176.89,180.65,176.46,179.95,112795.81,2021-12-17 00:00:00
1639702800000,179.91,181.65,179.28,180.18,50485.23,2021-12-17 01:00:00
1639706400000,180.18,180.33,177.89,178.83,53063.63,2021-12-17 02:00:00
1639710000000,178.83,179.99,177.31,179.25,39727.2,2021-12-17 03:00:00
1639713600000,179.2,180.06,178.67,179.41,38031.15,2021-12-17 04:00:00
1639717200000,179.43,181.68,178.61,181.14,47188.6,2021-12-17 05:00:00
1639720800000,181.14,182.5,179.32,179.43,69244.74,2021-12-17 06:00:00
1639724400000,179.43,179.64,175.31,177.75,137419.29,2021-12-17 07:00:00
1639728000000,177.76,179.36,177.04,178.36,64640.29,2021-12-17 08:00:00
1639731600000,178.36,178.57,176.27,177.93,49311.26,2021-12-17 09:00:00
1639735200000,177.94,178.05,174.89,175.28,77467.22,2021-12-17 10:00:00
1639738800000,175.24,177.1,174.8,175.94,60953.83,2021-12-17 11:00:00
1639742400000,175.93,176.6,173.6,174.54,87892.35,2021-12-17 12:00:00
1639746000000,174.5,175.41,172.38,172.51,122328.97,2021-12-17 13:00:00
1639749600000,172.5,172.9,167.88,170.53,234469.54,2021-12-17 14:00:00
1639753200000,170.51,177.71,168.52,176.59,281309.77,2021-12-17 15:00:00
1639756800000,176.55,181.59,174.75,180.05,292826.47,2021-12-17 16:00:00
1639760400000,180.0,180.07,175.58,176.32,89332.58,2021-12-17 17:00:00
1639764000000,176.31,178.18,175.39,178.04,66344.22,2021-12-17 18:00:00
1639767600000,178.1,179.1,176.71,177.55,62776.89,2021-12-17 19:00:00
1639771200000,177.56,178.57,174.14,174.6,67321.86,2021-12-17 20:00:00
1639774800000,174.59,178.44,173.7,177.36,59928.24,2021-12-17 21:00:00
1639778400000,177.36,178.0,172.78,177.66,94276.64,2021-12-17 22:00:00
1639782000000,177.71,177.75,174.43,175.51,49477.16,2021-12-17 23:00:00
1639785600000,175.48,176.2,172.64,174.98,67985.84,2021-12-18 00:00:00
1639789200000,174.98,175.11,171.29,171.42,76090.45,2021-12-18 01:00:00
1639792800000,171.36,173.68,170.96,171.83,57448.96,2021-12-18 02:00:00
1639796400000,171.83,175.32,171.53,174.15,48834.86,2021-12-18 03:00:00
1639800000000,174.11,174.93,173.08,174.54,39329.17,2021-12-18 04:00:00
1639803600000,174.56,176.86,173.78,175.63,53259.75,2021-12-18 05:00:00
1639807200000,175.64,176.68,174.78,175.14,38377.77,2021-12-18 06:00:00
1639810800000,175.15,176.44,174.85,176.03,36108.74,2021-12-18 07:00:00
1639814400000,176.02,178.35,176.0,177.23,71898.41,2021-12-18 08:00:00
1639818000000,177.24,179.23,177.1,178.98,45958.21,2021-12-18 09:00:00
1639821600000,178.97,181.06,178.03,180.94,77975.44,2021-12-18 10:00:00
1639825200000,180.93,181.09,178.98,179.93,78488.06,2021-12-18 11:00:00
1639828800000,179.94,180.9,179.3,180.81,54539.97,2021-12-18 12:00:00
1639832400000,180.8,182.87,179.06,179.27,80770.1,2021-12-18 13:00:00
1639836000000,179.26,182.12,179.14,181.93,44655.13,2021-12-18 14:00:00
1639839600000,181.94,183.51,181.14,181.41,61523.25,2021-12-18 15:00:00
1639843200000,181.41,182.76,180.36,180.73,49771.19,2021-12-18 16:00:00
1639846800000,180.75,182.16,180.32,181.57,26612.99,2021-12-18 17:00:00
1639850400000,181.55,182.61,181.15,181.59,25310.14,2021-12-18 18:00:00
1639854000000,181.63,182.23,179.76,181.74,40662.06,2021-12-18 19:00:00
1639857600000,181.75,182.5,180.57,182.31,28065.25,2021-12-18 20:00:00
1639861200000,182.28,184.0,181.94,183.96,51226.83,2021-12-18 21:00:00
1639864800000,183.95,184.24,181.84,182.69,38718.04,2021-12-18 22:00:00
1639868400000,182.69,183.84,182.06,182.78,24838.38,2021-12-18 23:00:00
1639872000000,182.78,184.05,181.76,182.45,43393.02,2021-12-19 00:00:00
1639875600000,182.44,183.16,179.77,180.5,60929.88,2021-12-19 01:00:00
1639879200000,180.55,182.6,180.15,181.42,32466.94,2021-12-19 02:00:00
1639882800000,181.41,184.9,181.35,184.49,65126.22,2021-12-19 03:00:00
1639886400000,184.5,186.9,184.2,186.58,65530.43,2021-12-19 04:00:00
1639890000000,186.6,187.94,185.3,185.68,55040.72,2021-12-19 05:00:00
1639893600000,185.69,187.45,185.51,187.4,34991.7,2021-12-19 06:00:00
1639897200000,187.37,189.43,186.96,187.16,72330.05,2021-12-19 07:00:00
1639900800000,187.16,187.87,185.6,185.8,42969.47,2021-12-19 08:00:00
1639904400000,185.79,186.51,184.73,184.85,53430.42,2021-12-19 09:00:00
1639908000000,184.88,185.13,182.79,184.43,65405.27,2021-12-19 10:00:00
1639911600000,184.43,185.2,183.03,184.83,38577.5,2021-12-19 11:00:00
1639915200000,184.83,185.63,183.6,185.22,36464.69,2021-12-19 12:00:00
1639918800000,185.23,187.85,182.78,186.39,81649.47,2021-12-19 13:00:00
1639922400000,186.4,188.53,184.29,184.88,101876.05,2021-12-19 14:00:00
1639926000000,184.95,185.3,183.32,184.07,30499.33,2021-12-19 15:00:00
1639929600000,184.07,185.16,183.17,183.19,26815.9,2021-12-19 16:00:00
1639933200000,183.19,183.69,181.79,182.83,35909.7,2021-12-19 17:00:00
1639936800000,182.84,183.15,181.04,182.86,36505.13,2021-12-19 18:00:00
1639940400000,182.89,183.32,179.33,180.33,66592.96,2021-12-19 19:00:00
1639944000000,180.34,180.94,177.99,179.9,58585.79,2021-12-19 20:00:00
1639947600000,179.91,180.64,179.02,179.74,28951.17,2021-12-19 21:00:00
1639951200000,179.76,183.84,179.21,183.02,41582.59,2021-12-19 22:00:00
1639954800000,183.02,183.58,179.3,179.93,42258.2,2021-12-19 23:00:00
1639958400000,179.9,180.32,177.1,180.32,61088.16,2021-12-20 00:00:00
1639962000000,180.33,181.18,178.43,179.08,55212.06,2021-12-20 01:00:00
1639965600000,179.01,179.96,178.57,179.38,44932.51,2021-12-20 02:00:00
1639969200000,179.39,179.84,177.18,178.38,61610.21,2021-12-20 03:00:00
1639972800000,178.34,179.8,178.04,179.62,33141.45,2021-12-20 04:00:00
1639976400000,179.63,180.06,175.19,175.45,47145.81,2021-12-20 05:00:00
1639980000000,175.42,176.58,175.01,176.15,49901.6,2021-12-20 06:00:00
1639983600000,176.14,176.32,175.0,175.35,48678.64,2021-12-20 07:00:00
1639987200000,175.36,176.28,175.01,175.32,69379.39,2021-12-20 08:00:00
1639990800000,175.32,175.74,171.9,171.91,102976.2,2021-12-20 09:00:00
1639994400000,171.91,172.93,171.43,171.66,48164.3,2021-12-20 10:00:00
1639998000000,171.67,172.95,171.37,172.54,46071.83,2021-12-20 11:00:00
1640001600000,172.55,172.65,170.02,170.28,60290.14,2021-12-20 12:00:00
1640005200000,170.29,171.71,169.79,170.0,58319.96,2021-12-20 13:00:00
1640008800000,170.04,174.14,168.49,173.23,121486.84,2021-12-20 14:00:00
1640012400000,173.26,173.4,169.74,170.0,54153.88,2021-12-20 15:00:00
1640016000000,169.99,172.78,169.37,172.5,54783.99,2021-12-20 16:00:00
1640019600000,172.5,173.63,171.6,172.11,55582.42,2021-12-20 17:00:00
1640023200000,172.11,174.99,171.5,174.87,67312.79,2021-12-20 18:00:00
1640026800000,174.88,176.52,174.32,175.98,72202.77,2021-12-20 19:00:00
1640030400000,175.98,177.09,175.98,176.23,84519.81,2021-12-20 20:00:00
1640034000000,176.24,178.19,173.76,173.85,70877.54,2021-12-20 21:00:00
1640037600000,173.89,174.88,172.71,173.08,35861.2,2021-12-20 22:00:00
1640041200000,173.04,175.0,173.01,173.9,44492.3,2021-12-20 23:00:00
1640044800000,173.9,174.99,171.87,172.72,50564.62,2021-12-21 00:00:00
1640048400000,172.7,173.65,171.0,171.12,48171.06,2021-12-21 01:00:00
1640052000000,171.13,171.75,170.27,171.4,44306.89,2021-12-21 02:00:00
1640055600000,171.4,176.28,171.26,175.49,62871.1,2021-12-21 03:00:00
1640059200000,175.48,179.69,175.48,178.26,112477.63,2021-12-21 04:00:00
1640062800000,178.26,179.48,177.28,178.46,61625.46,2021-12-21 05:00:00
1640066400000,178.44,180.78,177.85,180.48,64982.94,2021-12-21 06:00:00
1640070000000,180.5,181.15,178.73,178.95,58253.62,2021-12-21 07:00:00
1640073600000,178.93,181.1,178.6,179.97,63209.1,2021-12-21 08:00:00
1640077200000,179.97,181.08,179.43,180.41,54695.01,2021-12-21 09:00:00
1640080800000,180.4,180.68,179.39,179.69,29069.72,2021-12-21 10:00:00
1640084400000,179.66,180.09,178.63,179.71,37664.29,2021-12-21 11:00:00
1640088000000,179.75,182.54,179.31,180.06,88956.97,2021-12-21 12:00:00
1640091600000,180.05,181.64,179.54,181.5,50945.03,2021-12-21 13:00:00
1640095200000,181.49,181.81,178.11,178.88,62798.5,2021-12-21 14:00:00
1640098800000,178.88,179.64,176.62,177.41,55454.41,2021-12-21 15:00:00
1640102400000,177.44,179.24,177.05,178.49,46932.43,2021-12-21 16:00:00
1640106000000,178.49,178.77,176.84,177.03,43625.96,2021-12-21 17:00:00
1640109600000,177.04,178.54,176.67,177.96,36126.71,2021-12-21 18:00:00
1640113200000,177.95,178.38,176.08,177.01,43412.07,2021-12-21 19:00:00
1640116800000,177.05,179.13,176.92,178.03,60191.4,2021-12-21 20:00:00
1640120400000,178.02,180.55,177.76,180.17,48054.33,2021-12-21 21:00:00
1640124000000,180.16,181.44,179.31,181.43,37460.23,2021-12-21 22:00:00
1640127600000,181.4,181.44,179.06,179.63,40917.12,2021-12-21 23:00:00
1640131200000,179.62,180.06,177.51,177.65,40363.8,2021-12-22 00:00:00
1640134800000,177.64,178.86,177.41,178.48,36467.56,2021-12-22 01:00:00
1640138400000,178.47,181.57,178.22,180.52,65745.75,2021-12-22 02:00:00
1640142000000,180.56,180.87,179.05,179.61,42440.06,2021-12-22 03:00:00
1640145600000,179.67,182.01,179.06,181.99,49531.68,2021-12-22 04:00:00
1640149200000,181.99,185.0,181.8,184.23,95605.5,2021-12-22 05:00:00
1640152800000,184.23,185.62,183.29,184.61,64517.65,2021-12-22 06:00:00
1640156400000,184.61,187.31,184.6,186.28,73385.19,2021-12-22 07:00:00
1640160000000,186.3,187.55,185.41,186.36,61319.07,2021-12-22 08:00:00
1640163600000,186.35,186.97,182.83,183.7,72295.5,2021-12-22 09:00:00
1640167200000,183.7,186.16,183.24,186.12,62090.87,2021-12-22 10:00:00
1640170800000,186.13,186.81,184.12,185.56,55566.36,2021-12-22 11:00:00
1640174400000,185.56,186.21,181.24,182.27,91681.99,2021-12-22 12:00:00
1640178000000,182.26,184.64,182.03,184.25,67276.33,2021-12-22 13:00:00
1640181600000,184.24,185.09,183.08,184.58,47321.51,2021-12-22 14:00:00
1640185200000,184.57,186.27,184.15,185.05,63701.84,2021-12-22 15:00:00
1640188800000,185.06,185.69,183.36,183.7,55188.3,2021-12-22 16:00:00
1640192400000,183.67,184.03,180.34,180.42,58214.88,2021-12-22 17:00:00
1640196000000,180.4,181.56,180.11,180.5,51007.29,2021-12-22 18:00:00
1640199600000,180.47,181.05,179.53,180.27,49831.01,2021-12-22 19:00:00
1640203200000,180.23,181.05,179.69,180.16,46680.34,2021-12-22 20:00:00
1640206800000,180.18,181.76,179.72,181.65,43702.41,2021-12-22 21:00:00
1640210400000,181.64,181.65,180.16,181.41,22870.49,2021-12-22 22:00:00
1640214000000,181.44,181.49,177.05,178.4,62834.07,2021-12-22 23:00:00
1640217600000,178.38,179.03,175.64,177.72,107683.81,2021-12-23 00:00:00
1640221200000,177.73,180.21,176.51,180.05,46491.23,2021-12-23 01:00:00
1640224800000,180.01,182.91,179.15,179.86,69126.56,2021-12-23 02:00:00
1640228400000,179.87,181.01,178.77,180.87,60554.37,2021-12-23 03:00:00
1640232000000,180.89,181.66,179.24,179.42,27019.82,2021-12-23 04:00:00
1640235600000,179.38,180.68,178.96,179.29,23500.44,2021-12-23 05:00:00
1640239200000,179.29,180.25,178.8,180.04,20864.4,2021-12-23 06:00:00
1640242800000,180.04,180.16,177.01,177.88,62377.21,2021-12-23 07:00:00
1640246400000,177.87,179.89,177.13,179.86,57598.31,2021-12-23 08:00:00
1640250000000,179.87,179.89,178.06,179.07,29837.05,2021-12-23 09:00:00
1640253600000,179.06,179.54,177.81,178.84,38446.75,2021-12-23 10:00:00
1640257200000,178.86,180.66,177.87,179.02,50124.89,2021-12-23 11:00:00
1640260800000,179.02,179.39,177.58,178.57,38715.13,2021-12-23 12:00:00
1640264400000,178.58,180.25,178.58,179.7,44062.07,2021-12-23 13:00:00
1640268000000,179.76,181.14,178.6,179.03,58101.43,2021-12-23 14:00:00
1640271600000,179.02,180.95,177.48,180.94,70220.41,2021-12-23 15:00:00
1640275200000,180.94,184.31,180.1,184.28,103146.02,2021-12-23 16:00:00
1640278800000,184.3,188.0,182.91,187.91,136814.76,2021-12-23 17:00:00
1640282400000,187.9,191.68,186.93,190.0,260817.06,2021-12-23 18:00:00
1640286000000,190.0,193.5,189.0,191.15,124329.6,2021-12-23 19:00:00
1640289600000,191.11,192.61,189.27,191.2,94677.59,2021-12-23 20:00:00
1640293200000,191.19,191.54,188.67,188.96,70383.57,2021-12-23 21:00:00
1640296800000,188.97,193.0,188.85,189.93,90583.0,2021-12-23 22:00:00
1640300400000,189.92,190.58,189.16,190.03,41431.82,2021-12-23 23:00:00
1640304000000,190.08,191.89,189.0,189.5,69722.87,2021-12-24 00:00:00
1640307600000,189.47,190.85,189.28,190.5,81294.14,2021-12-24 01:00:00
1640311200000,190.51,190.74,188.03,188.45,61126.37,2021-12-24 02:00:00
1640314800000,188.45,188.91,186.98,187.69,53296.87,2021-12-24 03:00:00
1640318400000,187.68,188.94,187.54,187.87,21580.55,2021-12-24 04:00:00
1640322000000,187.87,188.6,187.04,187.57,31702.38,2021-12-24 05:00:00
1640325600000,187.56,188.2,186.3,187.48,50481.91,2021-12-24 06:00:00
1640329200000,187.53,189.12,186.77,188.79,63674.94,2021-12-24 07:00:00
1640332800000,188.81,190.58,188.27,190.19,47699.67,2021-12-24 08:00:00
1640336400000,190.18,191.0,188.8,190.85,63444.48,2021-12-24 09:00:00
1640340000000,190.84,191.39,189.98,190.38,47677.02,2021-12-24 10:00:00
1640343600000,190.39,190.6,188.12,188.76,52985.4,2021-12-24 11:00:00
1640347200000,188.76,189.7,187.71,189.52,43664.86,2021-12-24 12:00:00
1640350800000,189.52,190.08,188.38,189.96,39653.4,2021-12-24 13:00:00
1640354400000,189.96,192.82,189.27,189.86,77437.42,2021-12-24 14:00:00
1640358000000,189.93,195.63,184.14,195.45,261900.96,2021-12-24 15:00:00
1640361600000,195.45,197.55,193.46,194.58,176928.17,2021-12-24 16:00:00
1640365200000,194.57,195.2,192.0,194.5,74261.08,2021-12-24 17:00:00
1640368800000,194.5,196.5,193.14,196.47,46938.88,2021-12-24 18:00:00
1640372400000,196.44,197.08,191.77,192.08,69679.55,2021-12-24 19:00:00
1640376000000,192.09,194.88,190.75,194.49,69348.71,2021-12-24 20:00:00
1640379600000,194.51,194.87,192.03,192.46,31171.07,2021-12-24 21:00:00
1640383200000,192.47,192.85,189.32,190.61,54980.86,2021-12-24 22:00:00
1640386800000,190.6,191.31,188.18,190.36,66812.0,2021-12-24 23:00:00
1640390400000,190.37,194.96,189.76,194.86,60819.21,2021-12-25 00:00:00
1640394000000,194.88,195.0,192.73,194.54,60748.73,2021-12-25 01:00:00
1640397600000,194.56,195.0,191.74,191.88,49139.02,2021-12-25 02:00:00
1640401200000,191.87,192.77,191.31,191.65,43653.76,2021-12-25 03:00:00
1640404800000,191.64,193.49,191.38,193.32,42423.32,2021-12-25 04:00:00
1640408400000,193.31,194.74,193.31,193.7,40557.25,2021-12-25 05:00:00
1640412000000,193.7,194.6,192.75,193.73,33003.09,2021-12-25 06:00:00
1640415600000,193.74,194.85,192.91,193.08,34173.88,2021-12-25 07:00:00
1640419200000,193.05,193.24,191.81,192.64,41583.92,2021-12-25 08:00:00
1640422800000,192.66,193.21,191.87,192.04,27633.14,2021-12-25 09:00:00
1640426400000,192.03,192.17,189.28,189.71,55886.64,2021-12-25 10:00:00
1640430000000,189.72,190.78,189.08,190.24,39134.61,2021-12-25 11:00:00
1640433600000,190.24,191.91,190.12,191.28,34219.14,2021-12-25 12:00:00
1640437200000,191.25,192.05,190.67,191.89,34152.96,2021-12-25 13:00:00
1640440800000,191.91,191.95,190.62,191.2,26489.99,2021-12-25 14:00:00
1640444400000,191.2,192.85,191.0,192.14,43168.58,2021-12-25 15:00:00
1640448000000,192.14,192.84,190.63,191.72,35777.47,2021-12-25 16:00:00
1640451600000,191.72,191.96,189.24,191.43,54755.14,2021-12-25 17:00:00
1640455200000,191.43,192.62,190.76,191.79,37897.87,2021-12-25 18:00:00
1640458800000,191.86,192.1,190.84,190.97,23560.2,2021-12-25 19:00:00
1640462400000,190.95,191.59,189.96,191.14,41328.46,2021-12-25 20:00:00
1640466000000,191.12,193.75,190.94,192.66,51598.24,2021-12-25 21:00:00
1640469600000,192.66,193.66,191.04,191.38,48418.13,2021-12-25 22:00:00
1640473200000,191.37,194.48,191.0,193.1,87029.11,2021-12-25 23:00:00
1640476800000,193.03,196.12,192.07,195.33,128209.49,2021-12-26 00:00:00
1640480400000,195.34,196.41,194.06,195.82,65358.56,2021-12-26 01:00:00
1640484000000,195.82,197.0,192.27,193.56,95688.65,2021-12-26 02:00:00
1640487600000,193.57,194.66,190.8,190.9,111937.05,2021-12-26 03:00:00
1640491200000,190.83,193.8,190.22,192.12,47010.25,2021-12-26 04:00:00
1640494800000,192.06,192.12,191.01,191.54,24250.11,2021-12-26 05:00:00
1640498400000,191.54,193.38,191.31,193.31,42009.09,2021-12-26 06:00:00
1640502000000,193.29,193.53,192.1,192.76,20718.51,2021-12-26 07:00:00
1640505600000,192.77,194.39,192.43,193.48,34721.33,2021-12-26 08:00:00
1640509200000,193.53,195.09,193.0,194.73,41553.94,2021-12-26 09:00:00
1640512800000,194.73,197.97,194.73,197.46,147930.22,2021-12-26 10:00:00
1640516400000,197.46,198.73,194.48,196.5,93247.82,2021-12-26 11:00:00
1640520000000,196.49,199.25,195.15,197.91,127894.64,2021-12-26 12:00:00
1640523600000,197.93,198.35,197.11,197.5,40042.51,2021-12-26 13:00:00
1640527200000,197.54,198.7,196.25,198.29,86539.23,2021-12-26 14:00:00
1640530800000,198.28,200.0,197.22,198.19,91358.14,2021-12-26 15:00:00
1640534400000,198.18,200.59,197.94,198.94,70165.79,2021-12-26 16:00:00
1640538000000,198.95,199.43,198.1,198.26,53904.21,2021-12-26 17:00:00
1640541600000,198.27,198.87,197.41,198.57,37218.51,2021-12-26 18:00:00
1640545200000,198.57,199.35,197.92,198.42,42212.16,2021-12-26 19:00:00
1640548800000,198.4,198.62,197.44,197.62,22449.28,2021-12-26 20:00:00
1640552400000,197.64,199.36,196.01,198.32,57170.4,2021-12-26 21:00:00
1640556000000,198.32,199.64,198.32,198.88,31173.94,2021-12-26 22:00:00
1640559600000,198.87,199.17,197.34,197.81,26766.2,2021-12-26 23:00:00
1640563200000,197.85,199.27,197.34,197.47,30802.03,2021-12-27 00:00:00
1640566800000,197.45,198.0,196.64,197.61,38766.7,2021-12-27 01:00:00
1640570400000,197.57,199.22,197.15,197.98,40564.08,2021-12-27 02:00:00
1640574000000,197.95,201.29,197.89,201.02,47448.52,2021-12-27 03:00:00
1640577600000,201.02,201.88,199.49,199.68,54269.4,2021-12-27 04:00:00
1640581200000,199.68,199.8,198.65,198.7,26018.81,2021-12-27 05:00:00
1640584800000,198.69,199.52,198.39,198.86,22608.7,2021-12-27 06:00:00
1640588400000,198.86,199.98,198.54,198.59,23440.28,2021-12-27 07:00:00
1640592000000,198.57,199.09,195.92,196.42,55194.92,2021-12-27 08:00:00
1640595600000,196.4,198.21,194.71,197.84,61753.87,2021-12-27 09:00:00
1640599200000,197.84,200.47,197.8,200.33,57826.69,2021-12-27 10:00:00
1640602800000,200.32,201.0,199.47,200.28,36789.58,2021-12-27 11:00:00
1640606400000,200.27,201.5,198.9,200.89,59261.99,2021-12-27 12:00:00
1640610000000,200.94,202.58,200.59,202.47,73296.92,2021-12-27 13:00:00
1640613600000,202.48,203.22,201.84,202.84,65612.4,2021-12-27 14:00:00
1640617200000,202.83,203.5,201.34,201.57,74320.74,2021-12-27 15:00:00
1640620800000,201.57,202.95,200.63,202.83,48822.2,2021-12-27 16:00:00
1640624400000,202.85,204.75,202.85,203.52,82468.34,2021-12-27 17:00:00
1640628000000,203.51,203.96,201.92,202.43,52969.16,2021-12-27 18:00:00
1640631600000,202.42,203.05,200.41,200.55,38132.51,2021-12-27 19:00:00
1640635200000,200.53,201.26,198.5,199.71,62078.57,2021-12-27 20:00:00
1640638800000,199.69,200.26,197.65,198.21,41690.35,2021-12-27 21:00:00
1640642400000,198.2,199.34,196.13,198.59,85693.72,2021-12-27 22:00:00
1640646000000,198.6,198.6,195.25,195.67,38669.22,2021-12-27 23:00:00
1640649600000,195.68,195.68,192.25,195.16,118029.81,2021-12-28 00:00:00
1640653200000,195.15,195.15,190.7,191.49,66830.3,2021-12-28 01:00:00
1640656800000,191.48,192.28,189.08,190.37,60865.26,2021-12-28 02:00:00
1640660400000,190.37,190.38,187.04,190.29,103931.99,2021-12-28 03:00:00
1640664000000,190.24,190.3,185.83,188.14,140682.64,2021-12-28 04:00:00
1640667600000,188.13,191.6,187.81,191.08,77293.33,2021-12-28 05:00:00
1640671200000,191.07,193.25,190.17,191.2,61190.26,2021-12-28 06:00:00
1640674800000,191.17,192.0,188.29,189.99,61618.82,2021-12-28 07:00:00
1640678400000,189.98,192.3,188.9,190.48,73379.55,2021-12-28 08:00:00
1640682000000,190.47,191.06,188.71,188.87,42144.66,2021-12-28 09:00:00
1640685600000,188.83,191.08,188.53,190.37,51865.77,2021-12-28 10:00:00
1640689200000,190.37,192.97,189.87,192.14,54369.66,2021-12-28 11:00:00
1640692800000,192.14,192.93,190.53,190.68,43251.47,2021-12-28 12:00:00
1640696400000,190.68,191.53,189.16,189.19,56590.79,2021-12-28 13:00:00
1640700000000,189.19,189.59,185.0,187.11,123976.6,2021-12-28 14:00:00
1640703600000,187.16,188.52,185.16,185.58,74745.72,2021-12-28 15:00:00
1640707200000,185.57,186.0,180.67,183.54,176721.96,2021-12-28 16:00:00
1640710800000,183.53,183.66,177.53,180.63,192437.72,2021-12-28 17:00:00
1640714400000,180.62,180.71,178.07,179.11,74198.44,2021-12-28 18:00:00
1640718000000,179.11,180.39,176.2,180.17,118946.58,2021-12-28 19:00:00
1640721600000,180.18,183.99,179.11,181.2,99398.82,2021-12-28 20:00:00
1640725200000,181.21,181.27,178.27,178.66,42618.48,2021-12-28 21:00:00
1640728800000,178.62,179.6,177.02,179.42,39688.1,2021-12-28 22:00:00
1640732400000,179.41,180.18,176.94,177.32,42466.47,2021-12-28 23:00:00
1640736000000,177.28,179.51,176.44,178.65,67053.62,2021-12-29 00:00:00
1640739600000,178.66,179.66,177.63,177.89,39982.16,2021-12-29 01:00:00
1640743200000,177.87,179.64,177.63,179.3,41616.34,2021-12-29 02:00:00
1640746800000,179.28,180.62,179.12,179.63,33404.04,2021-12-29 03:00:00
1640750400000,179.63,180.02,176.73,176.95,82953.36,2021-12-29 04:00:00
1640754000000,176.95,177.96,175.32,176.49,60436.86,2021-12-29 05:00:00
1640757600000,176.49,177.74,175.71,176.64,42453.25,2021-12-29 06:00:00
1640761200000,176.64,177.19,175.76,176.46,32662.6,2021-12-29 07:00:00
1640764800000,176.46,177.88,176.17,177.21,40456.92,2021-12-29 08:00:00
1640768400000,177.22,177.93,175.0,177.45,66077.13,2021-12-29 09:00:00
1640772000000,177.44,177.94,176.49,176.98,36120.63,2021-12-29 10:00:00
1640775600000,176.98,177.5,174.41,175.55,71670.0,2021-12-29 11:00:00
1640779200000,175.53,175.91,171.7,171.8,141998.67,2021-12-29 12:00:00
1640782800000,171.79,174.2,170.71,173.82,126451.12,2021-12-29 13:00:00
1640786400000,173.82,175.9,172.94,174.99,91089.33,2021-12-29 14:00:00
1640790000000,174.99,176.7,174.43,176.41,67750.79,2021-12-29 15:00:00
1640793600000,176.42,176.83,173.9,175.08,49704.33,2021-12-29 16:00:00
1640797200000,175.06,175.17,173.6,174.46,44112.7,2021-12-29 17:00:00
1640800800000,174.45,177.49,174.34,176.41,62963.29,2021-12-29 18:00:00
1640804400000,176.43,176.62,173.5,174.57,59562.98,2021-12-29 19:00:00
1640808000000,174.56,176.83,174.05,175.11,62845.38,2021-12-29 20:00:00
1640811600000,175.14,175.22,172.82,173.58,53302.02,2021-12-29 21:00:00
1640815200000,173.56,175.11,173.18,174.58,32428.36,2021-12-29 22:00:00
1640818800000,174.58,174.61,170.01,170.63,133507.87,2021-12-29 23:00:00
1640822400000,170.65,172.02,168.17,171.87,133349.01,2021-12-30 00:00:00
1640826000000,171.85,172.32,170.51,171.32,54471.51,2021-12-30 01:00:00
1640829600000,171.3,171.57,169.69,170.76,58285.76,2021-12-30 02:00:00
1640833200000,170.78,171.35,168.5,170.21,60417.75,2021-12-30 03:00:00
1640836800000,170.18,171.53,170.0,170.58,32970.55,2021-12-30 04:00:00
1640840400000,170.58,171.27,169.78,171.21,28841.61,2021-12-30 05:00:00
1640844000000,171.18,172.79,170.23,172.62,34416.39,2021-12-30 06:00:00
1640847600000,172.63,174.85,172.36,173.7,67979.92,2021-12-30 07:00:00
1640851200000,173.71,174.63,172.42,172.52,32863.66,2021-12-30 08:00:00
1640854800000,172.48,173.61,172.04,172.26,28537.67,2021-12-30 09:00:00
1640858400000,172.27,173.3,171.84,173.03,28858.46,2021-12-30 10:00:00
1640862000000,173.03,175.24,172.25,174.7,54255.51,2021-12-30 11:00:00
1640865600000,174.7,175.74,174.2,175.01,44578.07,2021-12-30 12:00:00
1640869200000,175.0,175.5,174.27,174.36,39103.24,2021-12-30 13:00:00
1640872800000,174.39,174.56,173.18,174.33,46267.27,2021-12-30 14:00:00
1640876400000,174.31,175.27,173.67,173.86,45405.7,2021-12-30 15:00:00
1640880000000,173.86,175.6,173.54,175.2,32932.5,2021-12-30 16:00:00
1640883600000,175.21,175.63,174.27,174.67,27769.93,2021-12-30 17:00:00
1640887200000,174.67,175.01,173.66,174.84,23753.35,2021-12-30 18:00:00
1640890800000,174.87,175.36,174.17,174.33,23710.14,2021-12-30 19:00:00
1640894400000,174.32,174.96,172.36,173.19,36100.75,2021-12-30 20:00:00
1640898000000,173.25,173.52,171.84,173.2,30351.91,2021-12-30 21:00:00
1640901600000,173.17,173.43,171.0,171.68,33088.41,2021-12-30 22:00:00
1640905200000,171.69,172.65,171.22,172.52,24400.24,2021-12-30 23:00:00
1640908800000,172.53,173.78,171.88,172.65,35454.07,2021-12-31 00:00:00
1640912400000,172.65,173.28,171.09,173.03,32413.48,2021-12-31 01:00:00
1640916000000,173.04,173.06,170.84,171.29,38899.12,2021-12-31 02:00:00
1640919600000,171.27,172.38,170.81,171.59,28273.67,2021-12-31 03:00:00
1640923200000,171.59,172.09,170.9,170.99,29611.77,2021-12-31 04:00:00
1640926800000,171.01,171.6,170.36,170.86,37095.61,2021-12-31 05:00:00
1640930400000,170.85,172.19,170.18,171.67,37453.43,2021-12-31 06:00:00
1640934000000,171.66,172.76,170.0,172.56,50415.39,2021-12-31 07:00:00
1640937600000,172.55,177.65,172.32,176.93,115534.59,2021-12-31 08:00:00
1640941200000,176.97,177.6,175.11,175.57,57282.62,2021-12-31 09:00:00
1640944800000,175.61,176.53,174.7,175.16,29092.61,2021-12-31 10:00:00
1640948400000,175.14,175.95,174.81,175.12,29521.37,2021-12-31 11:00:00
1640952000000,175.11,175.9,174.78,175.36,28914.77,2021-12-31 12:00:00
1640955600000,175.35,175.8,174.81,175.56,22392.74,2021-12-31 13:00:00
1640959200000,175.56,176.2,175.23,175.24,29499.23,2021-12-31 14:00:00
1640962800000,175.24,175.93,175.03,175.68,29398.69,2021-12-31 15:00:00
1640966400000,175.71,176.1,173.3,173.62,51028.27,2021-12-31 16:00:00
1640970000000,173.58,174.07,171.22,172.66,58766.61,2021-12-31 17:00:00
1640973600000,172.65,172.74,170.91,171.49,36871.0,2021-12-31 18:00:00
1640977200000,171.48,171.59,167.67,167.96,86332.87,2021-12-31 19:00:00
1640980800000,167.96,170.53,167.68,168.3,45103.06,2021-12-31 20:00:00
1640984400000,168.32,171.06,168.29,170.77,47531.69,2021-12-31 21:00:00
1640988000000,170.78,171.97,169.75,170.22,24917.74,2021-12-31 22:00:00
1640991600000,170.2,171.38,169.76,169.99,44798.94,2021-12-31 23:00:00
1640995200000,170.01,172.57,169.93,172.38,36882.31,2022-01-01 00:00:00
1640998800000,172.37,174.3,171.77,172.73,50745.26,2022-01-01 01:00:00
1641002400000,172.73,173.22,172.55,172.75,17010.26,2022-01-01 02:00:00
1641006000000,172.76,173.14,172.5,172.94,18985.22,2022-01-01 03:00:00
1641009600000,172.97,173.1,171.49,171.49,21894.12,2022-01-01 04:00:00
1641013200000,171.49,174.36,171.24,173.26,28860.49,2022-01-01 05:00:00
1641016800000,173.25,173.81,172.29,172.45,30704.67,2022-01-01 06:00:00
1641020400000,172.44,173.41,172.09,173.11,15410.34,2022-01-01 07:00:00
1641024000000,173.11,173.3,172.7,172.86,16942.14,2022-01-01 08:00:00
1641027600000,172.86,173.3,172.17,172.73,13888.08,2022-01-01 09:00:00
1641031200000,172.72,173.4,170.8,171.93,27249.16,2022-01-01 10:00:00
1641034800000,171.92,172.67,171.53,171.53,11652.21,2022-01-01 11:00:00
1641038400000,171.56,172.93,171.45,172.72,15769.02,2022-01-01 12:00:00
1641042000000,172.73,173.13,172.41,172.67,15822.6,2022-01-01 13:00:00
1641045600000,172.67,172.98,172.03,172.53,15337.38,2022-01-01 14:00:00
1641049200000,172.53,174.24,172.32,173.84,30691.88,2022-01-01 15:00:00
1641052800000,173.84,174.9,173.57,173.64,33360.19,2022-01-01 16:00:00
1641056400000,173.64,175.49,173.58,175.0,29962.67,2022-01-01 17:00:00
1641060000000,175.04,175.59,174.64,175.46,21793.02,2022-01-01 18:00:00
1641063600000,175.49,177.34,175.49,177.3,41789.04,2022-01-01 19:00:00
1641067200000,177.3,179.2,176.66,177.67,46901.28,2022-01-01 20:00:00
1641070800000,177.7,178.88,176.09,176.39,37770.91,2022-01-01 21:00:00
1641074400000,176.4,177.57,176.26,177.26,26302.38,2022-01-01 22:00:00
1641078000000,177.27,179.14,177.01,179.06,28874.76,2022-01-01 23:00:00
1641081600000,179.06,179.53,177.71,178.56,50759.02,2022-01-02 00:00:00
1641085200000,178.53,179.04,177.73,177.9,22325.62,2022-01-02 01:00:00
1641088800000,177.86,178.76,177.74,178.35,17240.29,2022-01-02 02:00:00
1641092400000,178.32,178.7,176.9,177.65,58400.01,2022-01-02 03:00:00
1641096000000,177.66,178.05,175.08,175.9,36480.29,2022-01-02 04:00:00
1641099600000,175.87,176.69,175.62,176.64,19067.05,2022-01-02 05:00:00
1641103200000,176.64,176.84,175.75,175.8,13375.19,2022-01-02 06:00:00
1641106800000,175.79,176.51,175.58,175.86,13603.27,2022-01-02 07:00:00
1641110400000,175.83,176.01,174.51,175.07,32549.71,2022-01-02 08:00:00
1641114000000,175.06,176.2,174.66,175.71,22351.51,2022-01-02 09:00:00
1641117600000,175.72,176.05,175.22,175.33,15311.4,2022-01-02 10:00:00
1641121200000,175.31,176.29,175.25,175.66,12360.48,2022-01-02 11:00:00
1641124800000,175.66,176.87,174.94,175.95,25154.67,2022-01-02 12:00:00
1641128400000,175.96,176.19,175.47,175.96,15899.72,2022-01-02 13:00:00
1641132000000,175.95,176.27,175.25,175.4,20979.66,2022-01-02 14:00:00
1641135600000,175.39,176.34,175.07,176.23,24798.51,2022-01-02 15:00:00
1641139200000,176.24,178.09,176.18,177.95,38352.55,2022-01-02 16:00:00
1641142800000,177.95,178.69,177.21,177.75,35028.32,2022-01-02 17:00:00
1641146400000,177.75,177.75,174.31,175.77,51228.52,2022-01-02 18:00:00
1641150000000,175.77,176.38,175.06,175.32,25685.26,2022-01-02 19:00:00
1641153600000,175.31,175.82,174.7,175.71,19991.53,2022-01-02 20:00:00
1641157200000,175.71,176.1,175.19,175.7,16998.0,2022-01-02 21:00:00
1641160800000,175.7,176.92,175.66,176.83,12521.97,2022-01-02 22:00:00
1641164400000,176.84,177.1,175.79,176.35,19624.83,2022-01-02 23:00:00
1641168000000,176.34,176.49,175.05,175.27,20332.03,2022-01-03 00:00:00
1641171600000,175.25,175.35,174.06,174.74,25884.99,2022-01-03 01:00:00
1641175200000,174.73,174.73,173.18,173.46,34375.82,2022-01-03 02:00:00
1641178800000,173.44,173.68,172.13,172.8,32624.64,2022-01-03 03:00:00
1641182400000,172.78,173.25,172.01,172.12,25205.41,2022-01-03 04:00:00
1641186000000,172.12,173.86,172.0,173.5,33021.11,2022-01-03 05:00:00
1641189600000,173.5,173.58,172.78,173.18,17435.22,2022-01-03 06:00:00
1641193200000,173.16,173.22,172.5,173.11,22947.05,2022-01-03 07:00:00
1641196800000,173.11,173.48,172.64,173.03,22470.27,2022-01-03 08:00:00
1641200400000,173.03,173.43,172.35,173.23,19509.99,2022-01-03 09:00:00
1641204000000,173.25,174.56,173.24,174.09,26328.81,2022-01-03 10:00:00
1641207600000,174.08,175.02,174.04,174.74,30264.67,2022-01-03 11:00:00
1641211200000,174.76,175.07,173.88,173.99,30605.22,2022-01-03 12:00:00
1641214800000,173.99,175.44,173.94,174.73,52148.92,2022-01-03 13:00:00
1641218400000,174.73,175.8,173.76,173.95,65384.22,2022-01-03 14:00:00
1641222000000,173.95,174.57,170.85,170.95,89766.66,2022-01-03 15:00:00
1641225600000,170.94,171.39,168.75,170.19,129860.04,2022-01-03 16:00:00
1641229200000,170.18,171.7,169.88,170.62,53214.07,2022-01-03 17:00:00
1641232800000,170.62,171.35,170.44,170.63,40814.11,2022-01-03 18:00:00
1641236400000,170.64,170.84,169.94,169.94,42902.48,2022-01-03 19:00:00
1641240000000,169.93,170.08,166.59,168.5,108079.65,2022-01-03 20:00:00
1641243600000,168.5,170.0,168.0,169.0,45422.37,2022-01-03 21:00:00
1641247200000,169.0,170.63,168.55,170.09,29156.85,2022-01-03 22:00:00
1641250800000,170.08,171.15,169.51,170.15,33561.83,2022-01-03 23:00:00
1641254400000,170.14,170.41,168.06,168.43,46550.04,2022-01-04 00:00:00
1641258000000,168.44,169.64,167.77,167.84,38879.01,2022-01-04 01:00:00
1641261600000,167.86,168.36,166.94,167.65,40822.28,2022-01-04 02:00:00
1641265200000,167.65,168.09,167.0,167.84,40490.01,2022-01-04 03:00:00
1641268800000,167.82,168.33,166.47,166.76,42889.17,2022-01-04 04:00:00
1641272400000,166.76,168.18,166.56,167.53,32584.33,2022-01-04 05:00:00
1641276000000,167.53,168.21,167.06,167.98,22902.93,2022-01-04 06:00:00
1641279600000,167.95,169.21,167.05,169.04,69455.65,2022-01-04 07:00:00
1641283200000,169.03,169.63,168.32,168.65,38131.75,2022-01-04 08:00:00
1641286800000,168.65,169.0,167.07,167.82,36294.39,2022-01-04 09:00:00
1641290400000,167.82,170.31,167.13,169.87,60918.31,2022-01-04 10:00:00
1641294000000,169.87,172.28,169.87,171.63,54266.61,2022-01-04 11:00:00
1641297600000,171.63,171.98,170.53,171.7,46670.29,2022-01-04 12:00:00
1641301200000,171.69,172.18,170.69,171.51,54922.52,2022-01-04 13:00:00
1641304800000,171.51,173.39,171.22,173.03,59359.97,2022-01-04 14:00:00
1641308400000,173.02,173.93,171.54,172.21,63471.66,2022-01-04 15:00:00
1641312000000,172.2,172.46,170.96,171.48,44278.04,2022-01-04 16:00:00
1641315600000,171.51,171.78,170.0,170.09,35994.71,2022-01-04 17:00:00
1641319200000,170.16,170.96,167.0,167.55,72974.0,2022-01-04 18:00:00
1641322800000,167.54,169.66,167.12,168.6,46559.64,2022-01-04 19:00:00
1641326400000,168.6,169.52,168.09,168.69,27224.68,2022-01-04 20:00:00
1641330000000,168.69,169.32,168.2,169.09,21527.7,2022-01-04 21:00:00
1641333600000,169.08,169.17,168.12,168.92,15396.51,2022-01-04 22:00:00
1641337200000,168.88,168.96,167.53,167.72,28768.43,2022-01-04 23:00:00
1641340800000,167.74,168.93,167.17,168.91,31303.26,2022-01-05 00:00:00
1641344400000,168.91,168.93,167.22,167.27,29192.5,2022-01-05 01:00:00
1641348000000,167.28,168.62,167.27,168.44,28744.86,2022-01-05 02:00:00
1641351600000,168.39,169.34,168.39,169.15,25200.27,2022-01-05 03:00:00
1641355200000,169.16,169.37,168.29,168.66,29508.79,2022-01-05 04:00:00
1641358800000,168.65,169.13,168.09,169.0,15638.49,2022-01-05 05:00:00
1641362400000,169.01,170.17,168.58,170.09,18728.67,2022-01-05 06:00:00
1641366000000,170.09,170.5,169.46,169.86,23131.32,2022-01-05 07:00:00
1641369600000,169.89,170.2,169.03,169.76,27057.93,2022-01-05 08:00:00
1641373200000,169.78,170.91,169.6,170.85,35353.59,2022-01-05 09:00:00
1641376800000,170.87,171.32,169.72,170.66,28810.94,2022-01-05 10:00:00
1641380400000,170.69,170.8,168.0,168.51,41001.72,2022-01-05 11:00:00
1641384000000,168.51,169.03,167.53,168.7,35089.48,2022-01-05 12:00:00
1641387600000,168.71,169.26,168.01,168.57,46746.85,2022-01-05 13:00:00
1641391200000,168.55,168.95,167.51,168.23,44887.55,2022-01-05 14:00:00
1641394800000,168.28,169.24,167.91,168.27,36090.72,2022-01-05 15:00:00
1641398400000,168.26,168.69,167.5,167.7,50346.9,2022-01-05 16:00:00
1641402000000,167.71,168.13,163.01,163.56,93673.8,2022-01-05 17:00:00
1641405600000,163.56,165.46,162.58,163.89,101715.93,2022-01-05 18:00:00
1641409200000,163.83,164.43,157.53,158.65,207513.41,2022-01-05 19:00:00
1641412800000,158.69,159.8,155.13,156.3,188952.05,2022-01-05 20:00:00
1641416400000,156.26,158.3,153.38,153.4,122797.22,2022-01-05 21:00:00
1641420000000,153.4,154.35,144.92,151.58,293409.99,2022-01-05 22:00:00
1641423600000,151.56,156.15,151.01,154.52,104951.93,2022-01-05 23:00:00
1641427200000,154.48,154.8,152.69,154.36,72931.4,2022-01-06 00:00:00
1641430800000,154.29,154.44,151.65,152.49,58555.61,2022-01-06 01:00:00
1641434400000,152.49,152.72,150.46,150.86,56452.12,2022-01-06 02:00:00
1641438000000,150.87,151.42,148.06,148.12,73587.4,2022-01-06 03:00:00
1641441600000,148.14,150.65,147.06,149.48,119261.57,2022-01-06 04:00:00
1641445200000,149.48,150.98,148.49,149.34,87130.32,2022-01-06 05:00:00
1641448800000,149.35,150.2,148.57,149.43,46228.03,2022-01-06 06:00:00
1641452400000,149.43,150.83,148.81,150.73,46896.11,2022-01-06 07:00:00
1641456000000,150.73,151.0,148.69,149.69,59517.45,2022-01-06 08:00:00
1641459600000,149.7,149.79,146.7,147.05,101741.86,2022-01-06 09:00:00
1641463200000,147.07,148.81,145.98,148.39,71363.96,2022-01-06 10:00:00
1641466800000,148.39,148.79,146.67,147.56,54858.49,2022-01-06 11:00:00
1641470400000,147.54,149.07,146.32,149.05,81484.76,2022-01-06 12:00:00
1641474000000,149.07,149.89,148.22,149.54,76391.18,2022-01-06 13:00:00
1641477600000,149.54,151.06,148.03,148.54,119024.73,2022-01-06 14:00:00
1641481200000,148.54,150.05,147.3,149.66,85456.42,2022-01-06 15:00:00
1641484800000,149.67,150.58,148.83,150.42,47841.64,2022-01-06 16:00:00
1641488400000,150.42,152.74,150.24,152.2,51163.66,2022-01-06 17:00:00
1641492000000,152.23,154.44,151.95,154.28,58537.28,2022-01-06 18:00:00
1641495600000,154.33,154.37,153.35,153.84,49114.8,2022-01-06 19:00:00
1641499200000,153.87,153.95,151.1,151.68,51252.72,2022-01-06 20:00:00
1641502800000,151.74,152.17,151.03,151.09,42602.04,2022-01-06 21:00:00
1641506400000,151.09,152.15,150.49,151.98,31271.39,2022-01-06 22:00:00
1641510000000,151.99,152.09,150.0,150.26,32406.36,2022-01-06 23:00:00
1641513600000,150.28,150.72,145.62,145.99,147160.55,2022-01-07 00:00:00
1641517200000,145.98,147.83,145.96,147.26,47692.37,2022-01-07 01:00:00
1641520800000,147.25,147.56,144.52,144.92,78424.62,2022-01-07 02:00:00
1641524400000,144.93,145.18,138.0,139.63,345950.37,2022-01-07 03:00:00
1641528000000,139.63,140.85,135.52,140.21,288127.86,2022-01-07 04:00:00
1641531600000,140.25,141.21,138.86,140.05,106080.66,2022-01-07 05:00:00
1641535200000,140.06,140.18,136.27,137.15,103872.58,2022-01-07 06:00:00
1641538800000,137.18,139.34,134.6,138.99,169874.65,2022-01-07 07:00:00
1641542400000,139.0,144.0,138.25,139.59,173271.51,2022-01-07 08:00:00
1641546000000,139.54,142.22,139.36,141.08,77954.06,2022-01-07 09:00:00
1641549600000,141.09,141.56,139.11,139.11,98115.05,2022-01-07 10:00:00
1641553200000,139.11,140.32,138.43,139.21,51798.43,2022-01-07 11:00:00
1641556800000,139.2,141.93,139.19,140.9,68419.85,2022-01-07 12:00:00
1641560400000,140.9,142.83,135.87,137.99,169470.69,2022-01-07 13:00:00
1641564000000,138.07,140.6,137.26,139.93,84059.03,2022-01-07 14:00:00
1641567600000,139.92,140.01,133.08,135.97,195693.31,2022-01-07 15:00:00
1641571200000,135.97,140.11,134.44,139.44,175545.06,2022-01-07 16:00:00
1641574800000,139.44,140.28,138.0,140.19,67391.6,2022-01-07 17:00:00
1641578400000,140.19,140.43,138.37,139.45,46372.36,2022-01-07 18:00:00
1641582000000,139.52,140.48,138.34,140.21,57481.14,2022-01-07 19:00:00
1641585600000,140.21,140.96,138.65,139.72,52313.56,2022-01-07 20:00:00
1641589200000,139.73,140.48,139.34,139.61,25589.82,2022-01-07 21:00:00
1641592800000,139.65,139.66,136.08,136.77,45083.03,2022-01-07 22:00:00
1641596400000,136.8,137.45,135.94,136.45,43655.14,2022-01-07 23:00:00
1641600000000,136.43,140.08,135.8,140.03,76446.39,2022-01-08 00:00:00
1641603600000,140.03,141.52,139.64,139.84,54950.59,2022-01-08 01:00:00
1641607200000,139.85,140.13,138.33,139.84,37732.14,2022-01-08 02:00:00
1641610800000,139.84,139.85,138.21,139.36,62250.4,2022-01-08 03:00:00
1641614400000,139.4,141.89,139.32,141.16,64681.53,2022-01-08 04:00:00
1641618000000,141.16,142.0,140.7,141.89,60011.64,2022-01-08 05:00:00
1641621600000,141.88,143.86,140.43,143.68,105978.96,2022-01-08 06:00:00
1641625200000,143.69,144.66,142.49,144.4,79739.1,2022-01-08 07:00:00
1641628800000,144.4,146.44,144.25,145.73,132309.6,2022-01-08 08:00:00
1641632400000,145.74,147.0,145.7,146.9,88305.62,2022-01-08 09:00:00
1641636000000,146.92,148.11,145.88,146.62,107161.1,2022-01-08 10:00:00
1641639600000,146.64,146.74,144.84,146.43,103972.9,2022-01-08 11:00:00
1641643200000,146.44,146.82,144.13,145.21,73841.63,2022-01-08 12:00:00
1641646800000,145.21,145.99,144.39,145.53,54126.65,2022-01-08 13:00:00
1641650400000,145.54,145.76,143.24,143.53,62664.95,2022-01-08 14:00:00
1641654000000,143.54,144.64,142.25,144.25,111104.17,2022-01-08 15:00:00
1641657600000,144.21,146.16,139.85,140.71,161501.82,2022-01-08 16:00:00
1641661200000,140.73,141.24,135.01,135.44,178406.89,2022-01-08 17:00:00
1641664800000,135.43,138.78,133.0,133.64,285108.8,2022-01-08 18:00:00
1641668400000,133.64,136.5,133.08,135.38,185983.24,2022-01-08 19:00:00
1641672000000,135.36,139.52,134.58,137.64,161901.22,2022-01-08 20:00:00
1641675600000,137.64,146.0,137.2,144.44,222759.6,2022-01-08 21:00:00
1641679200000,144.4,146.94,143.57,144.26,142463.93,2022-01-08 22:00:00
1641682800000,144.29,144.5,141.53,142.14,82012.64,2022-01-08 23:00:00
1641686400000,142.1,145.36,140.75,144.64,123095.07,2022-01-09 00:00:00
1641690000000,144.63,145.31,141.73,142.62,102846.42,2022-01-09 01:00:00
1641693600000,142.61,144.47,141.83,143.88,88999.18,2022-01-09 02:00:00
1641697200000,143.89,143.98,141.46,141.93,55793.48,2022-01-09 03:00:00
1641700800000,141.92,143.66,141.76,143.5,50261.17,2022-01-09 04:00:00
1641704400000,143.5,143.72,140.7,141.15,47814.77,2022-01-09 05:00:00
1641708000000,141.14,142.18,140.48,141.6,43618.14,2022-01-09 06:00:00
1641711600000,141.61,142.05,140.07,140.37,32279.86,2022-01-09 07:00:00
1641715200000,140.38,141.34,139.0,139.31,52592.89,2022-01-09 08:00:00
1641718800000,139.29,140.0,138.38,138.79,70292.26,2022-01-09 09:00:00
1641722400000,138.74,139.99,137.83,139.67,49744.62,2022-01-09 10:00:00
1641726000000,139.66,141.11,139.63,140.56,50373.96,2022-01-09 11:00:00
1641729600000,140.59,140.9,138.99,139.96,35864.78,2022-01-09 12:00:00
1641733200000,139.96,140.72,138.45,138.46,40512.52,2022-01-09 13:00:00
1641736800000,138.45,140.52,138.41,139.8,33306.81,2022-01-09 14:00:00
1641740400000,139.79,140.27,137.97,140.11,54582.92,2022-01-09 15:00:00
1641744000000,140.11,143.44,139.7,143.43,67943.06,2022-01-09 16:00:00
1641747600000,143.44,144.83,142.37,144.61,84795.5,2022-01-09 17:00:00
1641751200000,144.63,145.0,142.99,143.36,75940.92,2022-01-09 18:00:00
1641754800000,143.36,145.71,142.99,145.26,95647.04,2022-01-09 19:00:00
1641758400000,145.3,145.67,143.63,143.64,49149.49,2022-01-09 20:00:00
1641762000000,143.64,143.94,142.1,142.27,38806.84,2022-01-09 21:00:00
1641765600000,142.23,142.62,140.79,141.43,28792.51,2022-01-09 22:00:00
1641769200000,141.46,141.77,140.0,140.82,62098.94,2022-01-09 23:00:00
1641772800000,140.82,142.55,140.15,140.51,65078.81,2022-01-10 00:00:00
1641776400000,140.52,141.43,140.0,140.32,36642.68,2022-01-10 01:00:00
1641780000000,140.31,141.37,138.88,141.0,47764.64,2022-01-10 02:00:00
1641783600000,140.99,140.99,139.81,140.62,21156.88,2022-01-10 03:00:00
1641787200000,140.62,143.59,140.3,143.16,54736.54,2022-01-10 04:00:00
1641790800000,143.17,143.33,142.29,142.97,30307.89,2022-01-10 05:00:00
1641794400000,143.0,143.28,142.26,142.3,31947.82,2022-01-10 06:00:00
1641798000000,142.3,143.86,142.26,143.05,41604.46,2022-01-10 07:00:00
1641801600000,143.05,143.48,141.13,141.54,43703.78,2022-01-10 08:00:00
1641805200000,141.51,142.14,141.12,141.31,23083.14,2022-01-10 09:00:00
1641808800000,141.31,142.17,140.72,140.88,29778.57,2022-01-10 10:00:00
1641812400000,140.88,140.96,138.96,139.44,59310.35,2022-01-10 11:00:00
1641816000000,139.45,139.76,135.4,135.52,113240.91,2022-01-10 12:00:00
1641819600000,135.52,136.73,135.0,135.44,99356.56,2022-01-10 13:00:00
1641823200000,135.43,135.63,130.0,133.3,422656.82,2022-01-10 14:00:00
1641826800000,133.3,135.58,130.72,133.16,165316.33,2022-01-10 15:00:00
1641830400000,133.17,138.55,132.62,136.75,156475.35,2022-01-10 16:00:00
1641834000000,136.76,137.53,130.96,132.92,162594.36,2022-01-10 17:00:00
1641837600000,132.92,134.8,132.65,133.7,62269.28,2022-01-10 18:00:00
1641841200000,133.72,134.63,132.27,132.64,40888.67,2022-01-10 19:00:00
1641844800000,132.65,135.73,131.87,135.25,91104.54,2022-01-10 20:00:00
1641848400000,135.32,135.72,134.53,135.17,43987.2,2022-01-10 21:00:00
1641852000000,135.17,135.97,134.46,134.92,24786.43,2022-01-10 22:00:00
1641855600000,134.91,136.1,134.4,135.86,26720.5,2022-01-10 23:00:00
1641859200000,135.84,136.14,135.04,135.07,35374.25,2022-01-11 00:00:00
1641862800000,135.09,135.7,133.58,135.63,72559.92,2022-01-11 01:00:00
1641866400000,135.63,137.5,135.43,136.93,40091.11,2022-01-11 02:00:00
1641870000000,136.93,137.5,136.14,137.28,38689.6,2022-01-11 03:00:00
1641873600000,137.28,137.89,136.06,136.58,39364.78,2022-01-11 04:00:00
1641877200000,136.59,136.6,135.03,135.65,35182.33,2022-01-11 05:00:00
1641880800000,135.65,136.76,135.49,136.76,26632.75,2022-01-11 06:00:00
1641884400000,136.77,137.35,136.24,137.25,30895.08,2022-01-11 07:00:00
1641888000000,137.26,138.52,136.08,136.45,57345.34,2022-01-11 08:00:00
1641891600000,136.45,136.96,135.34,136.1,32364.36,2022-01-11 09:00:00
1641895200000,136.09,136.69,134.27,134.65,38927.87,2022-01-11 10:00:00
1641898800000,134.65,136.19,134.45,135.4,26875.08,2022-01-11 11:00:00
